,target
1,11.992477116431091
2,11.82185030369066
3,14.180202281481813
4,13.56061443736025
5,12.885739371676241
6,17.302170976889855
7,16.66818956366892
10,13.653057508649294
11,12.419537509092887
12,12.945647678387193
13,11.845705178325042
14,11.9312475665809
15,12.86970604783498
16,12.753916558894245
19,11.372639885521103
20,10.893196018404446
21,11.338131504596841
22,10.938325472472279
23,10.31890299149746
24,7.835974581721566
25,7.078341579557671
28,16.64260747002288
29,16.226707874080393
30,16.519338390735765
31,16.89370565450274
32,15.944954267135934
33,15.141031567458
34,15.070038824546566
37,16.09158010032557
38,15.801221608973648
39,15.261878330188354
40,15.480316760700621
41,15.359209869453002
42,14.45650881503257
43,14.048331927756003
46,8.497602541651233
47,8.341886969516187
48,7.718685495198466
49,7.653494909661253
50,12.269793645088024
51,11.825770770960284
52,11.3547266022964
55,12.728781384582895
56,12.036315820844377
57,11.185282138565835
58,11.551617192081215
59,15.720875608683855
60,14.990714375062655
61,13.916158285862792
64,14.380578882339982
65,13.891116978312105
66,13.48109739998487
67,13.483330297621597
68,13.103043953346658
69,13.06160012097856
70,14.70114371216419
73,14.361016989706874
74,14.640273109250554
75,14.626166958918848
76,14.236533348613364
77,13.717206200079264
78,13.07770486618974
79,13.033691713810446
82,14.399009711277225
83,13.275410591494289
84,12.543829770614261
85,12.260863815212865
86,11.134340818267278
87,12.668056703805707
88,12.337911982435484
91,12.93187576898385
92,12.29846949479614
93,12.034067689138169
94,11.482156931298592
95,16.982395118604845
96,16.368108254455155
97,15.93402220049439
100,16.17100683585491
101,15.848858945271937
102,15.190459553121846
103,14.338023023776739
104,12.732424117135983
105,11.973617122068514
106,11.578179355170326
109,12.618096199935584
110,12.015396284353466
111,11.271210528070583
112,12.324077878721079
113,11.844162593724095
114,11.896063161194302
115,16.121836345827305
118,12.346964384227656
119,12.167633227086679
120,12.67510079915423
121,11.642153862978015
122,10.694736467429317
123,13.119501285524073
124,12.722539328561234
127,16.45145734055454
128,16.3635543568015
129,16.236987849044347
130,15.539989973709053
131,15.131120886246787
132,14.469363222647583
133,12.849543644523171
136,16.5869229636149
137,16.01558218970324
138,15.235657886246305
139,14.650365612432877
140,14.002827948108854
141,13.260114603992525
142,13.26051532878707
145,15.937152144217084
146,15.366415347372715
147,15.191219086342441
148,14.462935737724106
149,14.030029019904786
150,13.708754624719582
151,12.90197851739972
154,12.920714648267573
155,13.432152772242283
156,13.534270358688454
157,13.3117681224198
158,13.242947818790267
159,13.041055703331377
160,12.629577389870143
163,11.633291827628883
164,12.041828699634996
165,12.059027494866235
166,11.71638046248163
167,11.399879939569674
168,11.598837070766487
169,14.490736610098422
172,16.87829956990858
173,15.984566429760012
174,15.588302611010223
175,15.116268272326979
176,14.432216662182965
177,14.14393982213865
178,13.093797222325533
181,11.048569855589088
182,10.998493345610125
183,13.244513751229581
184,14.535546474454822
185,14.913526668953782
186,16.081355418866668
187,15.01228410974849
190,15.82570892897779
191,15.17303166072222
192,14.230260428949718
193,13.04605236495377
194,12.397481950038284
195,11.62169914913569
196,11.014077817963646
199,15.231040853675578
200,14.382956750957728
201,13.112458485518795
202,13.001873431369564
203,13.208575935423024
204,11.442578105149408
205,10.243275713968423
208,13.09282539494605
209,13.777398430103187
210,13.266268031236347
211,12.919147445574449
212,12.691838889454907
213,12.402510759881498
214,11.389638560778947
217,12.850932535458591
218,12.430567283715325
219,12.785244531776563
220,12.048301252156799
221,11.825031821332534
222,10.896572644989313
223,12.180216230984946
226,15.225074568522997
227,15.022989508569498
228,14.561207967638245
229,14.083172304425235
230,13.334779191763538
231,12.72328483172091
232,11.926623258004868
235,9.940301525658844
236,9.368796057668156
237,9.081028635495842
238,12.74232622121439
239,12.641128917815776
240,12.584851488375833
241,12.172267640917813
244,12.149862017693255
245,11.803735141365816
246,12.329325140829477
247,12.02997965090724
248,11.827546405777667
249,11.474797754272078
250,11.038737091885153
253,15.711216293270493
254,15.227935521661419
255,15.115235626179146
256,14.752635149937122
257,14.14181629036854
258,13.487318942174284
259,12.984116886152833
271,14.371657479189517
272,13.485330086611294
273,12.951480152751204
274,12.104122972994428
275,11.505578542307175
276,10.79400909251632
277,10.345091707260165
280,12.611614417366265
281,13.244788068336565
282,12.90504035390505
283,12.8230404793513
284,12.26936664256879
285,11.89938442850562
286,11.599488408095088
298,15.917482620500177
299,15.568137576810441
300,15.31602829332335
301,14.621571605663204
302,13.455379649052151
303,12.857879468076053
304,12.087351044559131
307,15.150495308774037
308,14.516131738472613
309,13.516194404614126
310,13.189253506343578
311,13.654094549437263
312,12.98108087957044
313,12.648290680721075
316,12.713076977451529
317,11.925213907759845
318,11.619607107555439
319,11.196953651344824
320,10.450191772337018
321,9.333177281935246
322,10.109769746774926
325,15.043032785102714
326,13.764461444288502
327,13.158116547110147
328,12.281713370988589
329,12.037298901281488
330,11.782280620729125
331,11.105303031508205
334,15.88646190976608
335,15.58874006970826
336,15.698112514431644
337,15.603219836230968
338,15.419661519068688
339,15.228236750064347
340,15.179279618675096
343,7.675546002537848
344,9.171391621837609
345,9.274253697719836
346,10.069764412161227
347,9.067047202149707
348,7.906547232368036
349,11.156650441052824
352,15.760785505321698
353,15.03117672763122
354,14.396504761800937
355,13.253260052206095
356,13.313025058473285
357,13.014700212683827
358,12.676373105717246
361,11.809401259066487
362,11.404003057746042
363,11.034066744876965
364,11.785719762427908
365,11.032952304687003
366,16.027567588581878
367,15.400846538321915
370,15.74900639591591
371,15.143711980476645
372,14.396128813323829
373,13.962074531376004
374,12.61416097664503
375,11.123683054437908
376,10.828599264916061
379,12.486382610652333
380,11.626423778746652
381,15.325372525139992
382,16.98677136790462
383,16.566526310526132
384,16.188357170703988
385,15.702850019078948
415,16.88860032183581
416,16.7233152531261
417,16.12872100145921
418,16.095541507711623
419,15.793265106111845
420,14.645224582002838
421,13.420259607290124
424,15.96223754764617
425,15.319098056982456
426,14.201102836312124
427,12.97562052507872
428,12.200582602786536
429,12.324597628098084
430,12.099989646722017
433,12.069622712392276
434,11.536339211379243
435,11.955018183455126
436,11.802246194090518
437,16.77308504525799
438,16.4253909210009
439,16.047403085810142
442,16.318422059887936
443,15.886329910170586
444,15.61851193284448
445,15.358972756994579
446,14.993715606940938
447,14.483768556615365
448,14.41533283675071
451,9.113939597689829
452,8.669227347271736
453,7.86403565907245
454,8.219056661060598
455,11.427476503137745
456,11.324364483386255
457,10.97243069954219
460,14.486591050174972
461,14.335931003853137
462,13.350924228616481
463,12.10956174514933
464,12.011334318721131
465,11.603953763317792
466,11.501864517610803
469,12.226120340833951
470,12.124537157547655
471,11.831197361376015
472,11.489298534339072
473,11.445502788652794
474,11.18017628914914
475,12.137419002213125
478,11.857514669693389
479,12.76191274308056
480,12.244211042421227
481,16.466531466301817
482,16.252716487423335
483,15.729981048504893
484,15.338332942322952
487,17.04623625494891
488,16.71358628614996
489,16.26358533238598
490,16.134674951659573
491,15.850052793758888
492,15.467662114620637
493,15.39697647651027
496,9.826012379256717
497,14.93645364795073
498,14.299808411267287
499,13.027892245500844
500,12.38159195272594
501,12.324477709908795
502,12.218978999079683
514,14.255800835526315
515,12.994582277255546
516,12.429452169000765
517,10.870357323778437
518,9.868689046993433
519,9.530900972993903
520,7.7354333524996886
523,15.446051232544997
524,15.206849672888898
525,14.868650123664867
526,14.31557225800015
527,13.442616216429968
528,12.44440821158288
529,11.176487227771029
532,15.788519481712187
533,15.391694433177884
534,11.966939438296304
535,11.258200943209816
536,11.333930369364412
537,11.160356366215561
538,11.071921258241396
541,16.700776078972048
542,16.471632947626084
543,16.206738837488935
544,15.928924086339187
545,15.710558898475998
546,15.571425900283364
547,15.213675929004301
550,11.172250408863095
551,10.703626417674236
552,9.76921302671366
553,11.654633338878886
554,11.67162862366544
555,10.825839875788878
556,16.064314211070876
559,11.356037709433084
560,15.629951838989351
561,16.81738010983851
562,16.3771170265012
563,16.06948706530251
564,15.599249784187359
565,15.260481762859001
577,13.689432463236187
578,12.617357452955943
579,11.712071362154486
580,10.829372116081604
581,10.619154254525943
582,9.46412951340478
583,9.165656764349542
586,13.021189640499326
587,12.651319206983345
588,11.990432125943363
589,11.62939207896816
590,11.139235148586208
591,10.867577481543556
592,10.193167627650581
595,14.40402529109372
596,13.95239183346068
597,13.825864767643449
598,13.616770553074593
599,13.333588181805009
600,12.197536314507888
601,11.644453602418283
613,13.318515515910445
614,12.909969342459947
615,13.690978549136553
616,14.58482818944847
617,14.525203597715407
618,15.234785288268174
619,15.040197926586593
622,13.302908357019179
623,12.977765259561714
624,12.497812723130284
625,12.170077524556508
626,11.723599595186041
627,11.483022803615915
628,11.311237585685308
640,12.329630088272602
641,10.983647302128675
642,10.438400727831178
643,9.93672888631593
644,11.36125337756004
645,10.968749861522683
646,10.698265803008391
649,17.117424844903372
650,16.50818211152517
651,16.20043553348878
652,16.01092004457508
653,15.53148017994081
654,15.214429640860788
655,14.812881612849086
667,13.715952066850924
668,12.95971032126492
669,12.701887164300514
670,12.8892098934608
671,12.332330777000672
672,12.059658627074638
673,11.988774476631482
676,15.313651926891856
677,15.120224133341424
678,14.423527318697733
679,13.782466569510602
680,14.107123643848556
681,15.422314203762703
682,14.578156282137469
685,13.871464524526504
686,13.586073493979805
687,12.95227469299733
688,12.3365920065384
689,11.979654990182167
690,11.472509637952784
691,11.039122627865256
694,16.71145492664941
695,16.00695054789942
696,15.58909247873996
697,14.54745432328623
698,13.96576164425042
699,13.234137283239319
700,12.368080944678459
703,16.02516292277489
704,15.440457973843282
705,14.449004332425078
706,13.187457993892215
707,12.306686915562768
708,11.500620063113073
709,11.521924848767028
712,13.432532705604489
713,13.161547551428527
714,14.079811407578143
715,13.79489654158098
716,13.620602117664822
717,13.69788850934878
718,13.495101416276011
730,17.129738525392714
731,16.809098834798977
732,16.554789493056376
733,16.25616215689303
734,15.686718096565087
735,15.184249978845777
736,14.798023767325304
739,11.295913079586258
740,10.85917205951056
741,14.773063379502608
742,14.106983934332057
743,13.43519405602658
744,12.41239551911404
745,11.310784800744297
748,16.82104562673611
749,16.59057670884189
750,16.285275989189632
751,15.964397701966323
752,15.928754433897906
753,15.42910282908809
754,15.08041720688059
757,11.703702837045164
758,11.108170104931304
759,10.504766124286546
760,10.290618953955788
761,9.646851848489673
762,8.950273466557375
763,8.953510763007166
766,15.326781794691486
767,14.573804824448672
768,14.160157858930253
769,13.496070840921336
770,12.598685516324519
771,12.47739283951465
772,12.10764912430408
775,11.443821873068284
776,13.186711880489613
777,13.926132010593015
778,13.854167650774984
779,13.644174044049072
780,13.53243651886685
781,13.104832607484765
793,12.496201721625006
794,11.982385196330322
795,11.867195519479093
796,11.145810498870537
797,11.050223116385967
798,11.651591154505844
799,12.42052251607565
802,12.474713325872736
803,11.978349875579791
804,12.495048880192668
805,12.068395528395804
806,11.532188731151075
807,16.488914171299637
808,16.14437023109013
811,16.358199126246866
812,15.945685850016101
813,15.232204144770002
814,14.45229847586612
815,13.77721349811192
816,13.943494718104981
817,13.25390904979075
820,15.826541290868644
821,15.045707679271036
822,14.223864157029569
823,13.199531804441921
824,11.989681247038497
825,11.52809975094114
826,10.641369064436244
829,13.955204671952183
830,11.741701126136068
831,10.436994010525176
832,8.06777619577889
833,10.960200878072532
834,10.177856395925783
835,12.868214077526464
847,15.968866838843832
848,15.297915914513682
849,14.768040640065703
850,14.117265639459758
851,13.362961703926576
852,12.895249454586224
853,12.365061601997681
856,15.463651549602316
857,15.16021909125084
858,14.95443911329386
859,14.86189156861605
860,14.68097946323984
861,14.403051637157136
862,14.385009913562442
865,11.613955618127578
866,14.385094781256587
867,16.274951611069994
868,15.975748945960527
869,13.958381575196881
870,15.805409977564302
871,15.571330192732397
874,15.619786369949887
875,15.205001055992668
876,14.642939474570694
877,14.44556617004556
878,14.254258915527581
879,13.646807842328311
880,12.659104948062813
883,14.927931401525413
884,13.957818820929182
885,12.674650258497831
886,12.493737217828828
887,12.214650748180013
888,11.883585164771485
889,11.61348547662441
892,14.84254735734291
893,14.82217019069795
894,14.69520286348384
895,14.474465282470996
896,14.025280276925784
897,13.9641322668769
898,13.78720367174874
901,12.407359060489075
902,12.022402179366907
903,14.289306985448706
904,13.20200969883491
905,16.795407969221348
906,16.253460374504236
907,15.793161177621748
910,13.158903578115039
911,12.15073433899541
912,11.430565073541462
913,10.990060997592481
914,10.609353505503847
915,9.914526399651344
916,10.008387962361498
919,15.643503912417875
920,14.91452776464202
921,14.370992097373485
922,13.91187018690417
923,13.062560293033576
924,12.146216478376807
925,11.378364971574534
928,16.28551970563568
929,15.900449710052865
930,15.687952376405438
931,15.525527834545281
932,15.057551680922687
933,14.302488062455014
934,14.209325397810735
937,15.39230254388848
938,14.758505536272606
939,13.716516400640064
940,13.21181095112208
941,12.554166375946728
942,11.503692976406622
943,10.947150749719222
946,14.798907636288845
947,14.836425774692028
948,15.456057526685603
949,15.080201814998507
950,14.619784447688803
951,14.321448858197236
952,14.037890617893098
955,11.138842738090732
956,9.37610901542907
957,8.819813136232225
958,14.867649496575302
959,14.214094041918854
960,13.552206251796
961,12.73506131792341
964,14.52976588580723
965,14.583456721874702
966,14.118302646969546
967,15.06983088457629
968,14.841632795707193
969,14.454465509440793
970,14.205123346028369
973,15.095830048082068
974,14.086999222046279
975,13.748764802676648
976,13.002802512345362
977,12.53109385438711
978,11.652356917957176
979,10.990330857604238
982,12.27903031348048
983,11.855883764392377
984,11.190858965656616
985,13.453110686426479
986,13.03307085512548
987,12.890764177642458
988,10.167312288457342
991,12.22362273777306
992,11.947806970358826
993,12.008438446354502
994,12.009437131096735
995,12.244153285970537
996,12.310306526773722
997,12.152508353325427
1000,10.280896062861768
1001,12.855241814917731
1002,11.841567122476253
1003,10.960565787674572
1004,10.282197923335472
1005,11.661879810062088
1006,15.086590456816948
1009,15.603629073624647
1010,14.20880928826667
1011,13.27187588896832
1012,13.313707442017476
1013,13.013719700287584
1014,12.681306324192962
1015,12.499469606852058
1018,15.163737460676918
1019,14.587705951852142
1020,13.343227532868516
1021,11.784150357869915
1022,11.042761822923127
1023,11.577917008477668
1024,11.512225219855836
1027,12.116153408446742
1028,11.332410275711641
1029,11.407120406073252
1030,12.294962257531576
1031,11.776535107478617
1032,11.338560172992684
1033,10.78128690522831
1036,15.09301157355792
1037,14.78223353362829
1038,14.49552183913108
1039,14.39895949518061
1040,14.172110999127744
1041,13.936809184460834
1042,12.555246022943559
1045,16.190925764140786
1046,15.804481564842536
1047,15.468831949787774
1048,14.500398726584523
1049,13.970245923972106
1050,12.86177753061425
1051,11.20048611117043
1054,17.04424934353235
1055,16.661472120607492
1056,16.166747805604874
1057,16.085697244855144
1058,15.427523352542263
1059,15.098232526004074
1060,14.795477439240361
1063,12.723815291445232
1064,11.461158374148345
1065,10.913742103732497
1066,11.886204790008875
1067,13.949522959885273
1068,13.360791127982155
1069,14.21805607487748
1072,16.423007190024883
1073,16.077646191205037
1074,16.491631812250056
1075,17.283949148959728
1076,16.739300006049586
1077,16.15635417058261
1078,16.329767412187028
1081,10.804360031681902
1082,10.505341474649683
1083,9.985574323534237
1084,9.921818509220852
1085,9.165238398063762
1086,9.111403624116159
1087,11.450028262798115
1090,14.756733483483066
1091,14.017298901352508
1092,12.84220757803802
1093,11.853567567034384
1094,11.159900992801498
1095,11.999343635484058
1096,11.590006869232795
1099,15.637585339324598
1100,14.585183499754608
1101,13.268758920889203
1102,11.507581209844453
1103,11.242795122431682
1104,11.06490248157219
1105,11.828188657182775
1108,15.102214115468595
1109,12.454891740833517
1110,11.252612095978138
1111,10.466953063626297
1112,10.720664881512924
1113,9.305104948420606
1114,9.19634286233233
1126,17.6128723522671
1127,17.061947696275293
1128,16.315477808739228
1129,15.727578907253307
1130,15.383723686436008
1131,14.892393464335356
1132,14.476540972481022
1135,15.274300681611795
1136,15.146064910596273
1137,15.933211774224645
1138,15.84710732595224
1139,15.489712278656896
1140,15.253032348802686
1141,15.087037799726767
1144,6.703188113240863
1145,6.678342114654332
1146,6.68586094706836
1147,6.917705609835305
1148,6.902742737158593
1149,6.84587987526405
1150,6.829793737512425
1153,15.700444291188036
1154,9.427948631791715
1155,15.11896799873187
1156,14.114099928972108
1157,13.0014266240038
1158,12.362837049459822
1159,11.942360973716973
1162,15.638886258400197
1163,14.835719045217996
1164,13.60166861227503
1165,13.097757111086011
1166,12.527452998999555
1167,11.841012645057
1168,11.70276866316303
1171,16.443698673968598
1172,15.535909175680949
1173,15.044890548780122
1174,14.449538639090013
1175,13.442119532727393
1176,12.642409609305407
1177,11.601842524991945
1180,16.23836182329962
1181,16.030956993141558
1182,15.748148447523233
1183,15.456872628319017
1184,15.295251545368943
1185,14.864341741643235
1186,14.606884569853122
1189,14.680818263102367
1190,13.787452588908954
1191,13.357868607360125
1192,13.490132156561675
1193,12.895312201259102
1194,12.461311585055077
1195,12.237687584899426
1198,12.023363013444744
1199,11.887793899100926
1200,11.707891739297262
1201,11.452304593146762
1202,11.485934463105643
1203,11.516120355866748
1204,11.614479746099091
1225,11.493487771077753
1226,12.619846473759228
1227,12.575288620963217
1228,15.655241920161242
1229,14.938416355201095
1230,14.1742634414904
1231,13.532329009610665
1234,12.028314659787467
1235,12.408829799187439
1236,11.417801267870049
1237,11.675282381344585
1238,11.169688398396127
1239,11.076155431033648
1240,11.165733981956047
1243,13.491797772228352
1244,13.279490195563728
1245,12.160777117998874
1246,11.434358334763262
1247,10.329278027105538
1248,9.859274397859803
1249,9.955273225685358
1252,15.46854478892039
1253,15.238325355153192
1254,14.998610430422385
1255,14.310268383269934
1256,14.602007816765797
1257,14.28908530317827
1258,13.98781881525591
1261,11.706211689488873
1262,10.660548058839726
1263,12.358403098320307
1264,12.244514209071369
1265,13.335749075340393
1266,13.492262100494663
1267,13.650220734258914
1279,16.093395088336347
1280,14.456366578012776
1281,12.713441300860326
1282,12.54605656610816
1283,11.806035280537566
1284,11.990407312509369
1285,11.321934436672427
1288,15.709810069050805
1289,14.975322989079555
1290,13.705131916994397
1291,12.885513826533945
1292,12.073711995889989
1293,11.446732242235429
1294,14.382779840193436
1297,12.152698239763359
1298,11.660206891118916
1299,12.277644189381864
1300,11.66277548161722
1301,11.030703494879953
1302,14.965940486859957
1303,16.017417157508447
1306,12.63000615792138
1307,12.343030660572598
1308,11.747499439379297
1309,11.187666128163082
1310,10.781120612719405
1311,16.383670448452477
1312,15.416577329967376
1315,13.683309708346117
1316,13.079967227885287
1317,12.785981136733358
1318,12.5519469722247
1319,12.18811232015318
1320,11.879857623361609
1321,11.438417412795166
1324,15.764316225243462
1325,15.038844421521324
1326,14.208601419908682
1327,13.15420307157866
1328,12.242346713894397
1329,11.157735132735686
1330,10.514855101175929
1333,15.066301583457413
1334,14.616103977548043
1335,13.855919026994648
1336,13.688435989399695
1337,13.370778495633727
1338,12.25820009191619
1339,11.398131706968147
1351,17.063133943485166
1352,16.20361569980406
1353,15.970146419008966
1354,15.111137320801511
1355,14.530469620425562
1356,14.011430075342986
1357,13.413002573253728
1360,16.491926428405222
1361,15.703289955065895
1362,15.363645456025735
1363,14.156482655010379
1364,13.18609094480779
1365,12.808227809584361
1366,13.201606996660972
1378,13.653335098885545
1379,14.173050727487373
1380,14.091556188876854
1381,14.057651706742732
1382,13.906221084655492
1383,14.571725960551603
1384,14.532066600630163
1387,11.359820904435994
1388,10.914106163733607
1389,10.303806106491413
1390,9.644652054641927
1391,15.048491138958637
1392,14.903582154883843
1393,14.55536621367223
1396,14.801333695750502
1397,14.076784998019585
1398,12.764896691549238
1399,11.965191458356623
1400,11.070972705490613
1401,11.063978578250103
1402,10.396505557652153
1405,16.316114360284487
1406,15.70420797237656
1407,15.053950583944458
1408,14.052655628914298
1409,14.219815660192362
1410,12.931817695007267
1411,12.524144485555768
1414,10.414393173102289
1415,10.599854543937271
1416,9.570180302058072
1417,14.092360170601514
1418,15.319368375079144
1419,15.183059312944236
1420,14.769047362363835
1423,13.494121397686113
1424,14.11205177207938
1425,14.876231968855947
1426,14.824504073337486
1427,15.14126027844415
1428,15.018175607551619
1429,14.472257204923604
1432,16.74729080502575
1433,16.2058729845283
1434,15.53135503875226
1435,15.064209565459647
1436,14.306694541474975
1437,13.285790894011797
1438,13.153348346652097
1441,17.372815646084383
1442,16.674506995860174
1443,16.370274605428744
1444,16.462221523641222
1445,16.054348922936494
1446,15.555257351304926
1447,15.20259910363611
1450,14.214945521239395
1451,13.22005617107406
1452,13.00723531418745
1453,12.9242977302998
1454,12.245721151782321
1455,11.033113894733408
1456,11.737332218108964
1459,16.586637274494347
1460,16.212166426654953
1461,15.70206037493768
1462,15.24264091350642
1463,14.962011016825944
1464,14.556811986255932
1465,14.442766302610037
1468,11.487299917331256
1469,11.210603415778932
1470,9.789198406134
1471,18.007830079642844
1472,17.23795902720127
1473,16.65438900147022
1474,16.344195946792123
1477,11.977131068100993
1478,11.470341502428932
1479,12.45931077786094
1480,12.254815189518164
1481,11.5375595392619
1482,11.302142703354239
1483,10.918863149300437
1486,13.331516720538751
1487,12.943385025866627
1488,12.457391518245648
1489,12.48384073646814
1490,11.448653574950088
1491,10.424124883686112
1492,13.662135577204689
1495,12.545462051643414
1496,13.569546078864361
1497,13.910132319044614
1498,13.437124480976006
1499,12.873201772991436
1500,12.54082554779995
1501,11.917330010881072
1504,14.9589843513344
1505,14.707717591821945
1506,14.316091887674148
1507,14.237696425104408
1508,13.811905065982666
1509,12.746322110974631
1510,11.43394719058652
1522,15.585902696385839
1523,15.091286401554424
1524,15.192613053023841
1525,14.70497177569938
1526,14.410717402890505
1527,14.066364213439027
1528,13.822175299154448
1540,12.751473593935854
1541,11.865931687372433
1542,11.338238688924212
1543,10.806247150125932
1544,10.283053487118604
1545,9.893992617974327
1546,9.177507214880942
1549,14.374609069278067
1550,13.976880828005296
1551,13.479848992660257
1552,13.032939638462526
1553,12.72173356041173
1554,12.417831637977745
1555,12.101356366751642
1567,8.842026529498812
1568,12.537568233438163
1569,11.287003056205583
1570,11.18271160379947
1571,10.934177824718779
1572,13.72072504050059
1573,13.311302986499859
1585,13.117798976356735
1586,13.376715631261643
1587,13.64222089058326
1588,13.694275822038668
1589,14.006222648902666
1590,13.940133260789171
1591,13.38988968021251
1594,15.138675804266727
1595,15.052525895114822
1596,14.779340004604943
1597,14.539166089801352
1598,14.004043616708408
1599,13.281883615317241
1600,12.840148996513067
1612,15.253221868326138
1613,15.169121848896243
1614,14.199245943119625
1615,13.123197029819572
1616,11.88839861036973
1617,11.019972502738868
1618,11.964720570661
1621,13.355427160108821
1622,13.086993161562319
1623,13.462261168679401
1624,13.27961837669923
1625,13.085066412659936
1626,12.443359704230048
1627,12.136979769042888
1630,13.785441995817223
1631,13.75227465471818
1632,13.46950704267526
1633,12.475588201526195
1634,10.873356965311512
1635,11.612589788083174
1636,11.105738875963723
1639,17.358279692581355
1640,16.478453972923635
1641,15.83219931646035
1642,14.932132036615481
1643,13.91588697360514
1644,13.000900579720415
1645,12.794317538762987
1648,14.0924647923825
1649,14.001730340128404
1650,14.860011198449321
1651,14.424200007294958
1652,14.06662641097486
1653,14.18241777320525
1654,14.176928336858923
1657,15.957917156974009
1658,15.657529111969437
1659,15.027259251549935
1660,14.55586665317732
1661,13.625269726325772
1662,12.28274660842625
1663,11.916575593665943
1666,13.762374514124804
1667,13.205549447226852
1668,12.607047688365473
1669,12.31401632195359
1670,11.731072554733617
1671,11.507822466794325
1672,11.458067931485509
1675,13.514164895705296
1676,13.07212005791595
1677,13.423184749943468
1678,13.058204517519636
1679,12.123163750931049
1680,16.592125538935292
1681,16.064225882415194
1684,12.695915666102167
1685,11.5711000290213
1686,12.841357635245457
1687,12.564875823172107
1688,11.632094206758914
1689,11.475815322993846
1690,11.083940930819153
1702,14.977670877396282
1703,14.64847185345141
1704,14.292914239161677
1705,14.006039177827772
1706,13.809022556325745
1707,13.207720553624641
1708,12.770624800959379
1711,15.385395670110263
1712,14.90065590641686
1713,14.021190504335463
1714,13.616393543802898
1715,15.979621319256626
1716,13.368692064172576
1717,13.07600525342618
1720,16.511739023560775
1721,15.980185198517361
1722,15.263549384230172
1723,14.741018282557976
1724,14.171207523838317
1725,12.898844755760036
1726,11.237698833785794
1729,16.226520726053383
1730,16.175554042022824
1731,15.431596523044657
1732,14.939249511349963
1733,13.699351952206936
1734,12.832174164701327
1735,12.080520760359036
1738,10.276153948892906
1739,9.667638628724365
1740,8.731336360533149
1741,16.063391599176754
1742,15.312990684978569
1743,14.480341593863825
1744,13.501979938420519
1756,14.814029914346316
1757,13.830845376312103
1758,13.291211236906411
1759,12.654750488061158
1760,12.905055266739533
1761,12.588893292153784
1762,12.476683581765068
1774,17.08225555158723
1775,16.49360369352864
1776,16.136810333716223
1777,15.65213280673339
1778,15.181869778008421
1779,14.729301768636354
1780,14.52980407048793
1783,11.019923387227362
1784,10.325252428057745
1785,10.01681623784313
1786,13.574751510837162
1787,13.005258611670886
1788,12.168396738549173
1789,10.86631829984518
1792,15.057587779540071
1793,14.503173226043563
1794,15.399980139801286
1795,15.187367955831538
1796,14.627344809861622
1797,14.210389833330714
1798,13.492430642537322
1801,16.409700519176038
1802,16.083962382783273
1803,15.632586510175742
1804,15.850129404649987
1805,15.376325502250909
1806,13.436549104446302
1807,12.259916684002285
1810,16.210766988442458
1811,15.664178419038643
1812,14.961446539232412
1813,14.477950046561553
1814,15.767948781272056
1815,14.051036332168827
1816,13.29374699915794
1819,15.852211860217947
1820,15.637351346619672
1821,14.711980958385531
1822,14.04473796504027
1823,13.47683830307661
1824,12.63263366193307
1825,11.927997610689745
1828,10.516075225237657
1829,10.392312936022451
1830,10.669164675100605
1831,10.282026722705035
1832,10.37467797726143
1833,10.451204254885868
1834,10.759943350708097
1837,14.158370208695976
1838,12.373449754938306
1839,11.145088456325304
1840,10.085725772524334
1841,9.84823907830565
1842,9.037533407550814
1843,11.205312757029569
1846,9.416866617466955
1847,9.76434042112597
1848,8.954802752850968
1849,8.06777619577889
1850,15.14549617358558
1851,14.01356601849692
1852,12.884659334758732
1855,18.338247218049222
1856,17.543031254486127
1857,16.968676701487773
1858,16.536623469161352
1859,16.070811781756795
1860,15.688051231340975
1861,15.259852104516273
1864,16.422049713570946
1865,15.839884454505603
1866,15.373090384967439
1867,15.06586634580936
1868,14.722951848783653
1869,14.210392528372578
1870,13.869874682522827
1873,12.247051427758594
1874,11.545663673558002
1875,10.957677623651492
1876,11.055672203209758
1877,10.65254236503437
1878,9.958780338284837
1879,15.45422626228642
1882,12.538852358884988
1883,11.676183121541957
1884,11.316326468878131
1885,10.781536292153415
1886,9.577064651767916
1887,9.172326929777967
1888,10.37370990785957
1891,12.965971521350102
1892,13.049446388056637
1893,12.776241128829712
1894,12.59195390240893
1895,12.40784546070794
1896,12.340669095779413
1897,11.828050024176951
1909,16.661921662473727
1910,16.404388333655014
1911,16.01123645728785
1912,15.647239018008346
1913,15.380634134747666
1914,14.80774403490928
1915,14.560887219552272
1918,15.258064498537932
1919,14.484220055936433
1920,13.366433629889247
1921,12.358497551351462
1922,11.671253123349533
1923,11.343524082102348
1924,10.81001073685123
1927,17.405646196588098
1928,17.069984812662412
1929,16.65636095943509
1930,16.289887800933645
1931,15.9485923876861
1932,15.66620145165294
1933,15.195900270909341
1936,15.599801540680737
1937,14.491321836358502
1938,13.2481092916906
1939,12.358081032285398
1940,11.84028487707477
1941,11.45750788793541
1942,12.814579272839218
1945,16.50137997419391
1946,16.12538839414569
1947,15.343519518999502
1948,14.743719583971055
1949,14.703480001560518
1950,14.045079820108182
1951,13.628038158326344
1954,11.981133733520021
1955,10.392956742473556
1956,11.47450683006617
1957,10.644209873708961
1958,9.89065557372075
1959,9.547312483639047
1960,9.52850315168155
1963,16.620789400476266
1964,16.280698396943396
1965,16.325248672490858
1966,16.10382237060891
1967,15.930884358870141
1968,15.751484361782905
1969,15.980689446652091
1972,16.500787744534954
1973,15.57299909695996
1974,14.498261383216931
1975,13.021010376477246
1976,12.504327379899443
1977,12.162475971812096
1978,11.803204163269275
1981,11.650249655833447
1982,11.213508136300026
1983,10.580124180969083
1984,11.772940819060288
1985,11.129906545691894
1986,14.010019216101487
1987,16.390409941633084
1999,10.91237569707775
2000,16.094458685975894
2001,15.59998220205633
2002,15.061889477428593
2003,14.455916554344688
2004,13.270790279050544
2005,12.23509732457079
2008,17.236685813004026
2009,16.762293787228057
2010,16.469108093151593
2011,15.865327208968774
2012,15.238259068441929
2013,14.634784093910742
2014,14.247124778427482
2017,15.274530149977378
2018,15.603415106524075
2019,15.735041530121727
2020,15.642639745028882
2021,15.735052237393496
2022,15.471965825975616
2023,15.188686497627346
2026,15.674718996364103
2027,15.353810084655164
2028,14.824123738087257
2029,13.559319400603833
2030,13.0335824356581
2031,12.431541491250652
2032,12.103474976361275
2035,8.660947155060933
2036,9.025936648977904
2037,7.2868764117507
2038,14.544356391112975
2039,14.103320622224754
2040,13.32406263462452
2041,12.772536361365754
2044,17.603355389863395
2045,16.385022414456827
2046,16.39309939194458
2047,15.528051660212178
2048,15.771284188273999
2049,16.114399026854745
2050,14.678406420266862
2053,17.677622954759457
2054,17.24242149429267
2055,16.34919546708894
2056,16.18026928420156
2057,15.76619415311917
2058,15.04191781740497
2059,14.568424109796055
2062,16.090636063822167
2063,15.611321973625149
2064,15.09143269912338
2065,14.656734581320762
2066,14.300001241257446
2067,13.700140109677129
2068,12.991156138982673
2071,11.931293636033901
2072,11.859340960283816
2073,11.917136453665956
2074,12.317435113383635
2075,11.687626391716122
2076,12.399020872065345
2077,12.241849936905695
2080,15.387986516327018
2081,15.255282413868375
2082,14.461146231524172
2083,14.07833548554099
2084,13.722823833888663
2085,13.114079157816631
2086,12.347077293687416
2089,18.548822959764937
2090,17.910054583625552
2091,17.6544251991565
2092,17.096587850186037
2093,16.847558897573297
2094,16.483799937414197
2095,16.206313466574787
2107,18.20188841233642
2108,17.474798443549858
2109,17.1225545371638
2110,16.549797999243424
2111,16.213973942084117
2112,15.904964186016109
2113,15.226073783369317
2116,14.434522919856287
2117,12.481531568732729
2118,11.615509128741051
2119,10.903255088818101
2120,10.59803375400978
2121,9.854822380554847
2122,9.390325868972589
2125,13.198514831654155
2126,16.192273749224576
2127,16.02257643930836
2128,15.129745923267066
2129,15.677356256301493
2130,15.545166051254311
2131,15.012678964795448
2134,12.764773729537197
2135,12.37003927660215
2136,11.928208882015731
2137,12.690995674973054
2138,12.998623887242275
2139,14.527418156241955
2140,15.762712015778588
2143,15.799844399339428
2144,15.229939649564251
2145,14.750504882044185
2146,14.134976140624694
2147,13.423985336589796
2148,13.510507336800037
2149,13.572391314379006
2161,15.700011607938452
2162,14.893451321954183
2163,14.31787791120127
2164,13.78712548663103
2165,12.646505847466795
2166,11.522875795823397
2167,10.963359012887807
2170,16.82459257583245
2171,16.442501234609935
2172,16.094033362172155
2173,15.688042007343576
2174,15.22429926359423
2175,14.622662088375659
2176,14.082100497064197
2179,12.874350635410755
2180,12.675563643402896
2181,12.626977938126217
2182,12.181518648332245
2183,12.233707267626814
2184,11.805617466742142
2185,12.212154115846042
2188,16.35024730719201
2189,15.901439138237802
2190,15.631230664637172
2191,15.447754426322
2192,14.978967570884995
2193,14.023248042928575
2194,13.442219760709822
2197,15.764185595476029
2198,15.363658001955267
2199,14.887299974983847
2200,13.955304673734908
2201,12.972546957752952
2202,12.07445370870998
2203,11.809222819077613
2206,14.692872502070786
2207,13.800145111803419
2208,12.580820780976278
2209,11.783082364756128
2210,11.303031252239691
2211,10.941128284212754
2212,9.618069581737414
2215,16.224673655176083
2216,15.928296204308406
2217,15.884450272995087
2218,15.706896031926915
2219,15.559469747925137
2220,15.210463078810033
2221,15.013210126628543
2224,16.495352624262868
2225,15.973265813468858
2226,15.715239885552528
2227,16.043407664474955
2228,16.101394967655498
2229,15.313488501951886
2230,15.141379261847964
2233,16.991298322723893
2234,16.56917757603114
2235,16.54292793208909
2236,15.863556887233122
2237,15.592108672507809
2238,15.253993587504723
2239,14.018821945546108
2242,16.581117589824167
2243,16.084752908636844
2244,15.636792906458554
2245,15.153672938264542
2246,14.43022852014314
2247,13.641544000753054
2248,12.44122381596866
2251,12.261649253418915
2252,11.870103282446866
2253,11.479037706302872
2254,11.2818883412244
2255,10.715395068816916
2256,10.420464219786625
2257,10.130384052719645
2260,16.074995647077174
2261,15.908150121332621
2262,15.968719853215767
2263,15.837146064377963
2264,15.111003185943765
2265,14.100234509487315
2266,12.71446430961804
2269,14.075360124766755
2270,13.172014123547799
2271,12.626892595689638
2272,11.996856653913378
2273,11.819733465220486
2274,13.429349423433422
2275,11.342137143989946
2278,12.355401720078214
2279,11.161039037763294
2280,10.266253906111178
2281,9.50181524266666
2282,10.362303836141287
2283,8.512180649592693
2284,11.956155098299348
2296,14.118529418326267
2297,12.326634040192424
2298,10.99193165328861
2299,10.071879203796584
2300,9.554284623436097
2301,10.642563664984474
2302,11.480908343536612
2305,15.753833856658968
2306,15.209886177576653
2307,14.515211714227913
2308,13.453995347383312
2309,12.392261713850617
2310,11.399028618290115
2311,11.754435318441704
2323,15.711632895365355
2324,15.216674565880826
2325,14.978840726684183
2326,14.511857613459355
2327,13.57652086712359
2328,12.65288760881564
2329,11.5290743667096
2332,16.30692482056667
2333,12.779873068457553
2334,15.456681024832642
2335,14.902183522375958
2336,14.508798228655019
2337,14.177144286781672
2338,13.36543503833756
2341,15.83222194243044
2342,15.138204091507873
2343,14.591348628972167
2344,14.0749868099817
2345,13.428186403218886
2346,12.568546741833243
2347,12.678747703331068
2350,11.102186474359355
2351,10.730181750598527
2352,15.099733156212217
2353,14.598831111132483
2354,13.921816426635099
2355,12.903488203592065
2356,11.802044005207971
2359,8.363342466597977
2360,8.760139370026627
2361,7.803843303538772
2362,9.939095980003495
2363,8.894944460956886
2364,8.38958706681109
2365,10.690329973223367
2368,16.19232305169445
2369,15.883839836509004
2370,15.777081435148432
2371,14.972495522957159
2372,14.469449545292564
2373,14.210182293292599
2374,13.058667168089197
2377,14.024099097133949
2378,13.766398041845035
2379,15.281387520925245
2380,15.208093106925247
2381,15.010192737782951
2382,14.626654973460521
2383,16.884256741118037
2386,17.771862591475163
2387,17.220365940974098
2388,16.98672429814206
2389,16.680988292710545
2390,16.435562349666046
2391,16.147554254005335
2392,15.860771026147223
2395,15.65889395024953
2396,14.852682100210176
2397,13.848086164296163
2398,13.06984196076222
2399,12.36558606299812
2400,11.747760404874022
2401,13.275015792536236
2404,17.51776301849301
2405,17.08994959612742
2406,16.53787232496951
2407,16.04252853785295
2408,15.768478882250541
2409,15.160627132110614
2410,14.857040194628317
2413,17.054999936141222
2414,16.43788892085768
2415,15.91858158634075
2416,15.542932907994247
2417,14.853184238027255
2418,14.046079274384518
2419,13.486143618825102
2422,17.450010776858868
2423,16.83750255700895
2424,16.25064302209246
2425,15.701243859937081
2426,15.254413498105523
2427,14.792720644687405
2428,14.097181097304524
2440,11.435655576145562
2441,12.501670802941414
2442,12.454135125286806
2443,13.5407973582908
2444,12.53480428660526
2445,17.644189040722186
2446,16.758782435279596
2449,15.341796835013378
2450,15.136115869676033
2451,14.427278471386218
2452,13.632363860835648
2453,12.977645072532061
2454,12.439621869558264
2455,11.794526585856007
2458,15.793881673932082
2459,15.027411352560778
2460,14.384867319619953
2461,13.585808043602684
2462,13.278127041387226
2463,13.007423795299509
2464,12.834827960864711
2467,16.398805750592047
2468,15.773118449439137
2469,14.674336993927211
2470,13.924237600506023
2471,12.890045369168913
2472,12.607787396499006
2473,12.261379624299229
2476,12.922000856673689
2477,12.285659864869263
2478,11.448557595937425
2479,11.063837568778734
2480,10.489021682384953
2481,15.431805705728154
2482,14.820868751636267
2485,12.70255083533889
2486,15.81660183398229
2487,15.726261813496693
2488,15.690921446395983
2489,15.512602690719946
2490,15.405636386765975
2491,15.314175556323928
2494,14.672047039139139
2495,14.189158148185545
2496,13.276940252111931
2497,12.539644250813419
2498,11.788927085772617
2499,11.215219992329114
2500,10.60999508479791
2503,13.185058325204405
2504,13.989093208167628
2505,13.988783801964424
2506,14.185626170079424
2507,14.35111522960939
2508,13.920233570460134
2509,13.651716698441435
2512,14.715957639441127
2513,14.407098876304863
2514,13.556392618477245
2515,12.790439580928135
2516,12.107262849205192
2517,11.633788197931311
2518,11.22036484506734
2521,13.775776513078801
2522,14.495426085015415
2523,14.529465252909066
2524,13.653162202153275
2525,12.945671543938225
2526,12.36678744857007
2527,12.0086455727206
2530,11.929666757272708
2531,11.115874855463082
2532,10.214275613702384
2533,14.748586427913247
2534,16.15923260387397
2535,15.351123012179986
2536,14.025326489800943
2548,11.798630584537788
2549,11.403054793834515
2550,14.399275256704067
2551,16.623984508924163
2552,16.272795465697687
2553,15.796892644042108
2554,15.096443014536485
2557,12.095593496435804
2558,11.920361961947135
2559,11.017316807009099
2560,9.688622142666144
2561,10.207621055054725
2562,8.840145877949938
2563,9.902537101000133
2566,15.35064875678651
2567,14.846621005863598
2568,13.153811655597304
2569,13.988888909916694
2570,13.490449169280138
2571,12.725164013713197
2572,12.131020381519352
2575,12.682750825322485
2576,12.367510991407704
2577,12.236960661063568
2578,11.884116538246369
2579,12.058482895654612
2580,11.773095015120886
2581,11.172475326979791
2584,16.97642433322261
2585,16.145255266772775
2586,15.723537099541954
2587,14.676491519145477
2588,13.417802287652474
2589,12.59801337681845
2590,12.619532377964042
2593,14.398586143136274
2594,14.145321370771953
2595,16.0555524711359
2596,15.944680513995339
2597,16.02964250785051
2598,15.562358954609344
2599,14.948326186098882
2602,15.986295901031935
2603,15.26272008692331
2604,15.19599054834403
2605,14.667286235092186
2606,14.373713920324718
2607,14.036278489727527
2608,13.568138348915992
2611,16.036898936007784
2612,15.839762012084261
2613,15.629273009708237
2614,15.039121564304589
2615,14.898095085555186
2616,14.53046032535173
2617,14.337651125629836
2629,13.110796741032864
2630,12.962142980725464
2631,12.813356880309943
2632,12.72973255635888
2633,12.65601705206194
2634,12.108669276533082
2635,11.418999326938065
2638,13.684062707543129
2639,13.543854054053954
2640,13.502301424867161
2641,13.156656585705873
2642,12.82834124920635
2643,12.474441920699464
2644,12.146200552992541
2647,13.71868242665428
2648,13.79796350494677
2649,13.979382122239022
2650,13.840558229464989
2651,13.639821755740037
2652,13.141281299738969
2653,12.344202822517428
2656,11.363369214569707
2657,10.914779325527077
2658,14.03341400387587
2659,12.397977304040758
2660,11.339678608251932
2661,9.823524008395744
2662,9.189321004752108
2674,13.5663374069406
2675,13.435764364886213
2676,13.338944643949926
2677,12.985101606992913
2678,13.024241047208992
2679,14.821140222633892
2680,14.96102996914992
2692,10.786118082917648
2693,10.859383539002643
2694,10.82406906582744
2695,10.846906951798536
2696,12.21982761076251
2697,12.729498551271902
2698,13.15973623046913
2701,13.994225619164117
2702,14.147204970367953
2703,13.726389684824076
2704,13.285201356000528
2705,12.887906066189846
2706,12.091396653012287
2707,10.739327160012657
2710,9.781658844170995
2711,9.37906997525067
2712,11.898874704662955
2713,13.430137741077996
2714,14.132116765279441
2715,14.81987553511672
2716,14.4490850007837
2719,14.057895794962604
2720,13.903390474331024
2721,13.712519455251478
2722,13.510686395845235
2723,13.343870390319786
2724,13.14096528412399
2725,12.891308614818783
2728,9.018937706446035
2729,7.720905251936779
2730,7.55171221535131
2731,8.30795254527102
2732,6.683360945766275
2733,7.129297548929373
2734,6.561030665896573
2737,6.956545443151569
2738,13.076124655535969
2739,11.970875490534413
2740,11.114460796506808
2741,10.593605148535708
2742,8.847934753328465
2743,8.83331693749932
2746,16.19983544084978
2747,15.655381548437322
2748,14.589094676171214
2749,13.503774835408773
2750,13.176279429354361
2751,12.601861085336157
2752,12.156546210379773
2755,13.358224121346234
2756,12.951484898148761
2757,12.798763929765748
2758,12.439637703805365
2759,12.530844556664727
2760,12.339676535526698
2761,12.075838667596324
2764,9.96838538411397
2765,8.782476268924539
2766,12.83547032692616
2767,11.617717819254946
2768,10.138678244761005
2769,13.465042028613587
2770,13.113457840563765
2773,16.918298714228868
2774,16.970510937811337
2775,16.54475666366692
2776,16.365067207050924
2777,16.04403643146232
2778,15.921700767834512
2779,16.27307127613886
2791,16.025916544224728
2792,15.233856001363606
2793,14.35032181276074
2794,13.477524175602746
2795,13.57061590731455
2796,12.32093140966931
2797,12.617208312254673
2800,14.473446536527367
2801,13.752895519081395
2802,12.860169698386313
2803,11.22553668283797
2804,10.903862046781907
2805,10.129945604818168
2806,8.249836485425702
2809,11.101643471540498
2810,13.143543486908671
2811,14.424500285217485
2812,14.154451886724317
2813,13.772705348172012
2814,13.300700339567834
2815,12.758073801314673
2818,15.647393858053045
2819,15.360763806645894
2820,14.440949933842258
2821,14.000264986258262
2822,16.47272637690647
2823,13.745582606569199
2824,12.886714458909829
2827,15.903357549664351
2828,15.871717632817301
2829,15.6007808512925
2830,15.433731387415834
2831,15.280442101007452
2832,15.096079336797626
2833,14.847925706301721
2836,16.97727696543924
2837,16.584444170923298
2838,16.023480309697774
2839,15.513325581015787
2840,14.671723418526692
2841,13.95906356602987
2842,13.76716134656088
2845,15.109602729470778
2846,14.49259339512969
2847,13.650528597695013
2848,12.713299802573875
2849,11.913223915527034
2850,11.487166534064501
2851,10.853967128146982
2854,12.362435163154032
2855,11.868850127518257
2856,16.41755781487341
2857,16.41214751812409
2858,15.784522507901391
2859,15.56452517822737
2860,15.378103163766864
2872,17.305350210984564
2873,16.860769819404513
2874,16.09398429440592
2875,15.856524891582374
2876,15.919541658144103
2877,16.246897049778546
2878,15.565881552808204
2881,12.849307157147868
2882,12.302949778839551
2883,12.103292132135735
2884,15.446232353035164
2885,15.148214250911089
2886,13.6241139471506
2887,16.049381490627805
2908,8.955964118230874
2909,7.589841512182657
2910,7.22983877815125
2911,11.687038423214295
2912,10.036224879974322
2913,13.058217312579037
2914,12.131381426397919
2926,15.007004018177193
2927,15.021216359782235
2928,15.0471199298724
2929,14.842966923148582
2930,14.700697751105578
2931,14.345969382909944
2932,14.441363423672849
2935,14.367382151166266
2936,12.993515855454048
2937,10.459898209522603
2938,11.128115561787098
2939,9.820268973785195
2940,8.167919362957816
2941,7.406103381237015
2944,7.00033446027523
2945,9.718482398112972
2946,9.430840432344976
2947,9.486076373409563
2948,10.48921654632878
2949,10.007487142554613
2950,12.858465537611092
2953,15.830318240628694
2954,15.71697683402802
2955,15.140572925354746
2956,14.419498602204401
2957,13.714396568592768
2958,13.353681426286995
2959,12.45935735375637
2962,16.980031100076474
2963,14.52193766861944
2964,14.339648971987295
2965,16.114240027586167
2966,15.775149745285368
2967,15.182944677602952
2968,13.386226517995556
2971,11.943213258509738
2972,11.297067806956818
2973,12.8098174110277
2974,12.792842126609523
2975,13.92705461605673
2976,17.505324025751605
2977,16.90975578605058
2980,15.709276373909562
2981,15.152109557847457
2982,14.752891323365583
2983,13.639221966184985
2984,13.284526443590266
2985,12.69288729933466
2986,12.504754003440324
2989,14.48188194511862
2990,13.955445528847397
2991,13.363917214608115
2992,12.666713833581747
2993,12.018959628000088
2994,11.864525553586182
2995,10.972121617684552
2998,15.87254811926099
2999,15.322470684568284
3000,14.396079011927869
3001,13.615995638779774
3002,12.965433505865672
3003,12.342572752159361
3004,12.309819860518026
3007,18.26378788779388
3008,17.867242060861166
3009,17.395738197143395
3010,17.041496962634355
3011,16.67708873076556
3012,16.260443984867887
3013,15.8932740675354
3016,19.212281553952423
3017,18.43255892817276
3018,17.808994262164294
3019,16.019844911944432
3020,16.165957002962866
3021,16.000883289936187
3022,15.39917024874767
3025,7.469083884921234
3026,14.797370654474225
3027,13.82269171164841
3028,11.897629886990417
3029,10.665600937560797
3030,9.807912337613098
3031,11.07274468077357
3034,16.525279281560447
3035,16.61839337030764
3036,16.467293500970452
3037,16.280458093212605
3038,16.342220560582906
3039,15.922495522858421
3040,15.744683707310214
3043,14.790801628515055
3044,14.031551344258677
3045,13.054542675800615
3046,12.508433948951012
3047,11.758120094311845
3048,11.002449779968526
3049,10.076095417142444
3052,9.63756697186586
3053,11.1061144515377
3054,10.570547398332755
3055,9.972173710324576
3056,15.967584805556095
3057,15.626029299925868
3058,15.173550495770426
3061,12.670212239881746
3062,11.972335681630057
3063,14.839468622746244
3064,14.467636765875795
3065,17.550782852581236
3066,16.709937582141922
3067,16.07576679252201
3070,11.433340985627385
3071,11.902992630898297
3072,11.555084165700537
3073,11.126733432205649
3074,10.438722822031876
3075,17.632747760078708
3076,16.87758360262727
3079,16.151175625231694
3080,15.595921879848728
3081,15.237463043748452
3082,14.470690519418913
3083,13.194829144734676
3084,12.18253786239651
3085,12.020062293489024
3088,14.12977297231888
3089,13.523010229671826
3090,12.891182614057572
3091,12.32576053247152
3092,12.010829969457697
3093,13.00699741826355
3094,12.645007990088757
3097,12.72385700106288
3098,12.4338414836944
3099,11.949915079597204
3100,11.735556885167682
3101,11.397525836740476
3102,14.636047371596765
3103,13.708379587086226
3106,11.529094046131812
3107,10.823112718999155
3108,16.869819994013774
3109,16.236092708154903
3110,15.638330129103815
3111,14.809932756869975
3112,14.286387555712684
3115,15.142136917685479
3116,14.85067706157455
3117,13.855964164638058
3118,13.382523676461815
3119,12.862408009215079
3120,12.177277002008921
3121,11.789025726428582
3124,13.647149892823743
3125,16.047809765317318
3126,15.73660401887502
3127,15.485082619011314
3128,15.25463144996369
3129,14.898912080586083
3130,14.770718880131541
3133,6.0844994130751715
3134,7.972121128921655
3135,10.480550254075272
3136,9.754871528207344
3137,9.095826985187422
3138,11.418757632438734
3139,11.699014914333102
3142,16.01322890226641
3143,15.250597464203143
3144,14.747727787188628
3145,14.262654893063926
3146,13.335456592865038
3147,12.624503336028361
3148,12.181216269531307
3151,15.993429191303406
3152,16.039160230016495
3153,15.474229180896947
3154,15.08496852896747
3155,14.745781115125915
3156,14.327557235940054
3157,14.02459088405892
3160,15.193585229806578
3161,14.969418786403022
3162,13.736061424090948
3163,12.978303612607226
3164,11.61229104686779
3165,10.396658241063397
3166,11.96806923130894
3169,15.049452371647446
3170,15.029895269768813
3171,15.601866454152173
3172,15.655173766857587
3173,15.017181114149576
3174,11.051207415311266
3175,10.846517581599905
3178,15.276767204779558
3179,14.869562972157063
3180,14.669960779128594
3181,14.347144773462746
3182,14.314876368181112
3183,14.155807613488188
3184,16.242523847434725
3196,15.104705739974444
3197,14.248941614635337
3198,13.562979389755473
3199,12.54238772694601
3200,11.68666866598931
3201,10.810939335743079
3202,9.98686316145718
3205,17.072494592768088
3206,16.715073282562024
3207,16.235524846242804
3208,15.982164810531376
3209,15.692468344916202
3210,15.207965155803892
3211,15.30172038734109
3214,16.283563478180113
3215,16.052861421204955
3216,15.930868682280597
3217,15.840950272068953
3218,15.153457019601287
3219,14.319658334457007
3220,13.205834662322369
3223,14.489074227220378
3224,12.90199846210303
3225,12.916339937085848
3226,12.194809453251462
3227,11.923895393712838
3228,12.01982137752537
3229,11.83513214495807
3232,13.736243299552228
3233,12.867791076586458
3234,11.236961137472436
3235,10.886782513190758
3236,10.253369476067258
3237,10.298195003991331
3238,9.830809327038143
3241,16.08433450321865
3242,15.234935490297442
3243,14.222448580800767
3244,12.820506650863162
3245,11.970381957078013
3246,11.721117801831225
3247,11.009389870915584
3250,16.313446621742713
3251,15.827204300946532
3252,15.093417326448275
3253,14.354585388962398
3254,14.066653638232614
3255,13.548038872800522
3256,13.13970415330017
3259,16.9368843747265
3260,16.354163008951602
3261,15.640054688711677
3262,15.089516013019319
3263,14.696913320778565
3264,14.11314766422846
3265,13.873409586370425
3268,10.445608334282829
3269,9.947934967271424
3270,9.568923494184217
3271,9.001222992395064
3272,8.48879371689454
3273,7.5688956634069955
3274,6.037870919922137
3277,16.499216835676968
3278,16.175019315024475
3279,15.9123289931078
3280,15.601427995708695
3281,15.398497713177091
3282,15.234828585531346
3283,15.389706710700164
3295,15.974261654011045
3296,15.934431793682023
3297,15.314011323083308
3298,14.625858382401207
3299,13.854009857114884
3300,12.927552148357154
3301,12.580820780976278
3322,12.970025386995788
3323,12.830619734597862
3324,12.021163744445879
3325,12.135961291632052
3326,11.998119385338072
3327,12.07507518264946
3328,11.908037160998902
3331,15.802116705031187
3332,15.510027398076664
3333,15.057513559368063
3334,14.91671282307926
3335,14.619644397713552
3336,14.567325623650058
3337,14.357086894723114
3340,13.487634071799977
3341,12.42502341942468
3342,11.92463768583886
3343,11.358958101672801
3344,10.801329140741753
3345,10.670535540935608
3346,10.881042701514057
3349,17.234673128231595
3350,16.697423810016115
3351,16.145256726580545
3352,15.818276352807693
3353,15.426712114263845
3354,14.867259025871535
3355,14.051963544493413
3358,15.300669230020699
3359,14.67218036415047
3360,14.23018909181435
3361,13.956145162936904
3362,13.376379042945524
3363,12.60922508147241
3364,12.907485570507152
3367,11.717008513545697
3368,10.951893674976919
3369,10.864273524296834
3370,12.338950074366984
3371,12.380874332173713
3372,12.313239528723368
3373,12.935257594429373
3376,11.860139798123344
3377,11.419284890598735
3378,10.954746144820767
3379,10.377016211557725
3380,9.711176264112805
3381,16.58026485861021
3382,15.97472434766981
3385,14.301524707076078
3386,13.954093544774787
3387,13.351062666984179
3388,12.771670505143144
3389,12.502860633010469
3390,11.232669087012253
3391,10.784026746703134
3394,14.112410019465663
3395,13.67130525848288
3396,13.25573975801511
3397,12.995643022625092
3398,12.777419356341294
3399,12.93522624431247
3400,12.335059351693882
3403,12.340695317492742
3404,12.396399573662267
3405,12.033871702120196
3406,11.867413018313526
3407,11.521647318782097
3408,11.342670809394411
3409,16.07938756638855
3412,15.012144498586503
3413,14.07006750138422
3414,13.170305563093995
3415,12.324144528355086
3416,11.84653646931041
3417,11.006008857700953
3418,10.475878531960273
3421,15.873243795198126
3422,15.134502582123863
3423,14.336783418808054
3424,13.206851573849521
3425,12.29518182060195
3426,12.204771799797125
3427,12.119588402308397
3430,13.743450487427852
3431,13.816863642132871
3432,13.727363263337143
3433,13.22014867339802
3434,12.611731068285192
3435,12.168599205006624
3436,11.601229339658062
3439,12.076533274175189
3440,11.830906357045272
3441,11.726826434917506
3442,11.234665531097352
3443,11.391379106890733
3444,16.92809854845863
3445,16.556887534478822
3448,12.79656398283942
3449,12.561534854402913
3450,12.371438767924715
3451,12.228797469635566
3452,12.355496457011048
3453,12.071775245311017
3454,11.508083762824112
3457,14.144050704285442
3458,14.530052235378376
3459,14.15082355149421
3460,13.784558445516716
3461,12.60542913395393
3462,11.562401108430754
3463,11.04416905761981
3466,15.863702373596354
3467,15.583808785320423
3468,15.355338551433922
3469,15.018623092364123
3470,14.853782080358485
3471,14.654819592488963
3472,14.486741829821028
3475,13.29395254761924
3476,13.172982344484316
3477,13.341449106884191
3478,13.1581204066164
3479,12.664623440729928
3480,12.109396533264713
3481,11.788031286857514
3493,13.401855503616323
3494,14.51786621010942
3495,14.616201868360351
3496,14.414327278637566
3497,14.26381418603791
3498,14.88528020122264
3499,14.84757341608218
3502,14.640405917167328
3503,13.920218260586031
3504,12.469839771680755
3505,11.548640038794222
3506,10.714662183325226
3507,10.007982693865577
3508,11.371546215458658
3511,17.0544332548083
3512,16.45267337984679
3513,15.875729014381
3514,15.500661881716141
3515,14.278348575425099
3516,13.658261249007184
3517,13.756926540198469
3520,8.518192691749322
3521,11.111551974765318
3522,10.55711397493379
3523,9.385972940619341
3524,9.746541302073402
3525,9.981836518947105
3526,8.518392471991719
3529,12.55607789643397
3530,12.64708506142531
3531,12.153193884427925
3532,11.695488659234165
3533,11.428075387053836
3534,11.349300041180426
3535,10.98573330378394
3547,12.204035572104248
3548,12.358712184158481
3549,12.953182305033003
3550,12.653722019845029
3551,12.437315310300999
3552,12.816199564900584
3553,12.998859257510214
3556,16.204667122870564
3557,15.769835205620605
3558,15.256787773665868
3559,15.12010911663539
3560,14.66766503444781
3561,14.295817178643402
3562,14.689627131556653
3565,15.53908879052642
3566,15.405068160084948
3567,15.121419360977468
3568,14.81109294631284
3569,14.62200249513065
3570,14.320570592618676
3571,16.01812049706249
3574,16.26839380504323
3575,15.885654636876186
3576,15.98584115703726
3577,15.33882549865991
3578,15.08296760912588
3579,14.732107642907536
3580,14.413191446535022
3583,11.107570350812507
3584,10.836989321140637
3585,10.175268875456233
3586,10.275774984838279
3587,8.891236429516061
3588,7.821643126239982
3589,13.594235260376745
3592,12.321617623046206
3593,11.630735166937729
3594,11.289419347937011
3595,10.43482143693347
3596,9.551942286417393
3597,13.521688340008604
3598,13.556568829931447
3601,15.95764188166615
3602,15.371071419933374
3603,14.643405828172638
3604,13.697758021842775
3605,13.450623414603522
3606,12.860707661856754
3607,13.008786981419568
3610,15.918040010755343
3611,15.524572604434379
3612,14.893791219440429
3613,14.226275596595894
3614,13.805599606335734
3615,13.334541426753502
3616,13.156532893174425
3628,7.2909747781429814
3629,5.7745515455444085
3630,16.13681200219573
3631,15.329687229396527
3632,14.678309791696673
3633,14.286267653283142
3634,12.964305072746054
3637,15.048901669225858
3638,14.71297518558838
3639,14.129210462076589
3640,13.51515383373139
3641,13.146767167801782
3642,12.992482456549808
3643,12.23512646592091
3646,14.164168955083673
3647,13.989183153422971
3648,13.982532334413229
3649,14.654127274596657
3650,14.472811884123308
3651,14.094669915034812
3652,13.917637451095521
3655,9.589666822474653
3656,8.932344569113823
3657,8.36474106822456
3658,7.746732907753622
3659,8.285008895449879
3660,6.255750041753367
3661,6.860663671448287
3682,15.606186440324072
3683,15.143044870370392
3684,14.541598678960627
3685,13.870961347977534
3686,13.25549644070626
3687,12.44260220315818
3688,11.671355546510913
3709,10.962527066084414
3710,18.582869072307606
3711,17.863920826633603
3712,17.339685224744674
3713,16.83793320335567
3714,16.117748990878656
3715,15.829146242442
3718,15.342156904740849
3719,14.521258020499959
3720,14.19937742763104
3721,13.967231144648354
3722,12.892056732280404
3723,11.657025808943985
3724,10.84095251964169
3727,13.65828933550893
3728,14.282561081081198
3729,13.741234110080851
3730,13.178325854174316
3731,12.84955940835988
3732,12.65792821542695
3733,12.420897693835641
3745,13.50963871686027
3746,12.948947645761297
3747,12.544942006751109
3748,12.562970564608102
3749,12.091497583818697
3750,12.326567556282614
3751,13.610152895813945
3754,12.68267011256672
3755,12.71313720535393
3756,12.878593559696363
3757,12.87564664919774
3758,12.672915033313242
3759,12.515195708310516
3760,12.157102965248688
3763,14.35618173897017
3764,14.593716001093684
3765,14.621618945605084
3766,13.847216567867717
3767,13.348081212405189
3768,12.742969443428901
3769,12.484389753268593
3772,15.849359368233996
3773,15.262602702377874
3774,14.39643931664661
3775,13.773595257669676
3776,13.372014868215283
3777,13.886174964990317
3778,14.03555892413118
3781,15.15443706794783
3782,14.484448034314825
3783,13.879970638525464
3784,13.168194883343537
3785,12.772005581063691
3786,14.49369738845739
3787,12.345312712621677
3790,16.643256808189676
3791,15.9865152681615
3792,15.469934264262154
3793,15.019541760584996
3794,14.31801283861446
3795,13.724766039647347
3796,13.179822523797487
3799,14.26871575529658
3800,13.601557147642025
3801,12.85299524300121
3802,11.73100019147
3803,10.92404820558608
3804,10.24760903040324
3805,14.862216030745667
3808,16.777206150023307
3809,16.28190227602018
3810,15.978334608582756
3811,15.939094814464607
3812,15.882975541127447
3813,15.180340191263872
3814,14.690407882092728
3817,15.440401455623576
3818,14.978384767019493
3819,14.535445715280602
3820,14.04608245070694
3821,13.522856143885935
3822,14.192703069646779
3823,14.646977336873325
3826,17.16541036452796
3827,16.94392595196165
3828,16.478086501198185
3829,16.156261288484238
3830,16.023741124371963
3831,15.743616869383205
3832,15.65597463214612
3835,17.16346994852384
3836,16.76275139772447
3837,16.501174581275954
3838,15.969830417862239
3839,15.66633861548687
3840,15.141900178715892
3841,14.920994184823067
3844,12.615971244510902
3845,12.165047505377242
3846,11.380090972311647
3847,10.794993667587653
3848,10.666137474577225
3849,10.480494097961259
3850,8.883085524404578
3853,13.724029936033821
3854,13.071206915760015
3855,12.593108982169905
3856,12.366042077820111
3857,11.94090194670715
3858,11.237040202397958
3859,10.441733771878111
3862,16.743698624495778
3863,16.249428253013626
3864,15.828641609496335
3865,15.160175046234741
3866,14.45451934805481
3867,13.896088199458276
3868,12.830228740315858
3871,15.751509755391048
3872,14.7880061825549
3873,13.77695994024689
3874,13.46168583400104
3875,13.07991506113949
3876,12.70237734919528
3877,12.3746544088517
3880,15.237721139950299
3881,14.118271618875822
3882,13.305802642662726
3883,12.009485821922176
3884,11.569693246967937
3885,10.605049231697091
3886,12.483730896928448
3898,10.203851370643852
3899,9.686263943732909
3900,10.923759849752987
3901,10.531989539602542
3902,13.916606694066411
3903,14.060071902080546
3904,13.542907556058434
3907,15.955205005323837
3908,15.369978319387481
3909,14.759411009385747
3910,14.127214286257963
3911,13.527204290743464
3912,12.792486145850974
3913,12.274973512784866
3916,14.334647149760219
3917,13.978288203992042
3918,12.939737774393008
3919,12.091940437485224
3920,11.138711900365669
3921,11.608062902582752
3922,11.162786259344898
3934,16.125183969366176
3935,15.536881539428732
3936,15.116385909967239
3937,14.247283234082635
3938,13.4903204382427
3939,12.875400894229566
3940,12.043994795213262
3943,15.222258559915236
3944,14.636327736689406
3945,13.340031164045966
3946,12.740725141387694
3947,11.794330377210123
3948,11.263797216684026
3949,11.51842034045219
3961,12.535847504703655
3962,12.130470480703288
3963,11.789556701234924
3964,16.684134254099853
3965,15.900148325846645
3966,15.128708281513028
3967,13.988885546633323
3970,12.82443701089643
3971,13.354908990487795
3972,14.60724572227311
3973,14.814798889055183
3974,14.633892937705642
3975,14.563250085049985
3976,14.921105742699128
3979,16.19299716531698
3980,15.542454134257424
3981,14.87543225960408
3982,14.006267271912613
3983,13.423474870167771
3984,13.094416475353379
3985,12.645810347580435
3997,16.21659736874648
3998,15.638450329625572
3999,14.673976395125907
4000,13.719007366804815
4001,13.687144089838181
4002,14.828509764300229
4003,14.084103843275356
4006,16.78629023888601
4007,15.897136836367899
4008,15.616548515247942
4009,14.889839716859145
4010,14.41365011294575
4011,13.910028605933181
4012,13.61310547042446
4015,13.36017009708246
4016,12.478173966014932
4017,11.374789200464447
4018,10.976251978235707
4019,10.554796597479278
4020,10.263048328453317
4021,9.002577922700276
4024,17.051083605110506
4025,16.440587762286288
4026,16.376612446477314
4027,15.84321304802683
4028,15.440214154648777
4029,14.919857372762523
4030,14.871778861137914
4033,16.919847205175138
4034,16.091882878510216
4035,15.819224547447613
4036,14.997955593793282
4037,14.113504776994137
4038,13.369276578924772
4039,12.85197097348951
4042,12.421111441867856
4043,12.21743781660887
4044,13.98189326345672
4045,13.407375388412516
4046,12.552756847799232
4047,13.820922884863114
4048,15.103801440604906
4060,15.475856390538807
4061,14.845407793693143
4062,14.41270835447238
4063,14.256521687089146
4064,14.133495088116158
4065,12.945688249485064
4066,12.710544124407964
4069,17.050194887366715
4070,16.547919397194406
4071,16.322425733597616
4072,15.901243765539538
4073,15.581675428768348
4074,15.009313928435732
4075,14.653231996157182
4078,13.273883743845474
4079,13.840882939459403
4080,16.40768365596619
4081,15.99188539330435
4082,15.414105901619305
4083,14.872220407530925
4084,14.22870571213435
4087,14.838874378206118
4088,14.694082392395178
4089,14.600637834293845
4090,14.58640273154901
4091,14.352167073064777
4092,14.369308311053087
4093,14.172785621795038
4096,12.90682830804356
4097,14.008427452071452
4098,12.531104692008832
4099,11.945597096316579
4100,11.350477121216516
4101,11.350053531997586
4102,10.649962207136612
4105,12.912580177791956
4106,12.367570553963295
4107,11.686811542943081
4108,11.31167793650524
4109,11.06855839290286
4110,10.24252791726305
4111,10.310950663306965
4114,14.734685526426288
4115,14.62926079418385
4116,14.755775986252056
4117,15.285271374423658
4118,15.361323665028715
4119,15.373210445553946
4120,15.40479984325115
4123,16.401119867421816
4124,16.02598968218252
4125,15.90986805166561
4126,15.311644712780675
4127,14.860127659804602
4128,14.127177675666516
4129,13.051694101536432
4132,10.261861053110442
4133,9.725138096494574
4134,8.804325112562537
4135,12.605402303532253
4136,12.232972576297913
4137,12.106003660552659
4138,12.172877740672533
4141,13.134997233094618
4142,12.973654530575304
4143,12.579823463333947
4144,11.959039752667008
4145,10.975019797633829
4146,10.352650515910012
4147,9.744198694852747
4150,15.895063343456288
4151,15.424219204548663
4152,15.187975988678973
4153,14.79661477317043
4154,14.18373751966762
4155,13.533764167777422
4156,12.59099485240701
4159,11.366928122832672
4160,11.100042915534202
4161,11.218742306176088
4162,11.768443268899123
4163,11.809579667220213
4164,11.214910188378656
4165,11.598038374343409
4186,15.963700807992335
4187,15.802544278917956
4188,15.565501230429588
4189,15.16069512273627
4190,14.774155549840117
4191,14.73674186507244
4192,14.536099738813725
4195,14.783954174672232
4196,13.817108280924916
4197,12.671782695542339
4198,10.924894770295266
4199,10.618347300001723
4200,9.771155440487087
4201,11.539304459696645
4204,13.305289751259565
4205,12.565158680451544
4206,12.161457005895864
4207,11.710390117473676
4208,11.444121861285282
4209,11.073986300004346
4210,10.51194792492888
4213,10.619398657694624
4214,10.695642613426124
4215,10.513579157958748
4216,10.15657818021829
4217,9.870240958742492
4218,9.718602713339008
4219,9.668587665523317
4222,17.33468834839605
4223,16.55209852242584
4224,16.04175668429374
4225,15.415763012954946
4226,14.850595724969
4227,14.211862937665714
4228,12.882538970988643
4231,17.33067374335895
4232,16.782053333075677
4233,16.25055516933083
4234,15.823364928369687
4235,15.037320824619847
4236,14.348037593429119
4237,13.124786439417074
4249,12.792886615295503
4250,11.976175087172962
4251,12.70657516897309
4252,12.499976572042609
4253,11.713749784995159
4254,12.721957450032098
4255,11.095650898902566
4258,15.659128495172526
4259,14.942352610754087
4260,13.98089278431238
4261,13.111773502086189
4262,12.550169313591033
4263,13.142232669145052
4264,13.124736559179514
4267,15.947354778437159
4268,15.629122349812718
4269,15.412891273661147
4270,14.675764129511693
4271,14.280485941745576
4272,13.787259220617871
4273,14.1765806291654
4276,11.990549981347325
4277,11.213616056277468
4278,10.514176610655552
4279,9.632859234650175
4280,12.334250357747992
4281,12.097573877371843
4282,11.32322877864404
4285,15.505444183141927
4286,15.287573816181903
4287,15.027037160385065
4288,14.697484755517635
4289,14.068045130455282
4290,13.570587802211683
4291,13.150390910764488
4294,15.15240378080806
4295,14.132405984647791
4296,13.255766011739858
4297,12.73681559589648
4298,12.47522917486652
4299,11.864595907254099
4300,11.197035943454429
4321,11.71754652925895
4322,10.95425672844002
4323,17.75891547945061
4324,16.555036880652068
4325,15.641802846243495
4326,15.065066389088136
4327,14.296483182216946
4330,15.163270670260323
4331,13.837403156610788
4332,11.277418298172556
4333,9.505171826581176
4334,10.214019076585554
4335,7.729735331385051
4336,6.645090969505644
4339,13.39408983331595
4340,12.519711165742443
4341,11.969463843262393
4342,12.507036128287869
4343,12.360161894899191
4344,11.894603217286082
4345,11.483208250182079
4348,16.096494823869545
4349,15.650572941684057
4350,15.318945748570302
4351,15.450572746416539
4352,14.917677853434304
4353,14.78250390981219
4354,14.582535326998801
4357,16.466673037997705
4358,15.761489133249889
4359,15.478083467809297
4360,14.711980958385531
4361,14.399117388405507
4362,14.615991705645136
4363,13.993092567494074
4366,13.463992295460473
4367,13.248276827043156
4368,13.152586036913771
4369,13.10576640649696
4370,13.666823757259223
4371,13.350163271110597
4372,12.843167858735969
4384,15.006212087200934
4385,14.170892165904451
4386,12.805142635841664
4387,11.29513008664912
4388,12.150073559410071
4389,11.619687997343146
4390,11.038351407209731
4393,16.543444494184445
4394,16.172756453918858
4395,13.940860448185806
4396,15.722945807107028
4397,15.488057345078282
4398,15.249170259149848
4399,13.07465312991492
4402,12.073700580625497
4403,11.519533583184474
4404,11.50491345436005
4405,10.955619507321696
4406,15.314365899066546
4407,14.665593536307316
4408,16.531683149627238
4411,9.701738498076075
4412,9.643161210094203
4413,12.971031055605682
4414,12.165896275882654
4415,11.505054570589659
4416,11.316168213099942
4417,11.791079792266926
4420,13.557635800561492
4421,14.245864031859627
4422,13.805378400581665
4423,13.170223585489087
4424,12.499872217864434
4425,11.888295560435076
4426,11.333822722231607
4429,12.268962934078388
4430,11.560276498850154
4431,10.961000030318813
4432,10.569160756095318
4433,12.371625218873824
4434,16.784278232420075
4435,16.238349232301953
4438,12.672143551748196
4439,11.880591781848143
4440,11.350994597824007
4441,12.676523049957012
4442,12.95160352576968
4443,12.548516303388805
4444,12.155037212630335
4447,15.477261185000527
4448,14.959163450295023
4449,14.04075110903679
4450,13.200029725308706
4451,12.648557328113608
4452,11.81640214332065
4453,11.987412777468464
4456,15.996126302409003
4457,15.200373895658382
4458,14.941754550493604
4459,14.590803464073913
4460,14.20553981053519
4461,15.536566049741054
4462,15.384306043088296
4465,13.587957298161363
4466,13.501952573098947
4467,12.62332138646437
4468,12.135269207384752
4469,11.63133052934885
4470,11.026727411028968
4471,10.410515976053734
4474,14.068698230626861
4475,13.567510630651197
4476,13.040730238999394
4477,12.570316373818835
4478,12.282408491272383
4479,12.088808225369522
4480,11.26561728665672
4483,16.59020980148637
4484,16.398183913279656
4485,16.101036772139363
4486,15.852139061811965
4487,15.528233313337287
4488,15.14909456851501
4489,14.794823411823737
4492,13.43689086545353
4493,13.128862214144158
4494,12.771809660470533
4495,12.663291775208153
4496,11.913538822347368
4497,11.852891590845697
4498,11.347390226276332
4501,15.250110203813797
4502,14.810895979053667
4503,14.166380083021435
4504,13.474225156627504
4505,13.036317352494226
4506,12.76937591206621
4507,14.17164815755939
4510,14.318002553309165
4511,13.681939164539731
4512,12.771826698567718
4513,12.417123372490243
4514,12.138462745868116
4515,11.960012247769212
4516,11.603679828238693
4519,15.23280733900228
4520,14.22335882409418
4521,12.875894902786216
4522,12.329612412698918
4523,11.818791207855638
4524,11.303425909571256
4525,10.66969930395308
4528,10.716881398190429
4529,10.04424899524437
4530,12.772059523473084
4531,12.005552494291228
4532,11.565128845104088
4533,11.129172923767713
4534,11.845095603681683
4537,15.78947893875316
4538,15.365644863157845
4539,15.08553932528032
4540,14.504835944765157
4541,13.287503169439502
4542,11.755079172795831
4543,12.311454660956878
4546,17.477315276985586
4547,16.562438913553244
4548,15.91403743543451
4549,15.497538119053548
4550,15.03529125654847
4551,14.376928150246309
4552,13.45486344970171
4573,13.068572229133506
4574,12.584245347845684
4575,12.27898383039102
4576,11.67442337340335
4577,11.90812472578848
4578,10.866871771942366
4579,10.752163034994716
4591,10.20466564265568
4592,10.131379810872541
4593,10.18606913959895
4594,11.180915258668906
4595,10.867634679419623
4596,10.788700328839422
4597,10.78700712807974
4600,11.186752013336475
4601,12.086010138852615
4602,11.711169582307997
4603,11.342208315834394
4604,16.202187779418583
4605,15.667309379732894
4606,15.089530278077241
4609,16.33721832938679
4610,15.965774895797164
4611,15.304489206836566
4612,11.744663973588171
4613,12.272543673173615
4614,11.777702201700375
4615,11.232192524606653
4618,15.128627590670265
4619,14.1873713116086
4620,13.045896933934607
4621,12.50772418898273
4622,11.875385642129602
4623,11.031189277647456
4624,10.335205031788359
4627,10.986190624738057
4628,16.063411878548337
4629,15.45591017161196
4630,14.834163996553812
4631,14.327320497132874
4632,13.654681963750408
4633,12.027830755567162
4636,15.320382305826836
4637,15.028258646610883
4638,14.758581088593209
4639,14.577182833954343
4640,14.118861726430628
4641,13.373366423877618
4642,12.515727782292359
4645,16.250860562411184
4646,15.58433399590927
4647,14.98944056294096
4648,14.856744761607663
4649,13.897643387502796
4650,13.457477549415971
4651,12.813934231807758
4654,10.73960890204718
4655,10.527016666215204
4656,17.08941926822535
4657,16.335938055992656
4658,15.850325742287039
4659,15.244738203263053
4660,15.019411559712466
4672,15.364418756578033
4673,14.544559970836367
4674,14.313345770512008
4675,13.302596087409407
4676,12.81861696155802
4677,12.60256427883923
4678,12.248178615401173
4681,16.898021860683897
4682,16.405883892773936
4683,15.857051744434512
4684,15.032506886834534
4685,14.848803932178257
4686,14.018272610468514
4687,12.883811728687444
4699,14.951735857868822
4700,14.187562271090957
4701,16.531325733469732
4702,16.032780107956334
4703,15.790715812915169
4704,16.56286441749766
4705,17.055933174463842
4708,16.37693779696542
4709,16.10478161117407
4710,15.996853125662257
4711,15.879511504836149
4712,15.973927892212238
4713,15.773785377020351
4714,16.058235237060615
4717,15.380202328138456
4718,15.049144004006134
4719,14.827648416370145
4720,14.568731620476
4721,14.321851540743557
4722,15.374235007875834
4723,17.222513819507434
4726,13.941751061533331
4727,12.926329028568738
4728,12.304369270555284
4729,11.780139488782146
4730,12.739628958572995
4731,12.436434085102857
4732,11.957726664190766
4735,12.043341928901205
4736,12.461675642518209
4737,12.593770852844177
4738,12.978728545063218
4739,13.160092594214335
4740,12.939747377266187
4741,13.012780627313282
4753,15.137493572140583
4754,14.466442586510567
4755,13.60669142060488
4756,13.175177814267817
4757,12.223131315538108
4758,11.558156923499153
4759,11.382304119761791
4762,12.243175733481676
4763,11.974518826855993
4764,11.687424841458043
4765,15.05869205614049
4766,14.557078786959773
4767,14.148444398983695
4768,16.714473913272176
4771,12.497674525488762
4772,12.44696573760786
4773,12.535066992295429
4774,12.552742707127832
4775,12.155510662616557
4776,11.632493573102964
4777,12.322961948593202
4780,14.171926168278949
4781,14.427880344367983
4782,14.303516174719125
4783,13.878221472545931
4784,12.777247088376638
4785,12.002995167199439
4786,11.318758021892537
4798,16.740955873061846
4799,16.422204290576076
4800,15.682698722045837
4801,15.145132181402102
4802,14.460343161245412
4803,14.189375601872552
4804,13.500871043464345
4807,14.594165944651724
4808,14.314108325283529
4809,13.42766923460966
4810,13.209260081152568
4811,13.005593578250423
4812,12.971377683720227
4813,14.191680042529676
4816,11.584231658662898
4817,12.283468777185877
4818,11.787780623167116
4819,15.660137107528858
4820,14.83148516381022
4821,13.864732057666588
4822,16.47865202240192
4825,16.34505694540831
4826,16.039769935077047
4827,15.79959004349423
4828,15.68065477359563
4829,16.045646026063284
4830,16.465571694449327
4831,16.12018955720573
4834,16.209623869974315
4835,16.03933844167756
4836,15.461160431022623
4837,15.303610097012317
4838,15.094379495192204
4839,14.903355418712978
4840,14.604276961478881
4843,11.60074401610714
4844,11.244444531767412
4845,10.46118722017071
4846,13.140138460425016
4847,14.553130979125267
4848,14.078712932657712
4849,13.335600420905127
4852,10.431583187467073
4853,10.400224393859018
4854,9.798349234412823
4855,9.220488703027998
4856,8.173011311724972
4857,12.702371261415584
4858,12.712441351979203
4861,13.210429198272562
4862,12.539841230577071
4863,10.367347347021374
4864,10.737526471793554
4865,9.815748638228122
4866,8.085794701281568
4867,7.0909098220799835
4870,16.257069891873776
4871,15.502241308335707
4872,14.5842266073343
4873,13.77472189622181
4874,12.8858761944985
4875,13.41296069639263
4876,13.092503989991588
4879,10.086600462793985
4880,14.399057135275394
4881,13.49664599246485
4882,12.4074980561232
4883,11.352604119015941
4884,10.070399319380286
4885,10.648657761163225
4906,14.791600347441076
4907,13.647980269024757
4908,12.560879345387225
4909,11.351558812522663
4910,10.172063255248172
4911,11.512125144799459
4912,10.910970907793136
4915,15.327165616052502
4916,14.80610212910638
4917,13.664279445383197
4918,13.013748683759205
4919,12.558274098311342
4920,12.101411884986621
4921,11.064808564281948
4924,12.453163165657857
4925,12.069559669543176
4926,11.936053658283903
4927,11.712718502676188
4928,11.129055494298653
4929,10.559166483481166
4930,10.033506533859862
4933,16.3923438668706
4934,16.069688608388436
4935,15.781872843227134
4936,15.451825427278077
4937,15.166797756445867
4938,14.866658702909113
4939,13.916969974219045
4942,15.155539490086962
4943,14.590362602511812
4944,14.202076870197553
4945,16.11043921511511
4946,16.250026313097127
4947,16.16319988757818
4948,16.15387072316453
4951,11.569683798788837
4952,10.932856938462077
4953,17.328398378979127
4954,16.42782598913653
4955,15.67000223041953
4956,14.79827418886017
4957,13.813047527192788
4960,14.896844430832111
4961,14.25956861812238
4962,14.067469334164022
4963,13.49935356232843
4964,13.23767937241692
4965,12.823806386800245
4966,12.683390088515868
4969,14.64214875533365
4970,14.708508507029023
4971,14.451067290194338
4972,14.181486116785962
4973,13.92852133560113
4974,13.672522015709871
4975,13.52814176976719
4978,14.52706920252288
4979,14.568613430774798
4980,12.026622960960648
4981,14.660001052814449
4982,14.941905963244565
4983,15.337296670199754
4984,15.17227363146409
4996,12.11985549851095
4997,12.16567243704568
4998,11.135712480528158
4999,10.254073999134302
5000,14.107205069803834
5001,13.756219047160357
5002,13.249684777879406
5005,18.154897309780544
5006,17.555236893088136
5007,17.051744888440272
5008,16.928875767021296
5009,16.062361351996994
5010,15.77405216462479
5011,15.467142451314722
5023,16.007430535198356
5024,15.643346218180564
5025,15.12088007244043
5026,14.202281344378646
5027,12.65938143829128
5028,11.766171360100882
5029,12.439447676290394
5032,13.273562276438554
5033,11.17661321555038
5034,10.534785924769006
5035,9.804053882820643
5036,9.269175157697076
5037,11.341662535533008
5038,10.51753741173737
5041,15.3875450010569
5042,14.34833345784554
5043,13.04307988145662
5044,11.958348194135517
5045,11.60047836197809
5046,11.10232217900594
5047,10.410335274932896
5050,14.30424393525545
5051,13.799759153372444
5052,13.630357395957565
5053,13.2636268006883
5054,12.881035488656268
5055,12.42954814174458
5056,11.915840658140155
5059,13.084320849917658
5060,12.10229975781278
5061,12.103868255176094
5062,10.189643460991862
5063,8.504715669905124
5064,8.605387202152153
5065,7.491087593534876
5068,14.698924729920552
5069,13.712344299828306
5070,12.70988875998529
5071,11.135158205301739
5072,10.039241473513748
5073,9.395241931033524
5074,16.745478599503933
5095,16.59648935984463
5096,16.05845795447083
5097,15.512282745250879
5098,14.887729246515976
5099,14.459969469163335
5100,13.870140778615388
5101,13.285559877299427
5104,15.97426442526899
5105,15.344730113966165
5106,14.883283154401399
5107,13.836439021856767
5108,13.144856499717688
5109,12.33397321478224
5110,12.405271804267592
5122,16.44859012774983
5123,15.869222155461312
5124,15.284718118336524
5125,14.333332450665486
5126,14.147474791648873
5127,13.006231727459676
5128,13.073477708674481
5131,14.597103045278324
5132,13.994328484206527
5133,13.308441203909025
5134,12.633201393274364
5135,11.801632012468197
5136,9.989068740626333
5137,8.83695515733143
5140,15.444339640508636
5141,14.797664682945417
5142,13.507229781431256
5143,12.393199305967194
5144,11.819887969574506
5145,11.627904573293877
5146,11.265604480837757
5158,12.67273319289965
5159,11.615806910270871
5160,10.76905324958531
5161,16.818339838084892
5162,16.254241236102065
5163,15.682747097417712
5164,15.30404715295092
5167,13.263520867289051
5168,14.127612522894848
5169,13.717072692045138
5170,12.902075744071317
5171,12.257701633566306
5172,11.485513157359891
5173,10.305814408143789
5176,14.927812053755899
5177,14.273339753622974
5178,13.209239911969794
5179,11.113328107889947
5180,10.929887507090314
5181,10.301021290318012
5182,10.240388268775408
5185,17.43196312610697
5186,17.04226685022322
5187,16.538255592523566
5188,16.228642792786133
5189,15.764484579992098
5190,15.210404090006984
5191,15.302536738838166
5194,17.80174063063606
5195,17.267593525912325
5196,16.910711625016905
5197,16.364252747481306
5198,16.02549065883213
5199,15.443588657616923
5200,14.963820535384716
5203,18.052624058752652
5204,17.53181364812438
5205,17.071601624833654
5206,16.781378034965236
5207,16.322704490831214
5208,16.064440094942274
5209,15.632084583566767
5212,15.664647972489039
5213,15.21938866491398
5214,14.426055173877433
5215,13.969413778604604
5216,16.590130840187907
5217,16.395818216764834
5218,13.456253712355588
5221,15.32168131768219
5222,14.676132119465914
5223,13.993175455999454
5224,13.566760695514281
5225,13.409862933200959
5226,12.530887917255015
5227,11.317214671057258
5230,11.38198499870963
5231,10.635711205077866
5232,10.125790750852646
5233,9.318925682389624
5234,16.13161021643341
5235,15.101930714947738
5236,14.099799630697278
5239,14.947321295633744
5240,15.882213811045895
5241,14.036348252833697
5242,13.214592451838316
5243,13.12512157009125
5244,12.35397958801984
5245,11.492355343225519
5248,16.006689005349035
5249,15.350961075590297
5250,15.051505148312948
5251,14.59307287319151
5252,13.941440759594716
5253,13.198416599189729
5254,13.070048508755857
5257,14.565819430136575
5258,13.849657846110942
5259,13.043144830017384
5260,12.163039875712753
5261,11.784851561377225
5262,11.233171878840569
5263,10.742875641568942
5266,15.276067879226627
5267,15.008693055756224
5268,13.941900007520415
5269,12.221798345991656
5270,11.163566550645935
5271,10.165390172000421
5272,9.084777149000837
5275,16.631037533867463
5276,16.157115093858103
5277,15.878577641953909
5278,15.954232406509263
5279,15.161991010024977
5280,14.485374270123657
5281,14.07253134065843
5284,16.08202018632107
5285,16.012005202297537
5286,15.993744844636218
5287,15.736686172121917
5288,15.494174488037983
5289,15.541435555562446
5290,15.078450422875447
5293,16.013799124618608
5294,15.802824612196991
5295,15.357897355338757
5296,15.022528421388344
5297,14.497004097862174
5298,14.48519257231323
5299,14.106396492564198
5302,16.095824070303596
5303,15.45348111525251
5304,14.718384080300217
5305,14.194647433250948
5306,13.356619356352832
5307,12.592878072929793
5308,12.80902155817197
5311,17.695231731482494
5312,17.410065486357265
5313,16.63754149364791
5314,16.382344292717352
5315,16.00309739669639
5316,15.429927255652172
5317,14.796435556392261
5320,13.182811042388357
5321,13.272397596219745
5322,13.626682680898488
5323,13.81883801583098
5324,12.721467813010534
5325,13.95196791577461
5326,13.35736593194665
5329,16.54675716346452
5330,16.483652929903055
5331,16.062494036441915
5332,15.706566795437237
5333,15.188062675508409
5334,14.790290173765953
5335,14.20478666176897
5338,13.323734009671735
5339,13.559758584039727
5340,13.440335538040955
5341,12.717317181540176
5342,11.975948536717318
5343,11.052333407611723
5344,10.577044083331069
5347,15.396905105301695
5348,14.940722907179369
5349,14.319018472485844
5350,13.583278329466728
5351,12.875715756902125
5352,12.057874215862247
5353,12.904515777749301
5356,15.856474230513875
5357,15.34673500530668
5358,14.858325741085821
5359,14.648889570483973
5360,14.276045121780058
5361,13.91399841088604
5362,13.118560154311293
5365,17.150024720266916
5366,16.574546162727216
5367,16.228839838612366
5368,15.710181997608416
5369,15.267813374963119
5370,15.00330855249923
5371,14.656556918381387
5374,11.68801258286875
5375,11.611892586368972
5376,11.327763879108847
5377,10.825800116728777
5378,9.860893154903707
5379,8.852807917623322
5380,14.635196552455913
5383,14.824698743175869
5384,13.99410266901272
5385,13.07674657279914
5386,11.769194266716266
5387,10.762742216027
5388,10.760261798384528
5389,10.119042382201663
5401,15.89004030651409
5402,15.700064013732783
5403,14.802921230841536
5404,13.383329742188254
5405,12.689516794954926
5406,11.698408685101763
5407,10.73055355066186
5410,16.581915072348366
5411,16.03430645896858
5412,15.600748306930674
5413,14.975825475425744
5414,13.817401768497724
5415,13.496511178006484
5416,13.101603371967913
5419,15.853409923980658
5420,15.544572477093867
5421,14.931453139180368
5422,14.437685230277369
5423,13.47606069260341
5424,12.221276479272447
5425,11.421029450265692
5428,12.737735655162638
5429,12.526792897058751
5430,12.354518512382995
5431,12.08562105243951
5432,16.27097389300846
5433,15.656021936661805
5434,15.288639280407446
5437,16.334604118709123
5438,15.877767028556645
5439,15.466318602663684
5440,14.60089638782282
5441,14.112395900110293
5442,13.611383786032954
5443,12.951014994517822
5455,12.489400251036919
5456,12.355595490572743
5457,11.956700615286477
5458,11.728319062824378
5459,11.579359064312255
5460,11.667361818274648
5461,11.446080285540736
5464,14.662330304073059
5465,13.95810847515864
5466,13.159198555121502
5467,12.224678478522291
5468,11.315559303516379
5469,10.628351399647642
5470,10.302867516988345
5473,11.322430597487113
5474,10.87322426011591
5475,9.89469904650305
5476,8.953510763007166
5477,8.65084957622891
5478,16.293503110373678
5479,15.587718978247661
5482,14.854073080388153
5483,14.19709955338861
5484,13.029912505879185
5485,12.046414326464499
5486,11.445855743045126
5487,10.901874267286187
5488,10.488520429241627
5491,13.712266689516296
5492,13.302068180148446
5493,12.765882700308858
5494,11.648356302506556
5495,16.49805161653959
5496,15.778710375556548
5497,15.210922725266999
5500,13.198257182580035
5501,13.173442348826354
5502,13.210533582693008
5503,13.332732886943441
5504,13.416247179315668
5505,12.902746101466676
5506,12.480289467028385
5509,14.430129550053929
5510,13.781166494601633
5511,13.037018973878446
5512,12.255605391060664
5513,11.696080008068074
5514,11.056509109233009
5515,10.50783084142058
5518,15.838082497035359
5519,15.69214090661737
5520,14.881743239659365
5521,14.62682381192339
5522,14.267208276774126
5523,13.756238146499204
5524,13.100248639238657
5527,16.695658452044984
5528,16.397125424998197
5529,16.07404626651346
5530,15.7709409595466
5531,11.586008626470564
5532,11.376303587427264
5533,11.272966320727457
5536,14.123827999122136
5537,13.294781052266348
5538,12.682542821521784
5539,12.218322311084089
5540,12.004886261568005
5541,11.490720754982036
5542,11.62779760140064
5545,11.816128954578758
5546,11.388857721846707
5547,12.375811200699085
5548,12.27281498647197
5549,12.025611357363097
5550,11.214667666146262
5551,11.110730005729687
5554,15.876894793388692
5555,15.950742821675423
5556,15.660933377444
5557,15.492006003659196
5558,15.387501607042879
5559,15.123144755256295
5560,15.054550074902174
5563,13.289432538876916
5564,12.199148730457349
5565,11.748100348667986
5566,11.480805084687237
5567,10.64435289430417
5568,10.221177355572257
5569,9.550520013385718
5572,11.047503324658088
5573,10.533801423924505
5574,9.757362911053992
5575,10.581267255964951
5576,11.501358828598763
5577,11.647622428053511
5578,13.206958170138233
5581,16.3137162981832
5582,15.862541246669641
5583,15.378730694798646
5584,14.91874879707244
5585,14.356307520226249
5586,13.758564474521808
5587,13.00328700574939
5590,16.577184998024055
5591,16.269253800487057
5592,15.85765708115012
5593,15.804365384196965
5594,15.105512331875671
5595,14.293920628859537
5596,13.945353908113024
5599,11.164615437363123
5600,10.904450260467481
5601,15.70566453646758
5602,14.969824941294888
5603,14.365222608246762
5604,13.579431198691779
5605,12.681744554681236
5608,15.11458879386232
5609,14.441996432539002
5610,13.918814159624189
5611,13.058232239941425
5612,11.701775663726883
5613,11.774928125605395
5614,11.149657405561852
5617,12.958737953614527
5618,12.689886720049314
5619,12.39234472206848
5620,12.053358433488878
5621,11.812289042195847
5622,16.869166396999468
5623,16.12697709392263
5626,8.701180027529253
5627,7.19668657083435
5628,10.772351190837892
5629,10.632725553240427
5630,10.147491994517667
5631,13.830099618207566
5632,12.88111186204069
5635,13.847577861768734
5636,14.732363131975573
5637,13.829887709634972
5638,12.592979951226068
5639,10.742724438967969
5640,10.525729319580298
5641,9.819127203918054
5644,12.315577063353329
5645,11.528956282042756
5646,11.246038990708099
5647,12.391098874731256
5648,12.466238341069076
5649,16.23512133322835
5650,15.8677729450439
5653,16.937629637256205
5654,16.22985185055747
5655,16.34648844088118
5656,16.17886407419954
5657,15.98046960094021
5658,15.479091330913194
5659,15.206312743559334
5662,13.247055821361647
5663,12.827882243629828
5664,12.868438401750682
5665,11.975167803165935
5666,11.37539752535164
5667,10.51173022600563
5668,16.508355137330614
5671,14.81272963598764
5672,13.798598349380342
5673,12.94859791263741
5674,12.753893430822547
5675,12.358810899782455
5676,11.991678208848212
5677,11.41595190251171
5680,10.841676753111399
5681,11.230138060728503
5682,11.72214046278653
5683,11.920275462224879
5684,11.854719231387572
5685,12.146078449953352
5686,12.569663121956596
5689,13.607178029926953
5690,13.346543191612634
5691,15.224139387583358
5692,15.165962951535935
5693,15.89913670694944
5694,15.904080682063409
5695,16.007350553312648
5698,16.43473165829024
5699,15.659237835710734
5700,15.020303725700112
5701,14.4692727318755
5702,13.641032163006345
5703,13.046839942417117
5704,12.4476688937866
5707,16.46689946869901
5708,16.01890815406568
5709,15.536427410266345
5710,15.130958276854045
5711,14.445409051859073
5712,13.67101759192456
5713,13.286902764402486
5716,15.359747329776994
5717,14.985226023191759
5718,14.261704216226905
5719,13.14527684728288
5720,11.469892695152808
5721,10.562095046821328
5722,9.291182759820284
5725,16.7192642109025
5726,16.277707534088364
5727,16.201996445097407
5728,15.79663726036812
5729,15.497595590312587
5730,14.709426020133778
5731,14.184626984684732
5734,16.121364801457972
5735,15.51091972331312
5736,15.082049627308663
5737,14.09106437961607
5738,13.66081389578244
5739,12.904232242913656
5740,12.343549370087292
5743,13.771368474710577
5744,13.002015555493793
5745,14.101042069616982
5746,13.503945545049161
5747,12.014524655805715
5748,12.47739283951465
5749,12.198100955874802
5752,11.409019446573783
5753,11.53303196766023
5754,11.104099716229817
5755,10.986105951449888
5756,11.967091844408085
5757,10.891764006182903
5758,12.386450648179109
5761,17.49283920765021
5762,17.05542291522123
5763,16.61087297968702
5764,16.13056537971907
5765,15.591961446524289
5766,15.217937831007818
5767,14.84540243802405
5770,16.1247764844092
5771,15.799698943213922
5772,15.49470659567061
5773,14.512766784818572
5774,13.874178443090113
5775,13.243187118759236
5776,12.312790239939943
5779,17.087047635138802
5780,16.61890293835882
5781,16.089794011156823
5782,15.623883751809354
5783,15.692029899223627
5784,14.799973077661763
5785,14.44286776798373
5788,11.60358849986747
5789,11.062096815110534
5790,16.117454945750566
5791,15.569156167916892
5792,15.223307081743766
5793,14.21396112157822
5794,13.291169004144763
5797,13.83229195928331
5798,13.953884581103232
5799,13.519466958508454
5800,13.155295125639302
5801,12.32727206093202
5802,11.89961541775206
5803,11.073645008367333
5806,16.489375718935886
5807,15.99697774830922
5808,15.653295738860962
5809,15.357358257582787
5810,15.059096979016003
5811,14.40195409905708
5812,13.723615639509958
5815,11.130815490059645
5816,11.026987556712017
5817,11.137693688838821
5818,9.919557732713622
5819,12.976157718810176
5820,12.381856209484376
5821,11.920069163456947
5824,12.770482637169394
5825,12.717754902281337
5826,12.443884095327416
5827,12.291171778679738
5828,12.211119886751687
5829,11.787218300302992
5830,11.622111653401094
5833,12.03211203838009
5834,11.421040412713825
5835,11.31122535094967
5836,10.96728407866167
5837,10.07365217905945
5838,9.663579254889187
5839,8.831127635012084
5851,12.619982000421
5852,12.672745734679454
5853,12.709033422309018
5854,12.99638963934019
5855,12.999619306135623
5856,12.752907099100863
5857,12.647805392808879
5869,15.705640670512077
5870,14.930378668568393
5871,14.151396908702152
5872,12.92581307035964
5873,11.406130587774221
5874,10.378167729665766
5875,12.03563420402295
5878,12.763924020661545
5879,12.069284526954528
5880,11.841545525214785
5881,11.040326470676431
5882,17.51618228412953
5883,16.98085943780892
5884,16.508321157316544
5887,11.411999546380267
5888,16.205283387395706
5889,15.606551435733985
5890,14.761245522410324
5891,14.072185592487276
5892,13.349992851902824
5893,12.748367866165559
5905,14.109471129327671
5906,13.001877943556982
5907,12.590021258509362
5908,12.932074162961067
5909,12.668236246916223
5910,12.292502603528535
5911,12.156919165369478
5914,15.53405181293278
5915,14.58344512268247
5916,12.733551825822538
5917,11.874480481958905
5918,10.859018228147887
5919,10.082135703963774
5920,11.255306921732833
5923,15.113469757186891
5924,13.720511729685033
5925,11.760332268420118
5926,11.080556676662296
5927,10.610537638265065
5928,10.974505940611799
5929,12.167659206443483
5932,14.539495819227405
5933,15.374826910314614
5934,14.706073551690404
5935,13.943843964435837
5936,13.342008014651658
5937,12.986211411217225
5938,12.389206372424686
5941,9.666878750268348
5942,12.405152986139083
5943,12.44247984447737
5944,12.125865340977981
5945,11.772632355591485
5946,11.482270362010594
5947,13.017449428687309
5950,14.337065417079344
5951,14.031143575697946
5952,13.700751570262304
5953,12.969720227349502
5954,12.60895107774157
5955,11.780399728050659
5956,11.397424822671375
5959,11.272813765425864
5960,11.244536085898856
5961,10.674729390705439
5962,9.433563920090563
5963,8.788593431293735
5964,16.613257455135166
5965,15.462203021151307
5968,14.706555274148807
5969,14.046556403742064
5970,13.326200146470882
5971,12.856873232459044
5972,14.54235311894807
5973,12.877518547495756
5974,11.748550793786494
5977,17.260509267522078
5978,16.999424061843357
5979,16.117008560289314
5980,15.872230278143585
5981,16.251956039457763
5982,15.868532787791219
5983,14.808473770826565
5986,13.694015014470834
5987,13.59827203758669
5988,14.116032100515874
5989,14.199737729212126
5990,13.890525261769719
5991,13.698649721951055
5992,13.677143492296112
5995,10.177134086023445
5996,9.858803944909488
5997,11.531482218448614
5998,10.611646490716511
5999,15.773952427404772
6000,14.983689020416831
6001,14.569427761534094
6004,16.732075644631195
6005,16.41641064302872
6006,16.22195409907732
6007,16.050462640155857
6008,15.638268569210018
6009,15.242303661364044
6010,14.913719431938285
6013,16.132963672107064
6014,16.105368807157973
6015,15.28806242865381
6016,10.879159780925365
6017,14.909476736826905
6018,14.521254564318292
6019,13.45105110750926
6022,12.260148814128843
6023,11.952289458083852
6024,11.412176521869625
6025,10.44523027893684
6026,9.342420712333391
6027,8.249836485425702
6028,7.362645270417825
6031,8.753055515138222
6032,9.175955945114351
6033,8.68946441235669
6034,7.731492029245684
6035,14.154168261854073
6036,13.725483000508465
6037,12.959514981873875
6040,14.280868412290115
6041,13.606900876427101
6042,13.044218035260524
6043,12.721548440471395
6044,12.91286628812397
6045,12.621336257784897
6046,12.097551585052662
6049,16.789094661586393
6050,16.38876357518993
6051,15.886301036876496
6052,16.113120997864225
6053,16.289073696039846
6054,15.335772060506388
6055,14.607554207173047
6058,6.907755278982137
6059,6.907755278982137
6060,11.781715195690182
6061,13.815510557964274
6062,6.907755278982137
6063,6.917705609835305
6064,6.993932975223189
6067,13.948366097251373
6068,13.075617622006419
6069,12.596644057798335
6070,12.5384292818177
6071,16.212148677239828
6072,17.041997266440372
6073,16.32879181396476
6076,15.577880522285849
6077,14.689556199864677
6078,13.968016171125337
6079,13.063394384278025
6080,12.314859783605902
6081,11.958213668865383
6082,11.355721796177896
6085,13.416302334663701
6086,12.650707183425368
6087,12.547710090892172
6088,13.192422879838187
6089,12.614463469554542
6090,17.334529493059513
6091,16.44200964765716
6094,12.168422698078269
6095,11.839412298694684
6096,13.743819048426989
6097,16.694474380996272
6098,16.217645919775865
6099,15.764003939029472
6100,15.365454484172563
6103,12.80136165290595
6104,13.144975779074972
6105,12.647374542644826
6106,12.708755204353697
6107,12.576894547694764
6108,12.429991895912055
6109,12.243016730669883
6112,11.428510713827865
6113,11.081711686839286
6114,10.73299960761659
6115,10.72980981224849
6116,10.614106214008078
6117,10.427091188661334
6118,10.891801227257481
6121,13.163846913057988
6122,12.524155398754008
6123,12.489185545192516
6124,12.066298953085983
6125,11.913203811724399
6126,11.726196442408119
6127,11.532688875811179
6130,13.914403403260595
6131,12.820355174236258
6132,11.551328536253173
6133,11.86244789052583
6134,10.77958109465887
6135,9.424160595829509
6136,8.537583881063972
6139,15.995370799620456
6140,15.518379248870247
6141,15.189989642800818
6142,14.548209646826333
6143,14.084583805254463
6144,13.20089170821861
6145,13.318937876716383
6148,16.670489250131624
6149,16.100593579353426
6150,14.892013561044283
6151,14.10952851623356
6152,13.664781849840974
6153,13.620903441792228
6154,13.403048024881821
6157,11.49940446686545
6158,10.99581345656153
6159,10.09950653645368
6160,9.641927964229918
6161,9.1689974084418
6162,8.915029272359911
6163,12.356013045985613
6166,13.753879805167774
6167,13.597043554533967
6168,13.17802511622923
6169,12.941404891207416
6170,12.671832909422093
6171,12.39197113081447
6172,12.221084403150611
6175,11.38377304207626
6176,11.304682841344873
6177,11.36005396664135
6178,11.230721692526474
6179,10.40867732468349
6180,12.505358384292803
6181,12.16870301806017
6184,12.723362332153163
6185,12.9569296156723
6186,12.657488971174622
6187,12.144920384536668
6188,11.621932324628208
6189,11.304608947899188
6190,10.900528434095392
6193,13.00252072218699
6194,12.585193778298736
6195,12.174896686394998
6196,11.79447376423837
6197,10.669722542203239
6198,15.916615494637773
6199,15.474920031681439
6202,11.94148190430179
6203,11.293338082983785
6204,10.356821765848482
6205,9.621787551761894
6206,18.329280714536367
6207,17.333806533698695
6208,16.69572434233991
6211,16.373342337766832
6212,15.909677521483088
6213,15.244051098970823
6214,14.413244803440751
6215,13.288741849277178
6216,13.09519770933156
6217,13.18942371608541
6220,14.441034464424725
6221,14.473326890028245
6222,13.659470594564208
6223,13.04080402019911
6224,12.870429328626857
6225,12.832323861698844
6226,13.37410837964163
6229,14.196883773013955
6230,12.840965517859564
6231,12.181493026555783
6232,11.857812200192459
6233,11.47726719876093
6234,10.865535281748011
6235,10.172254353874754
6238,8.669055540725484
6239,8.445267451844648
6240,7.583756300707112
6241,8.490438454107418
6242,7.223295679562314
6243,6.985641817639208
6244,6.913737350659685
6247,12.265831009901003
6248,10.439103345109338
6249,9.938323667371586
6250,11.458500957658673
6251,17.28255129659534
6252,16.325367348155122
6253,15.52439698456368
6265,11.939251463745721
6266,11.533845115222732
6267,11.072092213024273
6268,10.722033142490407
6269,9.871996885444757
6270,9.67733949220162
6271,9.387481868728596
6274,12.524162674153336
6275,12.656969905036172
6276,12.769814196502745
6277,12.622405155602396
6278,12.645620288935495
6279,12.348088567522801
6280,12.154363475204528
6283,11.595168826351244
6284,12.727719507927748
6285,16.9691545867687
6286,16.33529106713913
6287,15.745709356169435
6288,15.092458414360829
6289,14.543439769131204
6292,16.279953752157162
6293,15.430296742858081
6294,14.216247840832208
6295,12.675006953255384
6296,12.372040371088142
6297,12.111344296429532
6298,11.825478182944066
6310,12.565001547396188
6311,12.797176026266527
6312,12.54011693707672
6313,11.86928435897044
6314,11.84036416464
6315,11.858265409845085
6316,11.813859343097757
6319,11.990525170837591
6320,10.990887213990135
6321,14.54261848844765
6322,13.76842628792971
6323,12.717047258196766
6324,12.217378492899144
6325,12.192328627737915
6328,10.34009596741305
6329,9.819942886825784
6330,9.278092474027002
6331,13.575037718128243
6332,13.158811018375374
6333,12.439637703805365
6334,11.60793559976555
6337,15.640425750807395
6338,14.676299996333489
6339,13.758007496504863
6340,13.044693685234359
6341,12.509135820020257
6342,12.285618306619597
6343,11.718987962145981
6346,10.676485114583807
6347,10.031660866259111
6348,8.706159290928861
6349,16.635294721097036
6350,16.25593139157132
6351,15.789284592424751
6352,15.178927720132815
6355,14.018202391368563
6356,13.87493068996813
6357,13.854405256442083
6358,13.82922212332996
6359,13.737794391792987
6360,13.490404876599635
6361,12.84968813705907
6373,12.788813267210061
6374,12.486087902920922
6375,11.678999069119433
6376,15.94243068979053
6377,15.5305491572128
6378,15.102654249028898
6379,14.417566048367437
6382,13.326337157126938
6383,13.015695340646559
6384,12.275052850270235
6385,12.077358204174038
6386,11.897357589203876
6387,11.389808227723144
6388,11.022996640917222
6391,14.484763020031673
6392,13.685103422618512
6393,13.919157706646846
6394,13.77000364801209
6395,13.955548983853474
6396,13.249369526860376
6397,12.57009751248746
6400,15.041106977639611
6401,13.912394952587459
6402,12.441559701375622
6403,11.273385727844461
6404,10.213542475839635
6405,9.619266151713328
6406,9.723223876851618
6409,16.97520946259024
6410,15.973550225950692
6411,15.979929879025073
6412,15.795377452410163
6413,14.776679813507704
6414,14.156733634310882
6415,13.262525239800814
6418,16.540818844570765
6419,16.077365943846118
6420,15.536365150416254
6421,14.493182106268076
6422,14.428842046747292
6423,13.629682059030875
6424,12.85317326978424
6427,11.798322428548293
6428,10.592651811785132
6429,10.629126124296002
6430,15.532280102129889
6431,15.078357653170798
6432,14.818445666158217
6433,17.78800287903183
6436,16.763101511803736
6437,16.155325248540596
6438,15.678778420987284
6439,15.05877455372907
6440,14.18723961794167
6441,13.743888877040742
6442,13.592714446285923
6445,16.443130226198477
6446,15.593428845118428
6447,14.75880303919726
6448,13.965500020494868
6449,13.479651733167554
6450,13.225944711256451
6451,12.788517289434157
6454,11.573926486527627
6455,11.676964238919082
6456,11.60494842961628
6457,11.428967603072808
6458,11.888803837113372
6459,11.370428285241672
6460,11.774897344772617
6463,15.908282725708032
6464,15.122802836439206
6465,14.47025936715523
6466,13.960854284461659
6467,13.460468565748148
6468,13.352407862407293
6469,13.018590489686936
6481,12.509789225411396
6482,12.18322869810488
6483,11.835523324586946
6484,11.366661932991452
6485,10.874664117894554
6486,10.154557506491177
6487,9.757999245787522
6490,12.811126045331012
6491,12.934852378718825
6492,12.472045774819739
6493,15.068967571269098
6494,14.294006153185682
6495,13.85343235096283
6496,13.135398055674784
6499,16.809223544129075
6500,16.235976015211456
6501,16.089675085679232
6502,15.427978874083404
6503,15.098245558150635
6504,14.458760837147036
6505,14.222890498277211
6508,12.190070288052668
6509,11.415588232081271
6510,13.497465493330216
6511,13.21722800341885
6512,12.917280741407774
6513,16.441664640443054
6514,16.056774349016635
6517,14.925166968516928
6518,15.203440331068682
6519,14.744085528671649
6520,14.655558055017696
6521,14.461207576151226
6522,14.500284782960277
6523,14.453518637440418
6526,15.487358039424768
6527,14.716251821027237
6528,13.305081522213525
6529,11.716878041890478
6530,11.51483364323953
6531,11.163991907597719
6532,11.002499761225565
6535,15.693291289179832
6536,15.212906319875339
6537,13.545634349360919
6538,13.009998387593619
6539,12.40916041750793
6540,12.243161279725264
6541,12.35386314220475
6553,13.767443632194889
6554,13.678134068133488
6555,13.378178551007734
6556,13.151922179645874
6557,12.551929282033027
6558,12.296205811329225
6559,12.188758619096562
6571,16.243336055633446
6572,15.784728947174328
6573,15.812798404987912
6574,15.39801397165817
6575,15.355732788376713
6576,15.049002163731734
6577,15.168779276791282
6580,14.075061638368231
6581,12.784369984411176
6582,11.601778478439227
6583,10.592651811785132
6584,8.976262255609193
6585,11.479130804133241
6586,10.813981515563105
6589,16.60428754040058
6590,15.785290402709494
6591,15.28966056457882
6592,14.44674244039334
6593,14.531598085085466
6594,14.400352335383083
6595,13.934396984660811
6598,16.841239062345817
6599,16.041104017354247
6600,15.512615332510684
6601,14.530731314674746
6602,14.025592375026019
6603,13.63269287812163
6604,13.099798699154904
6607,15.807669413126106
6608,15.568727204219572
6609,15.54833002726995
6610,15.329610010194163
6611,15.216881444955574
6612,14.9528322111205
6613,14.79020792432675
6616,12.502522419111113
6617,11.723016197689448
6618,11.937114187076496
6619,11.683419012509088
6620,11.283524879179666
6621,10.648040521155973
6622,10.569674551513291
6625,15.449130708867589
6626,12.27141084683831
6627,10.452360123939021
6628,15.071299230112476
6629,14.200055694779884
6630,13.326239294288152
6631,12.688492621915909
6634,9.379238908437996
6635,8.116715624819111
6636,15.016584063382075
6637,14.302988124819647
6638,13.640969057889274
6639,12.850851198061843
6640,11.706302352441167
6643,12.290841092364841
6644,12.553682626561843
6645,8.858510813033927
6646,11.223361623100429
6647,10.7758263968811
6648,12.78121301539797
6649,12.601753375680893
6652,10.768379721324283
6653,16.78525018049401
6654,16.15810355419617
6655,13.271538269937182
6656,15.146502282224434
6657,14.720055375890365
6658,14.151186763551122
6661,14.396569643366933
6662,13.659084792090287
6663,13.082530476902605
6664,17.06258293724728
6665,14.207772891754633
6666,15.765698117271548
6667,15.207547150869223
6670,15.119904006850746
6671,14.583659454027487
6672,13.49628140128103
6673,12.55331171126228
6674,12.364929377360626
6675,11.510672929916934
6676,10.657823901408495
6679,18.09050362543199
6680,17.288569798297676
6681,16.734073894773342
6682,16.284779828752836
6683,15.778658563507342
6684,15.067821710120295
6685,14.565087220090913
6688,15.2194014382417
6689,14.938192500996923
6690,16.38510932093873
6691,15.941175162101864
6692,15.639968555525524
6693,15.471905526880638
6694,15.018292753797125
6697,17.606669847309252
6698,17.300224514123887
6699,16.987473878755498
6700,16.745397430117908
6701,16.448596666700258
6702,16.31762259258335
6703,15.821312287117335
6706,15.56925883560617
6707,15.11339547434401
6708,14.70224023559435
6709,15.053734053009762
6710,15.120731784870168
6711,15.080290179272804
6712,14.93414636456311
6724,11.8168523726869
6725,11.375018800502191
6726,11.413105129688017
6727,11.159445411928015
6728,12.01195377325658
6729,11.27975683000893
6730,10.28909003154804
6742,12.318123729337549
6743,11.92886881736602
6744,11.358969766132942
6745,10.928255936745675
6746,10.510041450510977
6747,14.70629187375489
6748,14.096893583007008
6751,14.817644251162918
6752,13.641236929543446
6753,12.400524498559522
6754,11.427008034857009
6755,10.849686540148948
6756,11.206413891581187
6757,10.773587738303867
6760,15.73929048726627
6761,14.921705690730453
6762,14.069070795859192
6763,12.753355552306502
6764,11.986640946759838
6765,11.594136720395051
6766,11.37320352179509
6769,13.310685229699173
6770,13.676756407596114
6771,13.224611253822875
6772,12.74689289888127
6773,12.551486925504152
6774,11.520417330728524
6775,10.88939762629034
6778,10.816593217465508
6779,11.326511545872743
6780,10.838992503334087
6781,16.689700087005725
6782,16.293269809178344
6783,15.92761905201561
6784,15.312930733422988
6787,16.421678335974267
6788,16.187527492750373
6789,15.621403017658242
6790,15.3052189916501
6791,14.83495300789789
6792,13.959671506162165
6793,13.591491623614111
6805,11.28794272338199
6806,11.507108579648664
6807,11.325824505002949
6808,13.325849378898113
6809,12.36062895736336
6810,11.454066782963823
6811,9.982806921740384
6814,15.32570785654798
6815,15.065092472267395
6816,14.072382072555238
6817,13.33045501489185
6818,12.536379486528174
6819,11.919489968521694
6820,11.131108521767771
6832,16.068729340848687
6833,15.660286169957285
6834,14.748713469302361
6835,13.79844069326868
6836,12.82349631889289
6837,13.085236630372952
6838,12.842030235293587
6850,10.95187615002577
6851,11.388030952598463
6852,11.298307963375454
6853,11.217144014261798
6854,11.708212604154205
6855,11.672038099627246
6856,11.635373159723754
6859,12.97851610140617
6860,12.269690430420189
6861,11.701966065018876
6862,17.01636480532508
6863,16.43100085378761
6864,15.879338590726421
6865,15.309746800149657
6868,12.074915574828337
6869,11.470383241704553
6870,10.596609732783568
6871,14.712437006455517
6872,14.154883583227013
6873,13.548676318025331
6874,13.031159953323149
6877,11.507249386471992
6878,11.392575387278974
6879,10.914615625171118
6880,10.532869246423687
6881,11.809713452450524
6882,10.87602628394887
6883,14.792988953117266
6895,14.93470294939395
6896,14.288972575086715
6897,13.25978519251191
6898,12.242631164340468
6899,10.90802722863092
6900,10.026678163091326
6901,9.628655892063167
6904,13.912625471892202
6905,13.03599906375133
6906,12.480950593931832
6907,11.667593153982345
6908,11.378628064751071
6909,10.811141091014619
6910,10.175649813329873
6913,12.441622914248944
6914,12.073871795912016
6915,12.997468865032564
6916,12.564337824374869
6917,12.143468252759867
6918,10.605569697153653
6919,16.37295288497407
6922,16.631537708873296
6923,16.070106470915437
6924,15.616694477220154
6925,15.245044229540598
6926,15.184526757640997
6927,14.685030385590762
6928,13.959423005498723
6931,15.535179505795087
6932,15.202251069544246
6933,14.879244956424348
6934,14.31235084116357
6935,13.526807964958486
6936,13.043439210597318
6937,12.675716835185238
6940,17.378248986152464
6941,17.150053047220897
6942,16.945337921485585
6943,16.909647627146786
6944,16.64559542520086
6945,16.464385819286424
6946,16.48743432037113
6949,16.165012251579356
6950,15.808668594055446
6951,15.16671775104999
6952,14.7141052341614
6953,13.998641786885269
6954,13.347851378347558
6955,12.273684563940193
6967,14.634653622888127
6968,12.384444746815323
6969,13.026966393832666
6970,15.360951029517143
6971,15.518333525611627
6972,15.581159426398372
6973,15.510187561149463
6976,15.000797972651547
6977,12.816052868024965
6978,12.273731294003989
6979,12.556099036742198
6980,11.95716246757893
6981,11.656488868280348
6982,11.031399710249099
6985,13.853148288091548
6986,13.364564180251996
6987,12.95586005013737
6988,12.500308196951798
6989,11.429163348864899
6990,11.274477902396146
6991,11.148578307582962
6994,16.81845565644262
6995,16.38927060246289
6996,16.440213787208723
6997,15.584814443918372
6998,15.352304441541186
6999,14.891680558494945
7000,14.243664320860454
7003,14.253012947742837
7004,15.212912253617688
7005,14.348343435873335
7006,13.240135746337156
7007,12.375520017840522
7008,12.150512365758129
7009,11.770068429838156
7012,15.707724678753426
7013,15.490634894942662
7014,14.924652877413875
7015,14.376418082676972
7016,13.6675347741651
7017,12.682673217023945
7018,11.577307723899496
7021,14.109172962529465
7022,14.261255433614211
7023,14.368242707933371
7024,14.222085050477936
7025,13.936721489444558
7026,13.502715784697418
7027,13.275949326372558
7030,16.265985774334744
7031,16.01920769855163
7032,15.75394382466904
7033,15.400402467060342
7034,15.021222049896513
7035,15.029065110373608
7036,14.253919670557213
7048,8.80956425335415
7049,8.317033476492403
7050,12.438386025164878
7051,12.237251494011174
7052,11.733650093047128
7053,10.221541203633324
7054,9.736724334658026
7066,15.186447850632053
7067,15.036504182770658
7068,14.821136930300474
7069,14.403357776588535
7070,14.03501308880096
7071,13.708465290575578
7072,13.874998534043625
7075,15.068307240177043
7076,14.286306997852583
7077,13.187122499207783
7078,12.97166606118041
7079,12.465806530503828
7080,11.749356347411215
7081,11.226136327067039
7084,16.50467996674985
7085,15.959951842527577
7086,15.506085041123983
7087,15.137724959457858
7088,14.230865269009097
7089,12.7669447867803
7090,12.336881585641587
7102,15.721323152410315
7103,15.578128679471186
7104,15.483978409619427
7105,15.355471910524482
7106,15.223244685927936
7107,15.12106655282963
7108,14.641191446126511
7111,11.4978727390106
7112,9.381179591661104
7113,9.538492376981678
7114,8.95402775927046
7115,6.495265555937008
7116,6.415096959171596
7117,6.198478716492308
7120,9.752897193903626
7121,9.2213792190914
7122,8.555836815008442
7123,8.00836557031292
7124,13.971825180492068
7125,13.348995237488863
7126,12.736903817179039
7129,10.223975576713087
7130,9.868637275100381
7131,8.718009330846357
7132,8.103191752285786
7133,11.960900741830327
7134,11.388665247589543
7135,10.958130537988746
7138,13.884131360242062
7139,14.811149109979691
7140,14.430080872646132
7141,14.014039233666516
7142,13.839617633307506
7143,15.183929857838322
7144,14.491730273983471
7147,17.493496821122122
7148,17.222952965462763
7149,17.6684089684729
7150,17.868941593699418
7151,17.053199658136233
7152,16.708122748659946
7153,16.714117425186693
7156,17.609541853465075
7157,17.106665704022713
7158,17.235101993649554
7159,17.335807885553493
7160,16.526069476268997
7161,15.834226035182544
7162,15.62574464889629
7165,15.697961679209858
7166,15.149394158458458
7167,14.543984823644113
7168,13.579155112677833
7169,12.957712765720936
7170,12.675673068499183
7171,11.933377702886641
7174,16.0722780742697
7175,15.762683908844112
7176,15.472024595012366
7177,15.285077712102979
7178,15.115024333641935
7179,14.700710955399945
7180,14.459333031512216
7183,15.75935571925632
7184,15.374852353844226
7185,15.025892281225286
7186,14.118459250273753
7187,13.345066831890135
7188,19.072643728988524
7189,18.111756103987915
7201,16.33569007430133
7202,15.939547764903933
7203,15.448479237575974
7204,14.946565512429153
7205,14.516244386990746
7206,14.082884560405224
7207,13.667499989015571
7210,16.57732216515901
7211,16.21058193823772
7212,15.581197575561777
7213,15.116019335956716
7214,14.938277102952906
7215,13.991479479430453
7216,12.912597445391649
7219,13.467594287470776
7220,13.405641265659101
7221,12.917219358198517
7222,12.53860857361558
7223,12.07010399950078
7224,11.912171273264477
7225,11.69952950549349
7246,16.096298714348645
7247,16.070744575803392
7248,15.540816429020326
7249,15.26491820630822
7250,15.18989553303486
7251,14.843200257294155
7252,14.458927432559951
7255,16.254683168870997
7256,15.901102025026677
7257,15.586388858479403
7258,15.10035978386617
7259,14.152185631155616
7260,13.041682466122186
7261,12.467601946127715
7264,14.941317367488908
7265,14.73685649075206
7266,15.284353791394294
7267,15.110693512083172
7268,14.99559499370891
7269,14.970512946876498
7270,14.838359607844517
7273,10.581521095286025
7274,10.053759290414428
7275,14.006718348307485
7276,12.645977826951876
7277,12.236126470858638
7278,11.839282428564632
7279,16.95577857852586
7282,13.147625583842881
7283,12.730759753488975
7284,12.43803717735016
7285,12.081557625832241
7286,11.776197010041864
7287,11.173781662893846
7288,10.969094439590254
7291,16.22982242889655
7292,15.629062177342748
7293,15.022913871359602
7294,14.41081941565763
7295,13.998665933701242
7296,13.481494103440275
7297,13.271844887891893
7300,11.57484806757443
7301,11.162147386011746
7302,16.699102048376027
7303,15.876911975725937
7304,15.284202774296153
7305,14.594959280307105
7306,13.232707255459983
7309,10.950841633920426
7310,10.49479578720404
7311,14.378391865425218
7312,14.185644126934626
7313,13.587382102635548
7314,12.934116299333823
7315,12.873925094762638
7318,16.091366591216296
7319,15.376992757977222
7320,14.720066708156038
7321,13.931803595235293
7322,13.10639658388225
7323,12.590807696411941
7324,12.346399645621451
7327,13.189743482415619
7328,13.824660568646673
7329,14.606535981665735
7330,14.430247988515958
7331,13.985669279788596
7332,13.549899127153926
7333,13.015791016647643
7336,10.308118979895715
7337,16.75730868472652
7338,16.32152005149209
7339,15.864324063475651
7340,15.572914061941608
7341,15.20383535635057
7342,14.597522189178482
7345,13.96270567528265
7346,13.030732620214875
7347,11.9602616171537
7348,11.374892527005109
7349,11.334922569320291
7350,11.063085182267388
7351,10.808697114399466
7354,16.350684217356374
7355,16.06864066584441
7356,15.623144524641923
7357,15.22731280900174
7358,14.62349064905983
7359,14.189546228616644
7360,13.579541358531284
7372,11.129290339448714
7373,13.297116364698331
7374,13.189062687355387
7375,12.843519466419442
7376,12.499547905022718
7377,12.417499827462782
7378,12.217180721779014
7390,13.004572591717913
7391,12.679666696490838
7392,12.199385335230318
7393,11.974720495666075
7394,11.666187178355308
7395,15.576709096320913
7396,14.838768713727399
7408,16.863170734499178
7409,16.76137967189505
7410,16.66962206509964
7411,16.573440171059897
7412,16.408179087825257
7413,16.260891941560757
7414,16.14436282814902
7417,16.550977527690872
7418,15.965048661840335
7419,15.728111049105745
7420,15.33821669068142
7421,14.927155879818311
7422,14.601279763019857
7423,14.327653114193922
7426,14.49895279756049
7427,14.162727717728805
7428,13.922830153371597
7429,13.636812030067755
7430,13.773398147882537
7431,13.365477385067889
7432,12.394123591318001
7435,10.987696610893494
7436,17.87078736733407
7437,16.913913673243986
7438,16.240601560710825
7439,15.809849853649077
7440,15.54249058814748
7441,15.193006072518429
7444,12.994907207472256
7445,12.785233324469399
7446,12.73890434955878
7447,12.670155657460004
7448,12.465513409963622
7449,12.527376855625171
7450,12.353953712343836
7453,15.658475209364779
7454,15.353518202300794
7455,14.872850056074418
7456,14.543071242463308
7457,13.919311858678014
7458,13.378410809552797
7459,12.553226911301802
7462,13.286626185461614
7463,13.001270871487462
7464,12.733303957050078
7465,12.35137572912603
7466,12.080741821851873
7467,11.645356252150718
7468,11.448429609589127
7471,16.627829779259805
7472,16.06349584344472
7473,15.549531445087315
7474,15.055040642490592
7475,15.009116309620566
7476,14.005126280863013
7477,13.606534916150038
7480,16.697052503103436
7481,16.245021562851246
7482,16.064391874745
7483,15.793343841012238
7484,15.095515916960599
7485,14.363137624653996
7486,13.472862490095341
7498,9.838041953461058
7499,8.881975184248867
7500,12.152434498860892
7501,13.135141389763543
7502,14.678831222030674
7503,14.26943879264392
7504,13.224271741236882
7507,11.744925679994731
7508,12.298551548322438
7509,12.428131608891452
7510,15.252994583102273
7511,14.876202887132147
7512,14.637984554290865
7513,14.501104282869305
7525,11.420875963372074
7526,10.611744995900427
7527,10.208063614530875
7528,12.793286924428452
7529,12.538855943519096
7530,12.390712346683419
7531,13.36388422699025
7534,11.530372378573949
7535,11.180803751086273
7536,11.438126484894745
7537,10.500949482961666
7538,10.997104049659168
7539,10.895071268445715
7540,10.65975036741015
7543,11.35700822569525
7544,11.86920032888762
7545,11.148232750152198
7546,11.52693684551788
7547,12.260082496733766
7548,12.273829420030594
7549,12.07380331331513
7552,12.077090887604223
7553,11.427585417803213
7554,10.547995807489514
7555,10.097820021996219
7556,10.689737933858227
7557,10.076936530826485
7558,8.753055515138222
7579,11.648653193881424
7580,10.62750335675854
7581,9.325364048544964
7582,8.628197749459149
7583,9.847287502847928
7584,15.964146834088696
7585,15.155007555468066
7588,16.950827497311295
7589,16.391877334087944
7590,15.987406273124051
7591,15.36395820674311
7592,14.6305664739871
7593,14.066311298774805
7594,14.424966298983929
7597,15.924538935473292
7598,15.553092577624916
7599,15.23607155410881
7600,14.701784870906337
7601,14.121187742787974
7602,13.985255020313657
7603,15.204134703028686
7606,13.538180055990289
7607,13.01567753945032
7608,12.773098057134328
7609,16.617321496680752
7610,17.495491184701443
7611,16.63034108631464
7612,16.073664756351565
7615,16.79508331702058
7616,16.3266145413405
7617,16.022352847585914
7618,15.560970209534304
7619,15.039130095082532
7620,14.60923583663165
7621,13.764069884295878
7624,16.385253408259878
7625,15.58797065324294
7626,14.891124057046877
7627,14.054322713066423
7628,13.459017026140797
7629,12.542209111501016
7630,12.7993608160269
7642,13.00601830737963
7643,12.37000532521205
7644,11.889895071998419
7645,10.850365683678074
7646,10.74149236601174
7647,10.570803973061551
7648,9.357207447785735
7651,16.250397225166086
7652,15.801502175989896
7653,15.415211418799569
7654,15.29350061997723
7655,15.425911606433921
7656,14.833789846828164
7657,14.509106137978156
7660,14.931200522789135
7661,14.506134056716473
7662,13.903526014031083
7663,13.170843017175574
7664,13.172006511025199
7665,12.67956704992467
7666,11.87811009857637
7669,16.98201284203091
7670,16.510697852111825
7671,16.260194686289914
7672,15.984045609573064
7673,15.596264184482461
7674,15.267522198338332
7675,14.940802102425879
7678,16.91688063372862
7679,16.4674547089446
7680,16.050179913439948
7681,15.521926168212342
7682,15.19300228937001
7683,14.419302343742858
7684,14.022618218913086
7687,15.59993032401672
7688,14.85442379634244
7689,13.963542556783356
7690,12.718270327593538
7691,12.057323186147803
7692,11.46692341040843
7693,10.186898014636986
7696,16.486325034519137
7697,15.84326859755649
7698,15.562772884803968
7699,15.08926592189141
7700,14.835355575244078
7701,14.05625038279664
7702,13.026039684168737
7705,13.8472892245798
7706,12.830892804304616
7707,12.298852353662634
7708,11.443961164503692
7709,10.684508238346313
7710,9.789534672460096
7711,15.990014180492615
7714,16.51315237932494
7715,16.60481442554105
7716,16.2330932107764
7717,16.15584239373541
7718,16.00718610118198
7719,16.220279696973954
7720,15.927517421462184
7723,15.669774293135113
7724,15.390626554519972
7725,15.048899921405972
7726,14.6648556071441
7727,14.485426981901552
7728,14.240909003779889
7729,13.950799031018466
7732,7.0825485693553
7733,8.193400231952097
7734,10.981352768059448
7735,11.171997315498414
7736,10.25135885791871
7737,9.396155818024393
7738,9.411238314343073
7741,16.347741138796927
7742,16.052109255489732
7743,15.505038315422468
7744,12.809481096890723
7745,12.822392775976793
7746,12.603411491493201
7747,12.079970728732526
7750,16.04374994285534
7751,15.394185711692016
7752,14.037279565025221
7753,12.272973997981932
7754,10.952927103863022
7755,11.991219632533697
7756,10.172101477895096
7759,11.541065785914538
7760,10.985038453275942
7761,9.995200360459327
7762,12.309278842308585
7763,12.134447741854874
7764,14.54624875906497
7765,14.642172381008459
7768,13.27882680932894
7769,12.307468813535545
7770,10.0589516551602
7771,8.670257567143075
7772,6.716594773520978
7773,9.551373619924957
7774,9.34005197849784
7777,15.7489825297556
7778,15.113132435948584
7779,14.49803956471358
7780,13.816032421769668
7781,13.13857721976733
7782,12.531140816566309
7783,12.05466237401836
7786,14.01772297345602
7787,13.485936474284044
7788,12.62074523438925
7789,11.98535115864834
7790,10.917068321185521
7791,10.134242066851673
7792,9.535823881654714
7795,15.376336630328256
7796,14.974178522315933
7797,14.531850202063216
7798,13.440530522006325
7799,12.945213225814463
7800,12.257302687917358
7801,11.722951354730965
7804,15.337174839330542
7805,15.777154001374287
7806,15.403164717969096
7807,15.346232698622535
7808,14.95310506981073
7809,12.172076261771865
7810,11.773488107491092
7822,14.379888702143724
7823,13.912797872857348
7824,13.763816130502029
7825,13.872856398683153
7826,13.40192960530353
7827,13.312925884099862
7828,14.83536819794348
7840,12.663443693653559
7841,12.050056059315144
7842,13.360685548417218
7843,13.074061394055247
7844,12.680556847003714
7845,12.561660999343617
7846,11.899995754354533
7849,7.329749689041512
7850,7.956476798036782
7851,13.264191010856793
7852,13.371541080067644
7853,12.10852596662516
7854,11.0154273014151
7855,9.910165207289369
7858,13.768514333721964
7859,13.232200259169186
7860,12.951212001203633
7861,12.551734669267585
7862,12.184363702367959
7863,11.768311592621188
7864,11.203338557130397
7867,16.70673967044916
7868,16.542284831074756
7869,16.39384189901852
7870,16.13674054952161
7871,15.974565176578038
7872,15.792480739686978
7873,15.671316552319709
7876,11.246861364542914
7877,12.629027250192834
7878,11.58105129401783
7879,10.741557249815683
7880,9.880577100953023
7881,16.553820157257313
7882,15.58275394901884
7885,17.0076130750965
7886,16.560069143333006
7887,16.2492252240221
7888,15.768535763438026
7889,15.110367306203836
7890,14.292054626828019
7891,13.27157617163053
7894,16.71067276774606
7895,16.291269242417783
7896,15.528316823016477
7897,14.673833560355613
7898,13.980623220825578
7899,13.86417214243912
7900,13.01747608309295
7903,15.760473544316866
7904,14.691260089225208
7905,12.348197012572715
7906,11.864222976400304
7907,11.512855462520115
7908,12.168957314503725
7909,11.781715195690182
7912,15.955626837851757
7913,15.89163472824716
7914,15.798471760470276
7915,15.716086165303487
7916,15.536549771779294
7917,15.164383905499664
7918,14.84619155432795
7921,17.41850625363321
7922,16.99537154608519
7923,17.077851383931694
7924,16.41649345433919
7925,16.17676061271817
7926,15.749094189555496
7927,15.409454861931462
7930,17.159219141803938
7931,16.567848995224125
7932,15.975373005022647
7933,15.640368834532751
7934,15.298889206047498
7935,14.794171587076514
7936,14.197152125729358
7939,15.55049383441425
7940,15.019736730189853
7941,14.140859011220432
7942,13.700099706452946
7943,13.241262234744534
7944,12.552021267612583
7945,12.609168281989604
7948,16.018085573919375
7949,15.743297032350462
7950,15.402906112777744
7951,15.10027123841061
7952,14.77264645209031
7953,14.51482468376766
7954,14.34465123254475
7957,16.1773601011017
7958,15.782637739735124
7959,15.362539307234778
7960,14.204013959536727
7961,13.636346810039596
7962,13.427639758257062
7963,12.660765917110165
7966,12.740810089342478
7967,12.145738606490474
7968,16.2874597884706
7969,15.783788249389868
7970,15.104331000083626
7971,14.683327595587109
7972,13.850080086493735
7975,15.635161096497994
7976,14.840941931807683
7977,14.065543721331297
7978,13.57559717577409
7979,12.858639989747205
7980,11.90915472025833
7981,12.393705074642705
7984,16.14097833393088
7985,14.918148067882004
7986,14.087729946925077
7987,12.479795236212537
7988,10.103771809704256
7989,9.665864679957084
7990,9.097171673870545
7993,15.144011597850813
7994,14.151409058601898
7995,12.67066164207441
7996,12.0216328468451
7997,11.536202441874721
7998,11.140991840070857
7999,10.426646803460935
8002,15.845482798663472
8003,15.403317192138713
8004,14.69579725362824
8005,13.63291736428036
8006,13.73172343203171
8007,13.08071395732861
8008,17.535732828815256
8011,13.009535046898982
8012,12.761442288480792
8013,12.389610129451693
8014,12.018525458884401
8015,11.48253841983021
8016,14.945907325556831
8017,14.00503693095797
8020,12.515379214078617
8021,12.283986935883568
8022,12.043383113245277
8023,11.448920134994315
8024,10.463217619655723
8025,9.694061978050115
8026,13.228843665882493
8038,11.582264943048841
8039,10.509223276085104
8040,9.560151815893512
8041,8.338544879988579
8042,7.367708572374371
8043,10.937739082043848
8044,9.835315772432795
8047,12.655270707203229
8048,12.483370993227215
8049,12.12481920521558
8050,11.812800401422017
8051,11.32608973460895
8052,15.913030447106223
8053,15.431280182733767
8056,15.805427339478811
8057,15.369952117619071
8058,14.403351665828792
8059,13.565153813814637
8060,13.484843041310627
8061,12.558611547828933
8062,13.535676277546205
8065,11.961456448214491
8066,11.392597944857194
8067,12.545237681881106
8068,12.191770860819314
8069,11.801781847649778
8070,11.005145199390197
8071,16.233407279647228
8074,14.372326429790366
8075,13.318500721831693
8076,12.785544280634088
8077,11.741979514824148
8078,10.966956139068657
8079,10.615652738931836
8080,9.622118842140939
8083,15.701225501919167
8084,15.180678315718342
8085,14.703860557814926
8086,14.06363155934759
8087,13.577716459566496
8088,12.387935763923968
8089,12.511606915013289
8092,17.394663925612125
8093,16.334036525159167
8094,15.914176618691442
8095,16.05440945981765
8096,16.426410153383614
8097,15.537610683662217
8098,14.898092037079856
8101,16.892258788507924
8102,16.258974534539735
8103,16.02565465111773
8104,16.019736016289144
8105,15.675996018625522
8106,14.945587921396275
8107,14.527591851516114
8110,17.344998686524242
8111,16.783096771386486
8112,16.250048748730524
8113,15.724193879041175
8114,15.179122353744608
8115,15.189762195703741
8116,14.13543375434424
8119,17.010719805687664
8120,16.368227324504968
8121,16.12503213781212
8122,16.359652786864043
8123,16.03584372976867
8124,15.088149820510147
8125,14.69986346396294
8128,17.642612269746973
8129,17.11716101079584
8130,16.44145869348141
8131,15.89775092926385
8132,15.43118438659424
8133,15.015615692488709
8134,14.853700287733195
8137,17.71446076550902
8138,17.103876922462092
8139,16.53087269492284
8140,15.954456093791842
8141,15.5599659582362
8142,15.04561795911166
8143,14.886998964232683
8146,17.17914050438908
8147,16.72938923934936
8148,16.42947474300122
8149,16.686380270051785
8150,16.802131196361515
8151,15.78451566773698
8152,15.334799448873621
8155,15.96436260057841
8156,15.27985471915897
8157,14.770524186794093
8158,14.571050678297416
8159,13.650771518786948
8160,13.33188821356374
8161,13.378365910440321
8164,9.989711119284745
8165,12.633739461622024
8166,11.565043419232335
8167,10.932517510305933
8168,16.238471056850813
8169,15.49553777357654
8170,14.363692658273795
8182,8.32845106681936
8183,11.569305798406337
8184,11.232960207829446
8185,10.772099502426816
8186,9.992093490870152
8187,13.393949603949252
8188,12.634459693822116
8191,11.086915754370356
8192,10.667396039978986
8193,10.480072826557953
8194,12.222324859915842
8195,11.244169819069379
8196,11.992161345529542
8197,12.955099088831687
8200,16.250731480185628
8201,15.692998539996797
8202,15.082526046471303
8203,14.328060494248597
8204,13.253617929994652
8205,11.678041519018516
8206,11.349464915817192
8209,13.01793797994272
8210,12.875723435241147
8211,12.924838838707739
8212,12.530472300917117
8213,12.940251398647364
8214,12.338582266323606
8215,12.199556461239876
8227,13.791323392613922
8228,13.666569617182576
8229,13.309149951157442
8230,13.24082707024993
8231,12.775041697849796
8232,12.291805288621322
8233,11.546099085101352
8236,15.997982289701111
8237,15.505731826800837
8238,14.38641496048383
8239,12.853783033081513
8240,11.568066845966431
8241,11.172489382682542
8242,10.747207591575448
8245,15.595161851532414
8246,15.134830633880377
8247,14.321330072046838
8248,13.463142042323884
8249,12.899579761305667
8250,12.260267227110834
8251,11.589849468383433
8254,12.94729783197312
8255,12.570681036293031
8256,12.25501517904319
8257,11.844270293156622
8258,11.315486209444275
8259,10.995024872532275
8260,10.743177978201487
8263,13.338105203409471
8264,12.877569643113551
8265,12.409082874874747
8266,12.461098511231938
8267,11.704115909983194
8268,11.434412420099118
8269,11.510322079100114
8272,14.044436558647138
8273,12.714389124022361
8274,11.64098441103626
8275,11.570307187208334
8276,11.871005421416463
8277,11.548089885557847
8278,11.37901685835231
8281,13.682229419737792
8282,12.88787319586454
8283,12.143351139287425
8284,11.918243895655118
8285,11.443811157538802
8286,11.416084113520673
8287,10.956178059290277
8290,12.494288325588089
8291,12.566275359564248
8292,11.979021469384946
8293,12.287279290949902
8294,11.79048901742584
8295,12.303680184383182
8296,12.076948668820295
8299,15.19901778864205
8300,12.15003125464655
8301,11.92385561250945
8302,10.644781833401396
8303,11.809616831579596
8304,11.716013236947985
8305,12.986236619731745
8308,15.1766312032822
8309,14.220658949256295
8310,13.177506651101424
8311,12.205172240287009
8312,11.391254882586653
8313,13.01962386835026
8314,11.504802563350678
8317,11.352932753659337
8318,11.827692408230767
8319,11.781233568238811
8320,11.740315985131762
8321,11.427661651011524
8322,11.276265983602498
8323,11.550895396221858
8326,17.569545506910863
8327,17.029492668119563
8328,16.534708524523776
8329,16.28283114206735
8330,16.047248847715696
8331,15.639846924122404
8332,15.124522336259048
8335,15.886186922468797
8336,15.381584706651202
8337,14.322198633872247
8338,12.654747295697291
8339,12.138286188889243
8340,11.845719516784374
8341,11.541026895081103
8362,15.310486887605283
8363,13.605422659511039
8364,11.873421100761416
8365,10.689715156112085
8366,10.24753814360942
8367,10.85379316299756
8368,10.15467419487498
8371,13.502691174058237
8372,13.262502639889648
8373,12.903771949437342
8374,12.781134244671382
8375,12.561713555039528
8376,12.427803199032999
8377,12.142403080074567
8380,15.294779190960444
8381,14.674079376085752
8382,13.651437480227052
8383,12.32220097958933
8384,11.245869210312105
8385,10.967180530408093
8386,10.20824795652266
8389,16.68196677210719
8390,16.69213525654685
8391,16.579804725297006
8392,16.968110630916286
8393,17.186796485877316
8394,16.557752308688695
8395,16.308596003366393
8398,16.51593119448414
8399,16.13891570168018
8400,16.34238758263132
8401,16.830110413953083
8402,16.219515311637593
8403,15.49177144268929
8404,15.356949033862904
8407,11.946692922883638
8408,11.385671471043278
8409,11.415169296172337
8410,10.967887896534048
8411,12.502856916995746
8412,12.34598240306709
8413,12.03632767094066
8416,14.845844005879089
8417,14.190126004363526
8418,13.597570942656574
8419,12.51544159836954
8420,11.064291861460685
8421,10.22951254915098
8422,8.946374826141717
8425,14.431377046305126
8426,14.25092533042876
8427,13.791671655859384
8428,13.357949201608426
8429,12.996732124904144
8430,12.442752170797023
8431,12.088656417591613
8434,15.281919547248284
8435,14.740957245853494
8436,14.075294573373476
8437,13.015368193070042
8438,12.438294860777587
8439,11.932457830289827
8440,11.79082231793721
8443,13.028823829106434
8444,13.237973387082352
8445,13.462995521030734
8446,12.900169375125706
8447,11.615779842886617
8448,10.948980318873577
8449,10.475398868279957
8452,11.021804424478573
8453,10.548441890494589
8454,13.2269467911967
8455,11.628261063650132
8456,10.802774536594097
8457,12.245447193004196
8458,12.066724367584087
8461,11.951025545202956
8462,11.41706413330962
8463,10.762826907960145
8464,10.315133519719373
8465,11.977351065901901
8466,11.182363726888726
8467,11.135420795021401
8470,16.86018798367644
8471,17.165447276285427
8472,16.434865055303664
8473,15.860777234759707
8474,15.844717586654927
8475,15.289661938417499
8476,15.148230076575569
8497,16.390385265007314
8498,15.928754675588522
8499,15.811968780942188
8500,15.18431841749685
8501,14.789335588580352
8502,14.0094938516075
8503,13.305889208768487
8506,16.25267995158062
8507,15.764627417167288
8508,15.132186852203295
8509,14.446920091274722
8510,13.794024374282008
8511,13.869342277822058
8512,13.652015858440086
8515,10.656953425768018
8516,10.402382285434154
8517,9.685642439673126
8518,9.138629524422182
8519,8.53089883847235
8520,14.916524959248395
8521,14.294012350316411
8524,12.415871551819196
8525,11.470247582688499
8526,11.352756712817406
8527,10.513198774854038
8528,10.400376510563246
8529,8.770749549138642
8530,8.156510226079966
8533,14.426098074304734
8534,11.854605545770811
8535,11.429543856031177
8536,12.10068435170876
8537,11.808828651268582
8538,11.35485544789855
8539,11.947800496924183
8542,11.035292808560001
8543,10.526400019413622
8544,10.833286634435076
8545,9.661479683575521
8546,11.656843974231238
8547,15.325265363269011
8548,14.739812315712122
8551,14.554927109113903
8552,14.122344310598008
8553,13.764861266688513
8554,13.396727660473484
8555,12.860159300106188
8556,12.242230982083452
8557,11.830557040029253
8560,16.842176319514188
8561,16.550876659533802
8562,16.31129755155386
8563,15.517776298989475
8564,14.990347814463878
8565,14.101548529622727
8566,12.977994037254344
8569,17.13469304124042
8570,16.532398457972906
8571,16.202615000425087
8572,15.839561475284361
8573,15.454757338458235
8574,14.820562435090308
8575,12.895123949427797
8587,14.049230778594223
8588,14.111419695120443
8589,13.858671574837688
8590,13.534589577730396
8591,14.821225453715341
8592,14.107760680967989
8593,13.361455865569187
8596,14.021318308861465
8597,13.705767117977597
8598,14.002682001687516
8599,13.649909235712414
8600,13.51830730256219
8601,13.019426588812275
8602,11.800755026544953
8605,11.85698314494903
8606,11.440247239472242
8607,11.648120473018917
8608,11.000965865163035
8609,11.419702106239395
8610,15.06949306823047
8611,14.716144560418389
8614,14.515780809114267
8615,13.359846819263362
8616,12.117995245994907
8617,12.566700765362457
8618,12.693667512673498
8619,12.066741610301195
8620,11.610315298975722
8623,12.349176822498626
8624,12.069680020624618
8625,16.133178431792295
8626,15.501838953489788
8627,14.560719687421187
8628,13.697225771451981
8629,13.156374389755639
8641,15.344111881017463
8642,14.42520438788136
8643,13.076650274223239
8644,11.477598760315262
8645,9.825417897114205
8646,9.753768704286186
8647,8.65817178467581
8650,15.362403267947103
8651,15.061003736886319
8652,14.48674540736702
8653,13.949242180541441
8654,13.367597133591271
8655,12.932398283062494
8656,12.708873154025616
8659,17.28437266284815
8660,16.94355448055794
8661,16.838984206539983
8662,16.99153211631236
8663,16.211978448901316
8664,14.903594281967596
8665,13.578388511124194
8668,15.722471808349974
8669,14.907874030048243
8670,14.127357054759083
8671,13.279317552335657
8672,12.74420794219974
8673,12.43378972231435
8674,11.644935701222812
8677,12.183990622383972
8678,11.993349611543849
8679,11.6994299278685
8680,11.267996321584096
8681,9.812687188209631
8682,7.543802867501509
8683,11.810738545021458
8686,17.219266098080467
8687,17.009190331538104
8688,16.736721150722
8689,16.362924918188995
8690,15.933050428351864
8691,15.678900062747795
8692,14.73758930690331
8695,13.75827225858062
8696,13.491530962339874
8697,14.431469411560624
8698,13.433684825059832
8699,13.069753427132031
8700,12.664942650356966
8701,12.485657019944338
8704,12.160787581314489
8705,12.291125856563639
8706,12.154489835552818
8707,11.534001790572145
8708,11.520893634619405
8709,16.875764321260803
8710,16.374328464130144
8713,13.497539710238785
8714,13.715952066850924
8715,12.968846163561787
8716,13.72277226801407
8717,13.458046731510969
8718,14.10124573644731
8719,13.79983737277384
8722,10.383132058818545
8723,10.622107529069105
8724,10.779060451131723
8725,10.647494183386883
8726,10.665904232984527
8727,10.805922738119841
8728,11.184421397998193
8740,15.07533652465996
8741,14.132130608918454
8742,13.140248481152247
8743,12.407293644093249
8744,11.89303857647549
8745,11.613801942337991
8746,11.117569091010353
8749,16.579132258868583
8750,16.028549318227057
8751,15.548328789772322
8752,14.874324633424708
8753,14.010555823962664
8754,13.21806438991451
8755,12.420324785138387
8758,10.022381082476539
8759,12.292328320382191
8760,11.915960957284172
8761,11.53164907896833
8762,11.364912576968534
8763,11.626432705763824
8764,12.940774352243553
8767,17.627999750594633
8768,16.799455482880663
8769,16.164366740159053
8770,15.743869873959284
8771,14.842294172340495
8772,14.096185386929415
8773,13.531467190721203
8776,13.74521147661368
8777,13.523670519808272
8778,13.3578622859679
8779,13.15558149559254
8780,12.735358819939634
8781,12.672902493656578
8782,12.350540887189243
8785,11.82199714010048
8786,11.440462293236513
8787,10.906909654200488
8788,10.771595935483736
8789,10.480269441964808
8790,9.891667975730785
8791,9.496721598694915
8794,12.60893770978523
8795,12.221502983185532
8796,11.800102409866565
8797,11.351535309931501
8798,10.550302795011584
8799,10.416311178964792
8800,10.454177912797071
8803,16.581946955909352
8804,16.15965622066476
8805,15.575493285473783
8806,15.022284335898583
8807,13.965895871976564
8808,13.36059571821987
8809,13.207068430205089
8812,16.63272303885228
8813,16.010904015378788
8814,15.492841670801987
8815,14.810030045603222
8816,14.479223778489562
8817,13.872358645880336
8818,13.479030321311061
8821,10.912266303845435
8822,10.386654168308144
8823,8.961879012677683
8824,12.059044870809243
8825,12.635150108163263
8826,14.324798600257486
8827,13.886089238058497
8830,14.068072319113107
8831,12.07189533005668
8832,10.639837890396722
8833,12.15414230616729
8834,11.614118307932708
8835,11.062504831060203
8836,16.235879486614383
8839,8.465689348549121
8840,7.4205789054108005
8841,15.80052891384427
8842,15.10198596501647
8843,13.914154266292408
8844,12.71802163808111
8845,11.189685297117734
8848,13.761162074921392
8849,13.500623085180344
8850,13.228082828637074
8851,12.65230534667886
8852,12.061514971997195
8853,11.58951606713194
8854,11.23764615923549
8857,14.578511172953974
8858,13.053253356198475
8859,12.138387846714442
8860,17.566584976731264
8861,17.113646926233734
8862,16.581253274693122
8863,16.29531864882903
8866,15.821503871350002
8867,14.99570867078135
8868,14.061150360412427
8869,13.457836543692366
8870,13.807488466861361
8871,12.698620239210804
8872,12.558825909725346
8875,16.902711323297897
8876,16.443881924072144
8877,16.105249896408655
8878,15.333350372285754
8879,14.76478180415606
8880,14.512073398510374
8881,13.787767246721183
8893,12.370094445152695
8894,11.754066092986093
8895,11.401054916065448
8896,11.132411472622978
8897,10.164427726544904
8898,9.61447125707121
8899,9.100413892597578
8902,10.192568645901616
8903,9.814437735702617
8904,10.101067111719063
8905,9.37999875481674
8906,8.640648995343156
8907,8.728749873478527
8908,9.909171369004426
8911,12.243108280831002
8912,11.335233176559935
8913,10.324924430153992
8914,12.146152775317978
8915,11.816069876928553
8916,11.270892119600775
8917,10.629706774156267
8929,10.270003910505718
8930,9.623244409181346
8931,8.885025658050846
8932,12.319910129948383
8933,12.168370778346162
8934,12.654431201217532
8935,13.69409066695947
8938,14.594538142871993
8939,13.582562852612545
8940,12.609061356563304
8941,12.06691976763758
8942,11.650406547291029
8943,11.562324967264995
8944,10.975892749035063
8947,13.008511355180447
8948,12.40015806924437
8949,12.051831128243984
8950,12.649308698436437
8951,12.220709994932903
8952,11.924100904723316
8953,11.463420045066389
8956,16.245891413761004
8957,15.642189838043905
8958,15.104880937802438
8959,14.002502027057648
8960,12.570740064378263
8961,12.349783303196473
8962,11.796170207017076
8965,12.205332371595023
8966,12.871776684259961
8967,13.82069608982418
8968,14.582955978290197
8969,14.31406580765693
8970,14.040134612792107
8971,14.029275870749291
8974,10.988220635754406
8975,10.6844853411661
8976,10.59813360921981
8977,10.234875457247977
8978,10.843709631701985
8979,10.545578252771122
8980,10.302867516988345
8983,12.806501285086913
8984,12.28931024410023
8985,12.060410833098821
8986,11.202056645543111
8987,12.307202223380179
8988,12.230262692831372
8989,16.756839178661227
9001,12.93527447485447
9002,13.170747744963737
9003,12.854988380156882
9004,9.11866358340428
9005,8.764365720529808
9006,12.897335551960111
9007,12.658612161024267
9019,13.753267001379852
9020,12.476011992630253
9021,12.614004708202126
9022,12.17866547686404
9023,11.954143742784211
9024,11.561220268373534
9025,16.532526777260014
9028,11.70635180149629
9029,10.728013811152453
9030,9.810055607743575
9031,9.521055143538536
9032,11.184171366742984
9033,9.90263719108129
9034,15.591929290839321
9037,16.639260203330917
9038,16.283227897765894
9039,15.920082177508203
9040,15.683780812657597
9041,15.399614457154575
9042,15.089326632086
9043,15.132197305110335
9046,12.8809005480872
9047,12.824884135702876
9048,12.786980147599886
9049,12.484143679562598
9050,12.250998208883166
9051,11.829464637217287
9052,11.346670152112996
9064,14.552562177427735
9065,14.454904579042488
9066,13.295442352831351
9067,11.662594689488934
9068,11.000314915838985
9069,10.39546669175574
9070,9.902887372464095
9073,10.418404794205372
9074,10.235915909400319
9075,9.71063069382679
9076,9.381769487603714
9077,9.596826513486544
9078,9.658545633760506
9079,9.026417533815254
9082,17.58374639967261
9083,17.149582323732172
9084,16.64925223301732
9085,16.25351330098029
9086,15.7513256371208
9087,15.737762181005918
9088,15.138100716472746
9091,18.21215360059993
9092,17.60507386417244
9093,17.08191662982997
9094,16.801606955219082
9095,16.3419303233933
9096,15.920901239546458
9097,15.512271932017864
9100,14.274647230133354
9101,17.28987540535689
9102,16.76555411787515
9103,16.379866508625586
9104,16.049996986691752
9105,15.656540393506571
9106,15.529602676678449
9109,17.77935807166089
9110,17.26823226732373
9111,16.886443574237827
9112,16.660279234210417
9113,16.38639886031319
9114,15.968748996633256
9115,15.707795372230082
9118,16.237731280613346
9119,15.475238842026984
9120,14.112881788552738
9121,13.037484996687153
9122,12.531790835548083
9123,12.3354460306102
9124,12.060509156681812
9127,14.773439846880745
9128,14.184435463804395
9129,13.447442385553241
9130,12.710311624901356
9131,12.226933536197503
9132,11.30841964704039
9133,18.366280829012354
9136,16.382419609355328
9137,15.905489881676417
9138,15.813647815267228
9139,15.513595409127399
9140,15.272878524342415
9141,14.98248498591626
9142,14.71194382903892
9145,13.880650148423483
9146,13.515129527308416
9147,12.791578934572728
9148,12.386304520459046
9149,11.355522836618695
9150,10.68679531280403
9151,10.434027564411219
9154,12.35945874742792
9155,10.492329216286759
9156,9.513477398982824
9157,8.367764677924308
9158,8.027802848370312
9159,8.555836815008442
9160,8.605387202152153
9163,15.297446407636048
9164,13.707791708065482
9165,12.2955613680305
9166,11.83025856842006
9167,10.21778721289218
9168,11.349453139958879
9169,11.313608297520057
9172,13.373003800817198
9173,12.558084232904248
9174,11.480898018131468
9175,10.560437444784185
9176,9.435481925953065
9177,8.286017468404763
9178,6.093569770045136
9181,17.091765083518606
9182,16.681546589578574
9183,15.959781164507264
9184,15.509081876666981
9185,15.13388655938831
9186,14.495479789511002
9187,14.064992196600752
9190,13.972851856635181
9191,13.70229146665163
9192,12.323179897340527
9193,11.729334389508322
9194,10.5921496903114
9195,10.067348081686498
9196,8.61286694148452
9199,12.357660042954267
9200,12.516930326845262
9201,12.888654205985336
9202,13.477504545710344
9203,13.160847280718357
9204,12.929829047322203
9205,12.541873228070846
9208,11.498065602063205
9209,10.690807903113322
9210,12.55628927940786
9211,12.288274558901955
9212,12.788804891685022
9213,16.801764806611082
9214,16.309685375291878
9226,10.364071959865372
9227,9.795679599901822
9228,8.925454386826402
9229,8.834628222017367
9230,8.630700432209832
9231,9.709599359370708
9232,11.627191211098571
9235,11.093249864392948
9236,10.607277893194553
9237,17.65184532789542
9238,16.615357805340473
9239,15.90443103227788
9240,15.409516000040743
9241,15.094560407597973
9244,14.874486607159998
9245,13.773469070164262
9246,12.278542133243944
9247,11.404861297738087
9248,11.799179017573213
9249,11.502319419183005
9250,10.784275451367629
9253,11.322974881011783
9254,11.221503072902724
9255,10.52419843983136
9256,9.807527161390217
9257,17.405705495597935
9258,16.621481165626616
9259,15.827213129194572
9262,14.252306360368845
9263,13.402640097795397
9264,12.193605249524703
9265,11.719215795210426
9266,11.097713005407185
9267,10.339611181598086
9268,17.62407244274128
9271,16.01313849838311
9272,15.441785331605764
9273,14.779277829676333
9274,14.34888210157975
9275,13.90939335590727
9276,13.10718476286405
9277,12.433036888696838
9280,15.387884613557322
9281,14.881028899790593
9282,13.685711619629306
9283,12.991338554992009
9284,11.907450953040007
9285,12.917371581643186
9286,12.362319697860846
9289,11.45449094313306
9290,11.286313405329665
9291,10.736005294543881
9292,15.645051724689816
9293,15.706476093016347
9294,15.257383418850225
9295,14.630163613584289
9298,15.414295124488019
9299,15.11118823258782
9300,14.4290055795766
9301,13.953862811542736
9302,12.94749557225501
9303,12.110420407230512
9304,12.640050701721668
9307,16.967336550992197
9308,16.319544770642434
9309,16.103488686797952
9310,15.391881949297947
9311,14.698986320032589
9312,13.892361407844383
9313,13.250978203499029
9316,15.37881447548599
9317,14.97973579037122
9318,14.04414301762148
9319,13.357688432020584
9320,12.814750669463669
9321,12.065286428765058
9322,11.37693390575888
9325,15.780683973200434
9326,15.453121652917968
9327,14.952037258227232
9328,14.118406066996041
9329,13.180436039858288
9330,12.076408052903346
9331,11.206712755899012
9343,12.036250642804614
9344,11.357195204929413
9345,13.411848822801204
9346,13.59970253574821
9347,13.166567805042574
9348,12.815544695817026
9349,12.357861968118051
9352,13.74800871719549
9353,13.422174593490697
9354,13.148017478835639
9355,12.737906052453145
9356,12.64276506605491
9357,11.98222884910157
9358,11.696854063114568
9361,17.33928264723492
9362,17.031752998517625
9363,16.235880642168347
9364,15.69907300333558
9365,15.243232810012113
9366,14.579672431418786
9367,13.989527728594613
9370,17.64828775977315
9371,17.171109312081544
9372,16.28228548371941
9373,15.916294472296315
9374,15.260777117577332
9375,14.94265652814792
9376,14.455922879265348
9379,12.582561981401765
9380,12.953409671420705
9381,12.943435256388856
9382,11.593500338710589
9383,11.465875785278568
9384,11.37772410730138
9385,11.412154401646209
9388,11.519831562884328
9389,11.430358741313267
9390,11.628198687011055
9391,11.587810278161944
9392,12.286421460194338
9393,12.155479106256896
9394,12.39393300148332
9397,15.02647486467896
9398,14.389677111040928
9399,13.777760922245802
9400,12.853390524238483
9401,12.427410567676743
9402,11.594791125439812
9403,11.589766128490892
9406,17.440755322361934
9407,16.87916723906753
9408,16.425657038942134
9409,15.876672923806236
9410,15.348193983928363
9411,15.072046969488683
9412,14.082785820638392
9415,16.888226372401274
9416,16.405460773186686
9417,15.7699934274512
9418,15.261038927386844
9419,14.467646663629397
9420,13.792146737138957
9421,12.593434880940485
9424,13.948608606708898
9425,12.474258393770196
9426,11.538037501785084
9427,10.80576049264208
9428,10.304107608981093
9429,9.943621310275773
9430,9.440181444738114
9433,16.66735646789908
9434,16.24236798549559
9435,15.471070315864955
9436,14.908535600334371
9437,14.196685705740098
9438,13.677951637154136
9439,11.896949003449663
9451,9.648853334130548
9452,10.212478470309156
9453,9.551871220788255
9454,9.41938499891089
9455,14.042123284724616
9456,12.51638422822974
9457,11.218500711651055
9460,11.32992767958525
9461,11.097637267913301
9462,10.59965516698957
9463,10.467493688772844
9464,10.088887698939681
9465,9.827685839119846
9466,10.73578779448865
9469,16.02025975421463
9470,15.671560079964193
9471,15.012947147703837
9472,14.380656739329236
9473,13.270554045882138
9474,12.935337171081624
9475,12.959493798200837
9478,16.03831104330744
9479,15.678598258491398
9480,15.765058795428926
9481,15.376217154497349
9482,15.236850582680791
9483,14.888397434221174
9484,14.860079810254836
9487,11.815574964543796
9488,12.948514624814875
9489,12.655028184712867
9490,12.120977612997203
9491,13.97887353115693
9492,12.854196309189835
9493,15.966833478706786
9496,16.32543407670896
9497,15.66695350038495
9498,14.971057531743224
9499,13.886250435879786
9500,13.027714179103592
9501,12.69079245861159
9502,12.152075699568309
9514,16.274116951511736
9515,15.70768925476941
9516,15.159810101659254
9517,14.39320311501114
9518,13.014782621057455
9519,12.626019058234538
9520,12.197132803960699
9523,12.624269690783049
9524,12.088397729028705
9525,11.565005449835665
9526,10.66333497852314
9527,16.44747162570827
9528,15.943136127769248
9529,15.272505431721688
9532,16.346320669720647
9533,15.716234142080072
9534,14.897072308861382
9535,13.839865552592505
9536,12.391319087341188
9537,12.011880916165731
9538,11.164615437363123
9541,15.985161108754571
9542,15.315196772038908
9543,14.506925238612572
9544,13.412971165772314
9545,12.334848372883284
9546,11.321534908836368
9547,12.121668775129441
9550,13.906316974672455
9551,12.797447310299804
9552,12.827253789123752
9553,12.951643855955288
9554,12.405648651128862
9555,12.113913496011383
9556,11.742528111345177
9559,15.418317735584376
9560,14.673744119296469
9561,13.457583401763488
9562,12.35834298720059
9563,11.057755274282396
9564,11.931497632388995
9565,12.12341903240742
9568,14.967525847357026
9569,14.816342785848322
9570,14.257974682314584
9571,13.955055955156086
9572,13.331015229444313
9573,13.798759031322986
9574,13.230548500101063
9577,15.319488838717607
9578,15.24744703811694
9579,15.171895560404892
9580,15.01514938416009
9581,14.885555319581872
9582,14.899878205078165
9583,14.688589358359287
9586,9.913586387213542
9587,12.737059655759989
9588,12.508633478210424
9589,12.087570601449173
9590,11.614850084692154
9591,11.360170477377947
9592,13.565343899315152
9595,14.229310831862357
9596,13.234664749491474
9597,12.140733804221833
9598,11.622362659668603
9599,11.797088854110383
9600,11.4476399982716
9601,10.887717267418475
9604,12.762053262803022
9605,12.794334197655504
9606,12.799015439168965
9607,12.528228605842031
9608,11.30682337951087
9609,12.257435687485307
9610,12.464869014158836
9613,15.41889619225641
9614,15.107488470365512
9615,14.361207642891635
9616,13.515187591672104
9617,12.956710129293144
9618,12.146078449953352
9619,11.979548386056486
9631,14.302795255694264
9632,13.542318989214804
9633,11.953165521010277
9634,10.509468798708518
9635,10.858998997563564
9636,10.253475186175006
9637,9.486379932643889
9640,11.49692818813522
9641,11.20923595437263
9642,10.756731982692648
9643,11.845848553667595
9644,11.438772876436595
9645,10.476752620919227
9646,16.797776871075023
9649,10.342677530045913
9650,8.605387202152153
9651,16.185917557132907
9652,15.786778742766158
9653,15.24745420346988
9654,12.634603026569334
9655,13.48023360670481
9658,10.688210676583283
9659,10.703199523324104
9660,10.526641361275539
9661,10.42370889794248
9662,9.218606116393214
9663,11.374502126265279
9664,11.666049904106883
9667,11.953056055107186
9668,11.120978572662972
9669,16.901604012477865
9670,16.332162937312447
9671,15.864653832816007
9672,15.423677463010586
9673,14.868232125013963
9676,16.141567225702374
9677,15.651168404789882
9678,15.3446135200261
9679,14.548038535017325
9680,14.129206077637257
9681,13.686442333428033
9682,13.51246845525218
9685,11.119956948191346
9686,11.287491793331135
9687,10.917902682403483
9688,10.763334908987071
9689,10.401410290946595
9690,10.225063676635465
9691,10.097902357017466
9694,13.231680455535706
9695,13.298076479717315
9696,12.873265918401405
9697,12.503763215460243
9698,12.168967692576933
9699,11.701336774853951
9700,11.367009123069932
9703,14.889394608407427
9704,14.01728991136531
9705,13.148173414224127
9706,11.86873803717332
9707,12.094559910387149
9708,12.038529350313945
9709,11.80251571569131
9721,15.33650494109529
9722,14.910899657735479
9723,14.092159994081552
9724,13.42143484377106
9725,12.836200150921817
9726,17.123510340085517
9727,16.54625078244708
9730,15.611076606301733
9731,14.927749250725089
9732,14.08597195201922
9733,13.517445434382742
9734,13.018492862255325
9735,12.389077302291545
9736,12.282329735246927
9739,12.659298817036598
9740,12.290124229985498
9741,12.422207694567136
9742,12.1161260559247
9743,15.699885518977814
9744,15.168142907681938
9745,17.557743154770844
9748,16.2081693259901
9749,15.898077460611518
9750,15.69374890131636
9751,15.020529714672572
9752,14.896459768866874
9753,14.4670286475559
9754,13.59033369086389
9757,15.22108902962082
9758,14.319157476372132
9759,13.17721134644331
9760,12.61323631027392
9761,12.369720937058506
9762,11.766753398415434
9763,11.646188071474999
9766,12.365244981425155
9767,11.962994208173981
9768,11.894138863276101
9769,11.831277372723122
9770,11.43276691725416
9771,11.266602842583593
9772,10.924192352327712
9775,15.006594456050495
9776,15.538922661607321
9777,15.143437981155424
9778,14.769166436338393
9779,14.27731189015515
9780,13.678477040051579
9781,13.305401344182025
9784,17.52074351169185
9785,17.111475934229325
9786,16.738914851161855
9787,16.35499109012182
9788,15.782234027874711
9789,15.310958382412833
9790,14.743127307663574
9793,15.358363910884433
9794,15.0188485608464
9795,14.478816381367794
9796,13.239102312621947
9797,12.683234965099368
9798,12.073843262066594
9799,11.123092535206728
9811,11.616077543825671
9812,11.31044201635232
9813,11.293437723034186
9814,10.560567043934196
9815,10.663311591360353
9816,10.604205998592391
9817,10.671695822317952
9820,15.701770788596855
9821,15.299242380075118
9822,14.36593336247227
9823,13.605488048057826
9824,12.81448403979709
9825,12.206027644517643
9826,11.707332036254492
9838,10.638807814487269
9839,13.440738559983462
9840,12.659565722648919
9841,12.431589378619568
9842,16.577289944261636
9843,15.851460921019303
9844,15.206224637722762
9847,10.505533184565781
9848,11.393556171872472
9849,12.790063225521529
9850,12.341197767493155
9851,12.674787945235686
9852,13.341190426010593
9853,14.71203155000145
9865,11.649796275526798
9866,10.952209071590772
9867,10.146982600098235
9868,13.786636691100929
9869,12.490416652836492
9870,11.974493615394863
9871,16.00446122291677
9874,8.367532416861831
9875,7.62657020629066
9876,7.174724309836376
9877,5.908082938168931
9878,5.834810737062605
9879,10.084975428581505
9880,11.532247584684265
9883,16.40358259086861
9884,16.122884764823695
9885,15.94608333090014
9886,15.316471771146528
9887,14.842054536542776
9888,14.414555828467918
9889,13.792199964944766
9892,18.056414530528667
9893,17.324622471007686
9894,16.69403429330662
9895,16.498777850732907
9896,16.084678774911875
9897,15.858451224376145
9898,15.773613923834235
9901,15.038301681784958
9902,14.845037113691085
9903,14.535501693852993
9904,14.243490298829608
9905,13.608695468762173
9906,14.096454983363312
9907,15.106947386819483
9919,11.980031149226644
9920,11.533854908151259
9921,11.27020401110734
9922,16.956258168014074
9923,16.359930074543147
9924,15.45529996808259
9925,14.876148529737804
9928,17.93763985779605
9929,17.584936515902076
9930,17.352206313141703
9931,16.9826692091471
9932,16.688038219390045
9933,16.43092742664058
9934,16.19877523270758
9937,10.903199892549356
9938,10.420344948533838
9939,10.134202369346657
9940,17.236971571754662
9941,18.087548413629495
9942,17.29565959077574
9943,16.71280468973763
9946,18.215624501577395
9947,17.627433962599888
9948,17.120032378112594
9949,16.65628174006286
9950,16.194765445982714
9951,15.611784820159462
9952,14.91574153584784
9964,10.943092660624206
9965,12.907612012974138
9966,12.531985758878857
9967,15.929535997635252
9968,15.56255644247028
9969,14.921301021778376
9970,14.534172452121327
9973,15.878830974793958
9974,15.34292941102778
9975,14.484787088030428
9976,12.285733741937854
9977,11.729382712693797
9978,13.482137713261835
9979,12.460230250373552
9982,16.54421629051035
9983,15.900996917861999
9984,15.549905356788841
9985,14.715629224070774
9986,13.916570539567386
9987,12.723749744245266
9988,12.282992019131555
9991,14.981377363611829
9992,14.571657889476924
9993,13.965200446094876
9994,12.949209270835032
9995,12.465154606049968
9996,11.84040740975331
9997,10.632556742272136
10000,15.047616488544357
10001,13.863509933352185
10002,13.00076055564508
10003,12.332828636874419
10004,11.622335769153334
10005,11.575364909587336
10006,11.33091186075401
10009,14.570069344704855
10010,13.501216164794352
10011,12.821601468969165
10012,12.027400421812793
10013,12.880138938277327
10014,12.45022202157676
10015,12.32553870854557
10018,10.234911352935114
10019,11.543609847101223
10020,15.430015610731393
10021,14.586584516889701
10022,13.311259938075342
10023,12.571951106872852
10024,11.241851379898469
10027,14.15256119870614
10028,12.974686695952554
10029,11.94540244532519
10030,12.063067951113169
10031,11.835081425282086
10032,11.300573474734218
10033,10.948910012690119
10045,13.656227563646874
10046,13.017336139536622
10047,12.304151715689809
10048,11.486530153610698
10049,11.855628251342077
10050,16.881677529739978
10051,16.348941463555338
10063,15.895234059889583
10064,15.634486930752539
10065,15.41377245069543
10066,14.454720953191252
10067,13.900602343716974
10068,13.0553064878373
10069,11.468555517234288
10072,15.70428708278834
10073,14.5677211422737
10074,13.816686865842806
10075,12.756950367522311
10076,12.406115416616345
10077,11.545886240921837
10078,10.700994748420316
10081,15.3612769866086
10082,14.8346636075968
10083,13.539846643932535
10084,11.628020446599917
10085,10.782989810962448
10086,10.169115715456494
10087,16.30216043744411
10090,12.324975054454473
10091,12.052542606398962
10092,11.839542151960677
10093,11.292652788747702
10094,10.873925502480729
10095,10.600701452770835
10096,10.095718185206863
10099,14.228508555815877
10100,13.485218782882782
10101,12.38687638435433
10102,11.331919043007233
10103,11.059896939930454
10104,10.122783712121445
10105,9.146548238888403
10108,12.932705374581806
10109,12.740142027926305
10110,12.188163224986607
10111,12.960439564906945
10112,12.399449533001112
10113,12.026180136210279
10114,11.520357776787524
10126,14.657907140976723
10127,13.550724362989397
10128,12.282037820585874
10129,10.620595370540917
10130,9.072915696064511
10131,8.393216011596527
10132,8.103191752285786
10135,15.617849368097982
10136,14.648458375802894
10137,13.611069764605771
10138,12.948340887887845
10139,12.456555061117825
10140,11.643962499267984
10141,12.163812116815572
10144,15.869096967840049
10145,15.035971679795013
10146,14.024538957586794
10147,13.464015034781164
10148,12.981191441455262
10149,12.914157698454327
10150,12.812967252045794
10153,15.966136185333436
10154,15.640429942812855
10155,15.069522745860073
10156,14.442924904478827
10157,13.64926823464279
10158,13.014905107442134
10159,12.178588389927926
10171,15.861061366875422
10172,14.807003748537463
10173,13.689391625055205
10174,12.882343213833666
10175,12.179759470537592
10176,12.722339439245548
10177,12.427358472342268
10180,14.214811372460149
10181,12.009729240493781
10182,11.243620167168404
10183,10.936974481243775
10184,10.228284757576837
10185,9.224046019032295
10186,8.158802490694002
10189,16.27422209196909
10190,15.911453327430753
10191,15.887831810442695
10192,14.930953742443856
10193,13.790244030716387
10194,15.523353855110003
10195,15.354455188143653
10198,16.230053039324446
10199,15.416446026850313
10200,14.699860986071922
10201,13.771141655596802
10202,12.60633423880674
10203,12.892484695935199
10204,12.497177603220717
10207,15.492187404636267
10208,14.379463213792729
10209,13.416391769302692
10210,11.965547658468521
10211,11.867910982631697
10212,12.281657740486372
10213,11.836862318081181
10234,12.941563062934309
10235,11.904981066168459
10236,11.370312963609512
10237,11.216686889835326
10238,11.047789967121354
10239,11.171223577531883
10240,10.513008529028681
10243,14.803598279442097
10244,13.717370578049678
10245,12.572450364930292
10246,12.05283987762617
10247,11.939858479693633
10248,11.527656429570223
10249,11.379325498566006
10252,9.681343501555002
10253,17.721547442266672
10254,16.913927435114758
10255,16.33904599895945
10256,15.794011247314323
10257,15.231350614443699
10258,14.592619219305092
10261,9.4066470133368
10262,9.107088742165708
10263,12.60762678241749
10264,12.819128992258538
10265,12.556595705374047
10266,12.563306433286607
10267,11.976086990316704
10270,14.322054628950525
10271,13.79513334562572
10272,13.517553208536718
10273,13.557718624441735
10274,13.586913412803504
10275,13.578673679518062
10276,13.976014158049269
10279,15.327477197112792
10280,14.812366568640194
10281,13.853509371055486
10282,12.659950068653991
10283,12.509471804929943
10284,11.985731414047406
10285,11.56590683375813
10288,12.063402478365841
10289,11.809490467122034
10290,11.530185647304272
10291,11.425241134325345
10292,11.573258279509178
10293,11.1054533441588
10294,10.149996006155071
10297,13.59601160701818
10298,13.028358145784637
10299,12.256461531063303
10300,11.660086056670593
10301,11.152012983911122
10302,11.10790026009045
10303,10.735766041881055
10306,16.748316077452692
10307,16.250922295306104
10308,15.51521723633148
10309,14.733052906239733
10310,13.873259519618754
10311,13.090515577405146
10312,12.875257509268865
10315,16.828137165197944
10316,16.438123487976398
10317,16.647644613916214
10318,16.84913877331858
10319,16.3566171531488
10320,15.867149540554342
10321,15.693223692224056
10324,16.92454629329287
10325,16.627511080868185
10326,16.29014083625363
10327,15.853351807537182
10328,15.584594025707593
10329,15.07655485568602
10330,14.42804132464608
10333,10.085517400120422
10334,12.127678578102161
10335,11.911345816951687
10336,11.693662433633945
10337,13.505676941670565
10338,12.902025885420581
10339,13.063171603570762
10342,16.273518663883575
10343,15.875728504676351
10344,15.162685120838804
10345,14.47894052373607
10346,14.170870437584846
10347,13.430685961323405
10348,12.840933717818222
10351,14.90062752638937
10352,14.18429785034655
10353,13.157543245019264
10354,12.16694712784566
10355,11.206970794130845
10356,10.936689829317784
10357,11.435990423496106
10360,12.270328314168749
10361,11.491395346419866
10362,10.900011743120453
10363,11.210102681583889
10364,10.222268502839897
10365,11.055403613226549
10366,10.732148534449308
10369,13.843001203626105
10370,13.551348378215295
10371,13.029278320177578
10372,13.65595546724801
10373,13.688962723433896
10374,13.043092871506243
10375,12.898299402630377
10378,10.310052056087594
10379,9.91447694733573
10380,9.284334051884509
10381,12.377746044713161
10382,12.421442056370328
10383,12.624444107187847
10384,12.843675403183436
10387,10.15824604321959
10388,10.045768059792898
10389,8.938794081433805
10390,15.925382851723967
10391,15.336042718394722
10392,14.389581930097094
10393,12.83215812440811
10396,5.442417710521793
10397,8.687442166975924
10398,8.51579221050061
10399,8.131530710604252
10400,8.132706489693264
10401,8.235625719964311
10402,8.016317898503415
10405,15.760607519329225
10406,14.572933568911596
10407,14.380032007726063
10408,14.01978928211027
10409,13.961008193669365
10410,13.761870301087283
10411,15.527938899618945
10414,16.645270180077166
10415,16.701705940265352
10416,16.895075026927984
10417,16.39032456096301
10418,16.612642613360123
10419,16.133321251000364
10420,15.894166916468464
10423,13.813648826016326
10424,13.974611251945976
10425,13.915659919111539
10426,13.7293326517232
10427,13.650668933096854
10428,13.41735566500545
10429,13.273608697902473
10432,16.667563782287413
10433,16.194787303960872
10434,15.735573088380745
10435,15.3072015590895
10436,15.076657709336558
10437,14.223375450950611
10438,12.351449231038194
10441,13.454184815810114
10442,13.105432861644287
10443,13.05318477438463
10444,12.890257282214721
10445,13.025323702885846
10446,13.212288172932311
10447,13.02296726152061
10450,14.767198935141048
10451,14.793881040676222
10452,14.787435030844131
10453,14.438158554546597
10454,14.790162646519095
10455,14.472781307021979
10456,14.110647275376854
10468,15.1905690322579
10469,14.05631090651547
10470,13.242094736068436
10471,13.296882910746064
10472,13.083027777651834
10473,12.764347534862754
10474,12.398138241273521
10477,11.44247081131441
10478,10.256430541385182
10479,9.79333780903514
10480,7.344719054149673
10481,12.317350121401907
10482,12.107091736836386
10483,8.04237800517328
10486,13.15343559695874
10487,13.191478908035007
10488,12.926786353807925
10489,12.708301422070646
10490,12.251476128984024
10491,11.690360100190789
10492,17.06691242893396
10495,12.002964537545642
10496,11.63805037189913
10497,11.727988456319707
10498,11.450070858585399
10499,11.73001875028171
10500,11.602052934788668
10501,11.224282931423323
10504,16.673306379421383
10505,16.099258847104487
10506,15.562879346089318
10507,14.940356709909874
10508,14.247975209147215
10509,13.468432275555838
10510,12.378196549222668
10513,15.86877007217587
10514,15.253356979988773
10515,14.562936148019007
10516,14.268919122679822
10517,13.25830935257674
10518,12.417099080205473
10519,11.393544903949433
10522,14.463649912287728
10523,13.70065062088945
10524,12.686035887764216
10525,11.769047208461583
10526,10.571778357097207
10527,11.766054911774695
10528,15.931765590839
10531,14.01463842751873
10532,13.86043803345273
10533,13.781303097434284
10534,13.485387124970996
10535,13.044676392835017
10536,12.716420155017746
10537,12.389672551554131
10540,15.912242013895776
10541,15.158382149645536
10542,14.225195417053687
10543,13.077675586981112
10544,11.979203412474906
10545,11.281144720260356
10546,13.662317419547877
10549,10.889472243411273
10550,10.300584410973777
10551,15.619488575772847
10552,15.151198756988192
10553,14.376577863366903
10554,13.599863835076688
10555,13.145937315731418
10558,14.419615573607214
10559,13.644080275336062
10560,13.008253587114242
10561,13.068101470517371
10562,12.616711015878998
10563,12.481679606380112
10564,12.140637722744668
10567,15.173656184729461
10568,14.329287023710513
10569,13.620284900230272
10570,13.173695071054619
10571,12.306270859407274
10572,11.76327943215601
10573,11.257336198287932
10576,14.249522305764811
10577,13.36219884039889
10578,12.320543535415954
10579,11.989997801930828
10580,10.529345766281573
10581,9.644133752071205
10582,8.706986763048892
10585,10.58938350638188
10586,10.555213600795284
10587,9.842994172107165
10588,9.751617603198001
10589,8.778941881841513
10590,8.930494185292178
10591,7.755767170102998
10594,16.178150510491047
10595,15.978089283713837
10596,15.428544995142778
10597,14.651396116482143
10598,13.834622750887055
10599,12.799706073640843
10600,12.453163165657857
10603,15.944139208829968
10604,15.65115372989698
10605,14.984494633644857
10606,14.050708363944823
10607,12.951940351498761
10608,11.309020656509048
10609,11.783654645769348
10621,14.968405834097144
10622,14.831019459855522
10623,13.932987769083322
10624,13.267015949824266
10625,12.680740380902787
10626,11.73443568312176
10627,11.146229044790411
10630,12.643068719917686
10631,12.227907520137691
10632,11.804101426676265
10633,11.418340022480361
10634,16.569165856291143
10635,15.876769671615959
10636,15.177647975497532
10639,14.710781514117539
10640,14.609992913357418
10641,15.366102727937458
10642,15.306108401278909
10643,14.756013787191923
10644,11.696679328855808
10645,11.848111160065976
10648,10.880120513416445
10649,10.729350167917552
10650,10.798636360656856
10651,10.966386304046374
10652,10.321408101911638
10653,10.060534035475412
10654,9.488047863280759
10657,11.650641838334062
10658,11.717130815264188
10659,11.329182899020827
10660,17.29320427403768
10661,16.730725757183986
10662,16.501262524330908
10663,16.057890447423738
10666,13.62539792943838
10667,12.112410107618157
10668,11.244038976969438
10669,10.416700324794617
10670,11.1838934808967
10671,9.664341643744413
10672,9.635673464721814
10675,13.849066216492483
10676,13.240981619734052
10677,12.504898643148627
10678,11.983491436072141
10679,11.401826292451508
10680,9.418573310554638
10681,9.218804450388312
10693,8.518791912779934
10694,5.267858159063328
10695,8.18088094199639
10696,7.2196420401307355
10697,7.232733136177615
10698,9.595602772766828
10699,7.362010551259734
10702,10.174239617765064
10703,9.535534968687735
10704,10.996936534247357
10705,9.998161166138809
10706,8.909775673693389
10707,12.752079102342385
10708,12.14787133512142
10711,12.69742488779264
10712,11.967377543277074
10713,11.307965584089647
10714,10.504409789053556
10715,10.258746494416974
10716,8.886547412512042
10717,8.028129059431759
10729,16.287792095358263
10730,15.520648574172467
10731,14.518876845135136
10732,12.734993557565256
10733,12.024928395438636
10734,11.568634495628311
10735,11.234189919398908
10738,14.549337002859007
10739,14.229959193087689
10740,14.1649702343519
10741,13.838156198888132
10742,13.767346048032405
10743,13.805744020220118
10744,14.320038190955534
10747,14.232248554304144
10748,14.203401473969153
10749,14.05907850402153
10750,14.05622129866765
10751,15.071465854126629
10752,14.94838545534135
10753,14.840038104978063
10756,15.896508138387652
10757,15.600955801024252
10758,15.206928272267904
10759,14.306519522335636
10760,13.50224397529966
10761,12.174602618060685
10762,11.791586974200927
10765,14.200466108960248
10766,13.744447330482926
10767,12.88876536818626
10768,11.200732096822508
10769,12.878231095651634
10770,13.652910448700922
10771,15.446823850019275
10783,15.997130006169996
10784,15.486221728863391
10785,14.991142836648276
10786,13.48656889526119
10787,12.114286249899465
10788,11.599415039177796
10789,12.084605331246628
10792,13.287570989154379
10793,11.400674598607647
10794,11.013352953432145
10795,10.422995376684952
10796,9.843472120126142
10797,9.3910773406399
10798,15.861911211973645
10801,16.17952343250855
10802,15.37922908655325
10803,14.620546995494003
10804,13.95976846528185
10805,12.95853064406765
10806,11.920235536752422
10807,11.227188166884945
10819,16.298476742934266
10820,15.732759440443804
10821,15.13136904268051
10822,14.352307391201302
10823,13.222465692926376
10824,12.683514169925841
10825,12.299066508378843
10828,10.769431909973544
10829,11.27043343321954
10830,11.757963571619648
10831,11.621968192955583
10832,12.156703813965054
10833,12.363627524490994
10834,12.784378397163227
10837,16.811451359774736
10838,16.385954561403086
10839,15.898720739392148
10840,15.300842688241366
10841,14.594294003814314
10842,13.71141368801425
10843,13.655607028852675
10846,13.141306812170884
10847,12.757238547809893
10848,12.395696641164458
10849,12.087987064111436
10850,11.727802946267353
10851,14.239398256588437
10852,13.437683476549978
10855,17.312778133577126
10856,16.70761198578525
10857,16.335909263350185
10858,16.166279631435536
10859,16.409419060687235
10860,16.46490159613634
10861,15.842321200535787
10864,13.409741403638742
10865,13.348802293036334
10866,13.042783229400237
10867,12.747038455899123
10868,12.670061346308584
10869,12.419040600620876
10870,11.921007146861546
10873,12.55093458992501
10874,14.90712172923741
10875,15.19180912719766
10876,14.994130169064485
10877,15.079616380936665
10878,14.840599011529697
10879,15.020223688181359
10891,17.323791270385705
10892,16.641966415669028
10893,16.088212566142865
10894,15.494833610362054
10895,14.962520870432767
10896,14.276520742145575
10897,13.084059044246615
10909,14.649072945736302
10910,15.212133643683924
10911,15.948822196223432
10912,16.174852189612807
10913,16.223657916263317
10914,15.576660808456495
10915,15.302692244929435
10918,16.210130837458014
10919,15.709153103560599
10920,15.514241492455097
10921,15.082609135969866
10922,14.90064273007569
10923,14.103166130064924
10924,14.615262080309506
10927,17.04826841993363
10928,16.6559204738779
10929,16.177442562733173
10930,15.927884573582269
10931,14.965327553762865
10932,13.866566724239176
10933,13.266752857063512
10936,7.867105500316739
10937,10.354977098955573
10938,11.22013704395013
10939,11.110535623378992
10940,10.695438802154653
10941,15.827971265152488
10942,14.735196718839555
10945,7.606387389772652
10946,6.778784897685177
10947,6.489204931325317
10948,10.696163275810974
10949,10.424124883686112
10950,10.891801227257481
10951,11.83925356624511
10954,15.936546315924378
10955,15.558057198712921
10956,14.812083845669173
10957,14.084353024266123
10958,13.82891037802729
10959,13.067155060887995
10960,13.032788718011535
10963,15.66738549980646
10964,14.70252076887306
10965,14.13931720933468
10966,12.749663575689597
10967,11.711235193724407
10968,10.204480639047581
10969,9.599743846536997
10972,15.502786904290659
10973,14.764872363429296
10974,14.14646043151146
10975,13.299060815114728
10976,12.807762215601285
10977,12.23378508409671
10978,11.760332268420118
10981,8.30325712085294
10982,7.812782818577581
10983,6.077642243349034
10984,13.09774071236757
10985,12.726296962876951
10986,11.95227656907753
10987,7.506042178518122
11017,15.407327733048183
11018,15.510357614498142
11019,15.137543692830146
11020,14.758228202538634
11021,14.500313017988656
11022,14.340046168883488
11023,14.080294968437558
11026,14.930628869624117
11027,14.20207958773655
11028,13.536252900272387
11029,12.816509187652182
11030,12.623953689253078
11031,12.143308549169392
11032,11.632892780017208
11053,16.40920285095802
11054,16.119135610013398
11055,15.399745527611698
11056,14.908084653380051
11057,14.517349852411725
11058,14.310380565190107
11059,13.801949014524737
11062,15.379695841765365
11063,14.614686630768643
11064,13.434134465684455
11065,12.49869748237111
11066,11.696554499975235
11067,10.628666203926738
11068,9.766005509214866
11071,11.53016598935263
11072,12.717521075312229
11073,12.378726789779135
11074,12.586582273167899
11075,11.951296518191187
11076,11.48701260818464
11077,11.355745200582605
11080,12.469908903007259
11081,12.104709684548444
11082,11.112701597532034
11083,15.670179722513069
11084,15.150463465642249
11085,14.558692841721092
11086,14.452065693678833
11089,14.21672598227743
11090,14.612314353367184
11091,14.113461722340702
11092,12.801678659484425
11093,11.933430241486105
11094,11.818651265820874
11095,11.268724249129983
11098,11.79068598115485
11099,11.69399623986253
11100,11.10932361990884
11101,10.901561015825624
11102,10.46012748844141
11103,10.390778393168455
11104,10.49096861519108
11107,10.393355081710641
11108,9.92373125901317
11109,9.220587688427733
11110,9.058703197313223
11111,11.471509544110637
11112,10.72601690459581
11113,12.159295453971245
11125,15.896920785509785
11126,15.393260673455075
11127,15.24535997538625
11128,14.806162658455984
11129,14.572141797662093
11130,13.843524478169458
11131,13.183693632555935
11134,16.33451383762119
11135,15.881569196750497
11136,15.37579499023768
11137,15.082025673576002
11138,14.431209578765076
11139,13.462571484107556
11140,12.591198982642808
11143,14.713654019682302
11144,13.710787616790412
11145,12.603408130956321
11146,11.86734286256774
11147,11.114624632046082
11148,10.403747556197336
11149,10.407046840310073
11152,13.188079954361575
11153,13.137242137632798
11154,13.294908971475442
11155,13.366714059433946
11156,13.597687825951224
11157,13.636064463064397
11158,13.538797439307306
11170,9.113499020526627
11171,7.349230824613334
11172,11.726987907548246
11173,10.846459162991614
11174,9.627140989748092
11175,9.02437217426203
11176,7.930565854233965
11179,17.02881038581545
11180,16.62862947215408
11181,16.354997560505964
11182,16.100000313413226
11183,15.691108291848286
11184,15.138903989694338
11185,14.577508666604349
11188,17.243765233826963
11189,16.820594666476808
11190,16.28760936977828
11191,15.614499332678754
11192,14.688954329792006
11193,14.2820268635592
11194,13.81544455578618
11197,16.968741585997535
11198,16.570170261606396
11199,15.63706035602758
11200,15.218243069340202
11201,14.952350759430137
11202,14.56647843300792
11203,13.926853344106785
11215,13.85816000168163
11216,13.763492790683284
11217,13.377441159820847
11218,13.276283744997475
11219,12.807430690129008
11220,12.939130205215296
11221,12.290496511131
11224,12.584693995659546
11225,11.70067393605693
11226,17.69396896183922
11227,16.778497766026984
11228,16.154787688936405
11229,15.705397749145797
11230,14.990054654586004
11233,10.930961813370898
11234,11.656185629252027
11235,15.78150718758304
11236,15.09859126393794
11237,14.32524078199898
11238,17.373691431820674
11239,16.513813407611604
11242,15.89605823764784
11243,15.036561398904915
11244,14.500185954082399
11245,13.858990457124468
11246,12.876222400857415
11247,11.910170211631538
11248,11.236592085141899
11251,12.83368881259491
11252,12.352391306439324
11253,12.131031160866124
11254,11.29799806842736
11255,10.243845088739151
11256,9.838095333769076
11257,9.760021257510846
11260,16.51384383563835
11261,15.807735428855878
11262,15.32124214137468
11263,14.649424827743905
11264,13.464782183794858
11265,12.728754703172276
11266,12.834046436799737
11269,16.550990111171565
11270,15.77997802142031
11271,14.862377520269211
11272,13.819243581553382
11273,12.825904232229476
11274,12.007420467046778
11275,12.104161728714363
11278,14.793411402369921
11279,14.34626821241817
11280,14.124392810092573
11281,13.71156348736662
11282,13.294400564226928
11283,12.244047390479661
11284,11.58104195254496
11287,8.628913441026645
11288,8.213652703029998
11289,6.20455776256869
11290,6.63200177739563
11291,9.41033811378308
11292,8.777247096750544
11293,13.467407342992741
11296,14.33038776297906
11297,13.911661293493543
11298,13.238185380381308
11299,12.57203780150148
11300,12.105473001140625
11301,11.887752655467905
11302,12.629672323833821
11314,12.720673135515147
11315,12.794814409735265
11316,12.74074564672714
11317,12.81232662393575
11318,12.699649358488596
11319,12.857767424571788
11320,12.393833548886905
11323,14.13699097676625
11324,13.947235945743364
11325,16.2479015876816
11326,16.0266276305972
11327,15.703936710771673
11328,15.47458798805071
11329,15.333340070544462
11332,15.872770522389049
11333,15.221962385378324
11334,14.737816760560609
11335,14.284242128486262
11336,12.985732328662596
11337,13.741075763179085
11338,13.591358998780791
11341,13.302602767993958
11342,13.629278565372596
11343,13.80354525842451
11344,13.198168194815793
11345,12.973436363778962
11346,12.75886520811747
11347,12.56561248174324
11350,16.657519810232056
11351,16.257290737048635
11352,15.628652125421558
11353,15.008801615017255
11354,14.29662164536279
11355,13.48392536029145
11356,12.44131471374232
11359,12.386888903263099
11360,12.262202475002992
11361,11.946154885927616
11362,11.70650013399209
11363,12.246350492028744
11364,12.78229829423275
11365,12.534069784035683
11368,12.019586428565445
11369,11.75682804882438
11370,11.317372761327132
11371,11.229129166444068
11372,14.731885286310627
11373,13.903007567015564
11374,12.834265218400544
11377,11.828976311472452
11378,11.641890196251227
11379,15.566105960283096
11380,15.089893828514779
11381,14.205035968048444
11382,12.974396869440675
11383,17.393107551824055
11404,13.116407677379046
11405,13.717927497121677
11406,14.201773138680288
11407,13.907404910467429
11408,13.29627634757979
11409,12.692705981522455
11410,12.430207705137539
11413,14.269715035301036
11414,14.702611379547882
11415,15.81360618900368
11416,15.761057212391991
11417,16.26464338723323
11418,16.22078011919307
11419,16.03414377074986
11440,17.21536997828855
11441,16.45806974889967
11442,15.973175422471092
11443,15.14327948305972
11444,14.047279999090263
11445,13.261566903024304
11446,13.229517683258115
11449,15.149129090489106
11450,14.169321604861977
11451,13.508823699856011
11452,13.344711412379306
11453,13.152960475381706
11454,12.956724291158546
11455,12.576318092258308
11467,13.36105581579388
11468,13.420601043045624
11469,13.172725638514873
11470,12.39278040220317
11471,11.770346763856235
11472,11.27273747904676
11473,10.4521868287302
11476,14.636532789165518
11477,13.933943160384258
11478,13.584861409997501
11479,12.789603043141739
11480,11.933620670773392
11481,10.87674445755095
11482,10.038935856711177
11485,17.767629797011935
11486,16.835236663432912
11487,16.122668081447078
11488,15.944122667641306
11489,15.295028833239845
11490,14.790637584138233
11491,13.906136145818254
11494,15.688745554043882
11495,15.414499065028235
11496,15.126122130634863
11497,14.89102001966291
11498,14.63252887072108
11499,14.459392386470906
11500,14.550279413215039
11503,16.47225862253458
11504,15.4203280125039
11505,14.982092661642142
11506,14.734105433259987
11507,14.674547953846456
11508,14.223374785881662
11509,13.659031001741665
11512,12.215770469258576
11513,13.468561025668317
11514,15.07647041144807
11515,14.843097554033308
11516,15.165946367525875
11517,15.079674290074983
11518,14.695250577059667
11521,15.533235001095928
11522,14.905104301532006
11523,13.967097096045224
11524,12.524399095821575
11525,11.408009295020669
11526,12.270937675857818
11527,11.822320104327659
11530,14.150693392234874
11531,12.99681149223319
11532,12.173213653648393
11533,11.537335110699985
11534,10.56429231017482
11535,9.579763708737081
11536,9.05543941075822
11539,15.487482796979103
11540,15.18587038605618
11541,14.71744756626609
11542,14.577468993519894
11543,14.472310094153347
11544,16.921597993139507
11545,16.461782017343143
11548,15.554477363698465
11549,14.925024869697346
11550,14.001741961336778
11551,13.047432913250624
11552,12.290813530235205
11553,12.944205141948252
11554,12.741483559054476
11557,15.427794416848293
11558,14.723419460243774
11559,13.600847197971547
11560,12.241299818181995
11561,11.59554638465856
11562,11.260906502849345
11563,11.062018331415482
11566,16.098124141402334
11567,15.799071507185415
11568,15.101428904578968
11569,14.404247326930106
11570,13.935932774583454
11571,13.608507298520435
11572,13.24553453767754
11575,14.414889768902201
11576,14.602034687204513
11577,13.896362169156358
11578,12.848823497729292
11579,12.054080467793582
11580,11.338845849870273
11581,10.864923719378258
11584,12.845671359132444
11585,13.160011701154916
11586,13.154565285503837
11587,13.153945374325003
11588,13.007950905012214
11589,12.999307213210813
11590,12.558976989683822
11593,14.688604811795475
11594,13.908005870653895
11595,12.911681851481168
11596,11.750815746792233
11597,11.32160756213486
11598,11.725436692927241
11599,10.664012968426022
11602,12.433088689058257
11603,12.153315121787102
11604,11.447212921604848
11605,11.137650028025122
11606,10.910331714250969
11607,10.376829353880446
11608,9.710691327448153
11611,12.118552048000678
11612,11.790140448072165
11613,12.759497882914982
11614,12.402666861610847
11615,16.251159997033582
11616,15.735290114603048
11617,14.90632586233016
11620,17.824299501248444
11621,17.398871706194385
11622,17.064593324500837
11623,16.363815626094574
11624,16.11907217400445
11625,15.629422016757491
11626,15.352797044497583
11629,12.851480734350481
11630,12.317546933934132
11631,11.69162379914673
11632,11.43510445416616
11633,10.609279450629153
11634,10.310983929553371
11635,11.06635707278361
11638,15.364145895249184
11639,15.130026922735125
11640,14.426604051853818
11641,13.71010559687432
11642,13.819786403493728
11643,13.634162527140099
11644,13.358012408238823
11656,10.041421738625441
11657,9.28461261635077
11658,9.085683767376628
11659,8.135346948906706
11660,12.425991001488688
11661,13.77437601460572
11662,13.488742483285288
11665,14.68945521783522
11666,14.266412913907608
11667,13.964514013531883
11668,13.964177946273907
11669,13.891910330507539
11670,13.765544803058754
11671,14.404132984631325
11674,17.37931119556863
11675,16.8755426679229
11676,16.33052383725534
11677,15.780296434288394
11678,14.945956405929502
11679,14.188420793424271
11680,13.5620740224629
11683,16.10553448884939
11684,15.59264899222985
11685,15.026114626775028
11686,13.739162848701692
11687,13.054296505618716
11688,12.511636383765362
11689,12.051072438289998
11701,15.514587508726802
11702,14.857577186197188
11703,14.126885475112331
11704,13.018077839306589
11705,13.06650388430734
11706,12.911580615788338
11707,12.194253068724832
11710,10.098766465702033
11711,9.140561477368266
11712,8.63550941823428
11713,7.424165281042028
11714,4.07753744390572
11715,11.880820230647183
11716,12.892117161783112
11719,12.868765773231301
11720,13.247258837475645
11721,12.940124217215681
11722,12.458510886541378
11723,11.68325034858
11724,11.004413828535968
11725,10.666044184468241
11728,15.741242780736123
11729,15.069280162488688
11730,14.145296203363745
11731,13.290002675412142
11732,12.453303748373443
11733,11.908878812705797
11734,11.407398268755303
11737,16.511153033958482
11738,16.135273562189177
11739,14.215271427795617
11740,14.165386843309097
11741,15.888012073274448
11742,15.22542964461289
11743,15.067165770267104
11746,15.996772857745746
11747,15.695691687043213
11748,15.106384008149375
11749,14.608424789886868
11750,14.12488978549004
11751,13.379620777857518
11752,12.831018605450645
11755,11.706055070480776
11756,11.619670022400216
11757,11.675486393586029
11758,11.715572388225429
11759,11.886948064442109
11760,11.87372090798065
11761,11.382383884115143
11764,15.43851423787499
11765,14.883933018669314
11766,14.244586718377535
11767,13.114722258268301
11768,11.858116723067667
11769,11.160171395774732
11770,12.384971685522798
11782,9.51369892381297
11783,13.358235179754377
11784,12.185579079590855
11785,11.515721552272229
11786,12.472965103774397
11787,11.93199757648461
11788,13.501485879097348
11800,15.880702555402737
11801,15.45801528711308
11802,14.872389325687005
11803,14.14400966492401
11804,12.70132361152716
11805,12.657622674633284
11806,12.436727913128223
11809,14.516381830769882
11810,14.053396898332633
11811,13.668838344567808
11812,13.460121929224451
11813,13.246485390335218
11814,13.006227234874688
11815,12.961238769505892
11818,14.748771281556884
11819,15.120742629313407
11820,14.943702360633548
11821,15.06785543907329
11822,14.77042990465916
11823,14.365525548238399
11824,13.956497836265166
11827,10.224447232050629
11828,16.420775073834033
11829,16.20076297285511
11830,15.450308372496695
11831,14.960322038081427
11832,13.995553687780333
11833,13.650657140963858
11836,11.251586674524475
11837,10.562043288326453
11838,10.32485881766135
11839,16.118341320779017
11840,16.118478177785605
11841,16.20951089168957
11842,16.160797221967467
11845,12.173616600330567
11846,12.340870111345687
11847,11.80682566473524
11848,11.490127556294224
11849,11.131167117806696
11850,12.402601137536916
11851,12.13768673266371
11863,17.389844807111132
11864,16.81935211224255
11865,16.334382951812024
11866,15.954000774425745
11867,15.542778616056175
11868,15.199519810210447
11869,15.251008093191345
11872,16.725591747092867
11873,16.184168369612795
11874,15.70957146865013
11875,15.350408958991135
11876,14.744628666143216
11877,13.935469003477658
11878,13.654852249378537
11881,14.968395415238504
11882,14.470511328101058
11883,13.81032413167697
11884,12.850465411281672
11885,12.581150708498319
11886,11.97426668363731
11887,11.320444475462835
11890,10.805050359005671
11891,10.543207584713212
11892,10.163888352206046
11893,12.69277666864744
11894,12.335845734571052
11895,12.853505676134429
11896,12.848647324500593
11899,13.254855480154175
11900,13.622995624783979
11901,13.289515457265809
11902,13.209505745814209
11903,12.931488545420331
11904,12.545180691067298
11905,12.292209056515333
11908,15.170295675968868
11909,14.646976901463063
11910,13.961392863085326
11911,13.267138818124314
11912,12.669152359703086
11913,11.982985342633992
11914,11.241287330798126
11917,16.61677911617081
11918,16.318949256964046
11919,15.904273272222673
11920,15.486375217485126
11921,15.199739287134683
11922,14.740010303498233
11923,14.322803348617708
11926,12.81779282739439
11927,12.545002573837191
11928,12.080044461869651
11929,12.303045079388054
11930,11.12798331289449
11931,10.049879640751199
11932,14.932389654638778
11944,11.208409155190282
11945,11.013287030594801
11946,14.809381768713012
11947,14.597604990498136
11948,14.257641194442838
11949,13.825980555747389
11950,13.458075325079133
11953,11.841739883778152
11954,11.524567433504155
11955,11.37922262907872
11956,9.969088009620076
11957,9.16711966952162
11958,9.303101852057495
11959,8.679141958402255
11962,11.68629877199335
11963,11.468879529131495
11964,12.854855105185594
11965,12.469555514895092
11966,11.701651469437177
11967,10.877216659057547
11968,16.47402605779808
11971,17.157362559647805
11972,16.566744059508267
11973,16.253139436839387
11974,16.21069652754934
11975,15.5209075305434
11976,14.96428667007437
11977,14.281924000194273
11980,18.07180028678036
11981,17.659612367456038
11982,17.055986491729456
11983,16.622645503201184
11984,15.800935058375632
11985,15.298599678173312
11986,14.6527316752229
11989,17.430028415456828
11990,17.009352021852774
11991,16.593219586533298
11992,16.20180167127031
11993,15.96163445394081
11994,15.348359607995148
11995,15.00034090903119
11998,15.285583179346677
11999,14.501718719118214
12000,13.839949479841293
12001,13.67192305746382
12002,16.18717683854529
12003,15.685074539666967
12004,16.529117955871904
12007,12.696038203108495
12008,12.886235898531824
12009,12.871018377227536
12010,15.56558602930946
12011,15.137664718606386
12012,15.341169826129487
12013,14.975026958799516
12016,13.29630491975268
12017,13.725347309952758
12018,12.743080503556383
12019,11.393680110646876
12020,10.260322483676225
12021,9.761578306353435
12022,9.482959566750917
12025,17.360844733152344
12026,16.943912115133585
12027,17.074639178589845
12028,16.807342384655662
12029,15.934766746960495
12030,15.75692160120441
12031,15.043949802964178
12043,16.078578741943375
12044,15.578426695607268
12045,14.66691027991732
12046,14.050188926743733
12047,13.986744203772734
12048,13.46090347452754
12049,12.663298105604182
12052,13.077363919421195
12053,13.301252383062806
12054,12.937531472321092
12055,12.716315099285584
12056,12.208679245395123
12057,11.93313467595215
12058,11.614506848695974
12061,14.10168900053102
12062,13.042172325394983
12063,12.50161499490616
12064,11.415555164573952
12065,11.220458630446268
12066,11.807734579613124
12067,11.289269282283007
12070,16.19452506932662
12071,15.583662379980769
12072,14.948053309001258
12073,13.992301013045106
12074,12.897856397043014
12075,12.022696532887608
12076,12.697183198166831
12079,12.210482906018722
12080,11.705980873967153
12081,10.941234565432962
12082,9.921425697667141
12083,9.393078508655353
12084,16.812424483092972
12085,16.080246213177062
12088,12.207945889911855
12089,11.681663515581905
12090,10.990516344127489
12091,10.37542680724962
12092,9.502412792729256
12093,9.65637144183101
12094,12.205267321343682
12097,11.080633718858344
12098,10.12414802355653
12099,10.012521313560251
12100,9.095939111666207
12101,14.413896957772593
12102,14.374746845327035
12103,13.546662015934968
12106,8.695841342843883
12107,15.080333088180586
12108,14.9213486773241
12109,14.879047502883973
12110,14.501978985220376
12111,13.781185123359467
12112,12.88902554048241
12115,16.058977294154946
12116,15.429711310048926
12117,14.854131482599241
12118,14.257324952931961
12119,13.988967943819757
12120,13.167598659030881
12121,13.026781560710043
12124,14.33846651089709
12125,14.155332179129385
12126,14.05036052108091
12127,13.843107242336172
12128,13.703559483315816
12129,13.514774316065418
12130,13.66493996198234
12133,13.621852990706449
12134,12.59436107551772
12135,11.899099015164007
12136,16.563521839106194
12137,15.946547017288792
12138,15.416804598914535
12139,14.76381687753487
12142,14.750402803929996
12143,15.98625596944045
12144,15.129538212298952
12145,14.408594832387614
12146,13.495951090744837
12147,13.258707311124487
12148,13.190539648897577
12151,17.23656922533289
12152,16.640028975170793
12153,15.969587985998034
12154,15.330528554191787
12155,14.659585372772906
12156,13.986171054775395
12157,13.523267433042072
12160,13.237071468037065
12161,12.973266903532652
12162,12.753939686431048
12163,12.440251087864345
12164,11.9931021725363
12165,11.867384956605829
12166,11.426757368683097
12178,12.966602735616865
12179,13.83337012226504
12180,13.653589097005444
12181,13.401251899674117
12182,13.01165302127979
12183,12.521915699066353
12184,11.96083045810769
12187,14.324110907643398
12188,14.368469955491797
12189,14.589706247901903
12190,14.319589473792908
12191,14.026090719358224
12192,13.35685667597126
12193,13.24372577726455
12196,14.703568468096051
12197,15.101338518793302
12198,15.486931040373953
12199,15.981436744184556
12200,15.68987882425586
12201,15.516249350965717
12202,14.89731945712261
12205,12.736227255030121
12206,12.861629582997818
12207,15.793680297128157
12208,15.674466263474153
12209,15.512117051697427
12210,15.586151935051536
12211,15.52182487757347
12214,11.085690095042095
12215,8.885579291282982
12216,13.551641361654712
12217,12.785687119972286
12218,12.283681624857156
12219,17.663042422465722
12220,16.421226031461817
12232,11.008628483166937
12233,10.580022511040418
12234,10.389056904885955
12235,9.889642145714076
12236,10.396352850925126
12237,9.960623743906938
12238,9.922309306776716
12241,9.658864969544794
12242,9.44137272471063
12243,8.536799721055155
12244,7.7706452341291765
12245,7.153833801578843
12246,6.678342114654332
12247,7.261927092702751
12250,17.021123498326556
12251,16.67417049141798
12252,16.32060489162361
12253,15.882468882491018
12254,15.567216140379584
12255,14.896807124422695
12256,14.532583227682343
12259,15.648229132312496
12260,14.958777805948666
12261,14.066112065510907
12262,12.959990319619699
12263,11.663799353404356
12264,10.834233305379868
12265,10.384647468346362
12277,16.659575981097866
12278,16.266337364321494
12279,15.742254488600883
12280,15.03625345492115
12281,13.985448250262538
12282,13.129549495298988
12283,12.273941552272001
12295,15.177768085173945
12296,14.731652078707002
12297,13.782544086206446
12298,12.767250070618177
12299,12.852770046083885
12300,12.325552019368821
12301,12.079653046899555
12313,13.666930500038234
12314,13.440929102251332
12315,13.332992144463766
12316,13.002960280156547
12317,12.774597203695219
12318,12.941910473590372
12319,12.170818455313382
12322,12.664677176215433
12323,12.74803640625609
12324,12.602517190417254
12325,12.439103159353186
12326,12.354871889073292
12327,12.725238393571166
12328,12.637429646804192
12331,15.110498787369485
12332,14.912251095999588
12333,14.150069536903285
12334,13.26659704582332
12335,12.44817533124553
12336,11.943375825772302
12337,11.84560480335274
12340,16.72967143098898
12341,16.395087864923767
12342,16.602849397886168
12343,17.085365691931802
12344,16.84292437914079
12345,16.50299356356251
12346,16.318891420416573
12349,14.323890192736698
12350,13.8198959281568
12351,13.291329479151125
12352,12.895048638771303
12353,12.57520220771774
12354,12.554491098259062
12355,12.243705560337025
12358,14.320817381126101
12359,14.093081686665325
12360,14.363504790757416
12361,14.264540774812348
12362,12.111008935349716
12363,13.169124818439219
12364,13.543132118605628
12367,14.972458104756408
12368,14.931358456466494
12369,14.385192087348818
12370,14.315174319268971
12371,13.616636358946726
12372,13.059657841988205
12373,12.719120797649262
12376,17.2434325675753
12377,16.74514891471309
12378,16.710024115642582
12379,16.215600239467545
12380,15.880470495561198
12381,15.487192110309193
12382,15.653816883376102
12385,11.988196447322355
12386,11.545150612264965
12387,11.637750315415659
12388,11.521389543382357
12389,11.673257003872568
12390,12.33843773328551
12391,12.384908969282407
12403,14.28205445924725
12404,13.420863720771989
12405,12.6647656754269
12406,12.277192586533282
12407,11.828086508410294
12408,12.689513711670797
12409,12.275939135301522
12421,13.912715305577445
12422,13.342664492822458
12423,12.88347146912198
12424,12.483999793035808
12425,12.11957749890708
12426,11.584231658662898
12427,11.2784555114508
12430,15.456306429884481
12431,14.950570166200519
12432,13.976224509468915
12433,12.754257635833525
12434,11.88046022704326
12435,12.391277541503658
12436,11.875309083375942
12439,9.79823814181703
12440,8.446126742982377
12441,15.983501751215828
12442,15.398664657520023
12443,14.686182391884541
12444,13.738518276340168
12445,12.195784907761693
12448,14.233101845870278
12449,14.457450229930647
12450,14.123786856080264
12451,14.760529455935133
12452,14.791672310121486
12453,14.844291766804096
12454,15.13154928636402
12457,13.134766144121372
12458,15.30599600122108
12459,14.88437129248205
12460,14.191110783659804
12461,17.048830758736727
12462,16.521497966304977
12463,15.955890789782984
12466,13.85037854249325
12467,16.138968097950148
12468,16.080776991753005
12469,15.753669313872686
12470,15.453105513936055
12471,15.232420686812679
12472,14.991217829415213
12475,15.881806321282268
12476,15.432904338384585
12477,15.446091963038572
12478,15.872555150002011
12479,15.319021794502081
12480,14.636944967025437
12481,14.265187109913967
12484,13.82421357659341
12485,14.102267202339554
12486,13.813586708552181
12487,13.711519104712686
12488,13.593476391055562
12489,14.005930897570257
12490,11.09334114830118
12493,11.799599529552736
12494,11.430749650507867
12495,11.295552730416444
12496,10.816211932530674
12497,10.508049390799949
12498,10.104467291148616
12499,9.709052927858371
12502,12.69073086974191
12503,12.007408269396045
12504,11.385591968501995
12505,10.076095417142444
12506,9.632400353656184
12507,9.21602418844448
12508,8.503297086224126
12520,12.465320520635204
12521,11.28322295060864
12522,10.939213288149046
12523,10.640412355441962
12524,10.078994274334729
12525,8.692490133273228
12526,7.930565854233965
12538,14.320297787266618
12539,13.962123759381567
12540,13.735873018199134
12541,14.27998392345189
12542,14.298332307960615
12543,14.032794575692838
12544,13.671232483197336
12547,13.44276575413371
12548,13.388399354416183
12549,13.56543507615784
12550,13.52067093122589
12551,13.593989439793338
12552,13.557798853534658
12553,12.893538719118151
12556,15.22970093189028
12557,14.176828705529594
12558,14.003491072609908
12559,13.12621594671982
12560,12.572485026374638
12561,12.391784282835518
12562,12.013579533414722
12574,13.379002051146374
12575,12.8273263232652
12576,12.921042470600591
12577,13.072086408488302
12578,13.097535705693884
12579,13.28255008939587
12580,13.14289710992696
12601,12.024400877577715
12602,11.707916424864846
12603,11.425895905997125
12604,13.556027139871173
12605,12.999517547405484
12606,12.854470860267865
12607,16.633268312649253
12610,15.489753518514474
12611,14.710726774034875
12612,13.98386418247502
12613,13.060817706552427
12614,12.520627878278496
12615,12.277136703961178
12616,11.761619797128445
12619,13.40911701899753
12620,13.993189688688005
12621,13.853377470527548
12622,14.183767965449222
12623,14.915424332665227
12624,14.87297996730077
12625,15.019066475404946
12628,16.74572078687998
12629,16.04626683340359
12630,15.451700619223844
12631,14.395984438405419
12632,13.301451378554292
12633,11.858612259708583
12634,11.310282826505848
12637,16.866249774269864
12638,16.34014644543119
12639,16.15487058717453
12640,16.181437800478676
12641,15.95753773858544
12642,15.481834347103451
12643,15.119673343744855
12646,17.03457972414084
12647,16.459548321744773
12648,16.2018632893784
12649,15.619270071129165
12650,15.143436921050945
12651,14.83202012970714
12652,14.478384596202542
12655,13.526746567116469
12656,14.107208804780358
12657,13.971179227918459
12658,14.15998143429199
12659,13.758523188318962
12660,14.183663477194195
12661,14.147154729643098
12664,12.844415110715685
12665,12.277830357985998
12666,11.737675724836684
12667,12.051317616454025
12668,11.961979934903072
12669,11.065528371529878
12670,10.725005959935844
12682,12.146853285870202
12683,11.788357814993093
12684,11.10465642952933
12685,10.491690797323463
12686,9.118225083068378
12687,8.13739583005665
12688,17.190931222940844
12691,15.950812567349624
12692,15.23974356073489
12693,14.331460430314376
12694,13.416120459560709
12695,13.796035137130222
12696,12.089297227057049
12697,12.420441814292904
12709,9.233373071086755
12710,7.780720886117918
12711,15.171134349057782
12712,14.12616449507584
12713,12.365603114023314
12714,11.117598788834988
12715,10.511321912742025
12718,12.738836849114865
12719,12.49366971436925
12720,13.179323882772799
12721,13.081047510949404
12722,12.538769908753826
12723,11.921120177649259
12724,11.071003819851448
12727,15.823435958101433
12728,15.407103593457748
12729,15.302090880945492
12730,15.036128362466156
12731,14.924604719360453
12732,14.911450946952113
12733,14.342741279247113
12736,15.662257298770697
12737,15.513208400953841
12738,15.144003916475327
12739,14.84519175895106
12740,14.700036075258424
12741,14.360788621639156
12742,14.157677974787
12745,16.1503551719058
12746,16.02331749960176
12747,15.174775390531495
12748,14.148093096652167
12749,12.093564423551065
12750,10.764181004307874
12751,11.959007746624264
12754,14.281361828087045
12755,14.143032142458422
12756,13.790254286548109
12757,13.410252928330962
12758,13.099708686839522
12759,13.100179116268444
12760,12.621587089491339
12763,12.191370090726618
12764,11.669159687000864
12765,11.190831365744934
12766,12.529188220621313
12767,12.326235070415741
12768,12.007725359970745
12769,15.495393513640014
12772,14.088856608965747
12773,13.820995488194844
12774,13.199898327897047
12775,16.49037722541622
12776,15.694017133154336
12777,15.110536311114556
12778,14.767365325488166
12790,14.242364616192342
12791,13.700270286740563
12792,12.967887311311367
12793,12.780529191190118
12794,13.550015196725376
12795,12.733360027982773
12796,11.905818541903598
12808,10.429103261774754
12809,9.863654652034406
12810,8.690137586397595
12811,7.255591274253665
12812,15.495479811167662
12813,14.959133815137271
12814,14.366673002572803
12817,15.497706989592734
12818,14.667708962474942
12819,13.786335062251394
12820,13.027320561854996
12821,12.677821625764357
12822,12.031034500182479
12823,11.190900364095901
12826,15.737829466267955
12827,15.173867529142965
12828,14.205108444897371
12829,12.736671484395103
12830,12.44104199563037
12831,11.533492505910193
12832,12.152898636338302
12844,10.410184665718338
12845,9.967447781495006
12846,9.890604926705114
12847,8.883224230278994
12848,8.046229101075378
12849,12.213281598475843
12850,12.42049830622466
12853,16.117370788308854
12854,15.62349485656696
12855,15.596338663617217
12856,15.3096063033969
12857,15.158866885247685
12858,14.009483967498676
12859,14.774615155266032
12862,14.322997815581664
12863,13.770043416434293
12864,13.094729042187646
12865,12.535401572211882
12866,11.899737684579183
12867,10.677061982208688
12868,10.875856114629988
12880,12.40764929412919
12881,12.221217382856628
12882,11.675384392667931
12883,17.077142186338268
12884,16.66597402415697
12885,16.1980998348129
12886,15.977971142864153
12889,17.310335826381102
12890,16.669428659760193
12891,16.254431993530055
12892,15.999830561632734
12893,15.628234397704112
12894,15.294985788059822
12895,14.623445180756356
12898,15.726096222272384
12899,14.944935878180642
12900,14.039288308131871
12901,13.423325379951331
12902,12.625391347926874
12903,12.8019487249356
12904,12.35461333302121
12907,12.087035699056104
12908,11.053584783892745
12909,10.246722584108158
12910,10.446538323596856
12911,15.990750228563718
12912,15.244107417118043
12913,15.08355896379702
12916,13.822327271291197
12917,14.541063939386618
12918,13.13488070772306
12919,12.756405479866679
12920,11.924100904723316
12921,11.6337350271823
12922,10.991257946359317
12925,13.160949273719417
12926,12.528663262470143
12927,12.265590773054582
12928,12.887071331043295
12929,12.758807672373374
12930,12.316965330481803
12931,17.41934737766069
12943,11.998488663833642
12944,11.717399826405316
12945,11.304387234795035
12946,16.13752595404848
12947,15.383358264212417
12948,13.951095964656854
12949,12.349025144835037
12952,12.63989518727633
12953,13.27643805434344
12954,13.14355719341133
12955,13.590665560010306
12956,13.527371047570377
12957,12.580329124513899
12958,11.958841298686874
12961,16.74972800108369
12962,16.127373973886517
12963,15.615783682957534
12964,14.850737438182538
12965,13.926582233854965
12966,12.915043961437004
12967,11.668004285370309
12970,7.8868329989550565
12971,12.524733627897957
12972,11.907720516618209
12973,11.271528835188708
12974,10.795198665435892
12975,10.556905890867077
12976,10.320584744874001
12979,15.37177910149356
12980,15.158331495965001
12981,15.208350450278838
12982,14.726237038061988
12983,14.457815395074588
12984,14.41282006962198
12985,14.036334621344958
12988,15.79181161788642
12989,14.637574123363397
12990,13.597759938616104
12991,12.634775650105516
12992,11.229328370954718
12993,10.388687628663146
12994,9.731927878386204
12997,16.62382048780125
12998,16.226411794441777
12999,15.98865416894975
13000,15.811304150891933
13001,15.400472359369848
13002,15.014967681935184
13003,14.7199129021658
13006,16.642323048430743
13007,16.34917681589932
13008,15.951429427430934
13009,15.281606828537367
13010,14.50711354687375
13011,13.485581865584072
13012,13.070111729205586
13015,15.442742807920146
13016,14.5207439056662
13017,13.936845500347046
13018,13.03785069425934
13019,12.165625580714991
13020,11.400450814871316
13021,12.2044713641632
13033,11.186849004531135
13034,10.818877879167118
13035,10.385450631617017
13036,9.561349294288288
13037,9.416947954650293
13038,17.88511031040042
13039,17.04351221546454
13042,14.983090606692935
13043,14.004311080855938
13044,13.223989930492607
13045,12.816544489421211
13046,12.578825150056087
13047,12.311243143135714
13048,17.671756547923422
13060,16.702343896364727
13061,16.509735428088536
13062,15.879801405309914
13063,15.367017617127418
13064,14.768481470878854
13065,13.888074910779011
13066,13.043949841908814
13069,17.223225321942675
13070,17.21961683800951
13071,16.456229791566063
13072,16.111149985573437
13073,15.88610217936708
13074,15.21498369625804
13075,14.805642655027102
13078,16.610733006449113
13079,16.075748744350395
13080,15.405241354540832
13081,14.913642731395507
13082,14.257986888816474
13083,13.425289171704863
13084,12.253619179569268
13096,15.104846782144081
13097,14.687550088971934
13098,14.043486414860453
13099,13.239098753345763
13100,12.325543145506341
13101,11.472561698780668
13102,11.016183532134377
13105,9.82498532438117
13106,9.266815218904162
13107,9.171599543659752
13108,9.035629778183564
13109,14.568486278845967
13110,13.903931607565092
13111,13.240023738869874
13114,12.51199362330195
13115,12.305691710558886
13116,12.32116317074251
13117,12.191263529876466
13118,12.326563123864798
13119,11.807347274285068
13120,11.946070588851702
13123,15.852524259151444
13124,15.745180401400152
13125,15.447315453979495
13126,15.378708701205065
13127,15.223668656127689
13128,14.88338318745364
13129,14.68423787290682
13132,14.880903820603763
13133,13.859231705875118
13134,12.804670107062188
13135,11.654129844792985
13136,11.50726950011407
13137,11.013567172645132
13138,10.532549442567325
13141,11.411977422241726
13142,10.947819634291168
13143,10.327119964599742
13144,10.099588732738454
13145,9.845222644404153
13146,11.992012712949007
13147,11.789662862372465
13150,12.356942234174346
13151,11.895715424039174
13152,10.692830883948481
13153,9.840121676914308
13154,8.967249182852276
13155,8.825706773447951
13156,8.386400901166214
13159,12.346747214812941
13160,11.865060117366742
13161,10.527016666215204
13162,10.007397015926639
13163,16.987431243973774
13164,16.169728437711814
13165,15.635937655757518
13168,15.961954107342907
13169,15.555695114206616
13170,15.187926812107696
13171,14.076955938849064
13172,13.674930380926417
13173,12.89802411150828
13174,12.419997838034304
13177,11.482775488019346
13178,16.965679913185742
13179,16.71904135468586
13180,16.343379869408842
13181,16.007280731492877
13182,15.492388590323667
13183,14.98324708726781
13186,13.330295824229834
13187,12.462364665023859
13188,11.829114816132627
13189,12.626505180760125
13190,12.421224346914832
13191,12.21333123809224
13192,12.022510319300086
13195,15.616252728326652
13196,15.792546934853895
13197,15.812127536613131
13198,16.230020404785986
13199,16.044125484693545
13200,15.918368166088726
13201,15.96022179871843
13204,13.606544775421265
13205,14.067802730319842
13206,14.619058928609865
13207,15.96493281638457
13208,15.6175932258154
13209,14.859898946421938
13210,14.221695406996787
13213,16.70681754506391
13214,16.25256141941775
13215,15.821720166732858
13216,15.699504724970613
13217,14.96903549989798
13218,14.577158555638938
13219,13.78682297610002
13222,15.177061305193249
13223,14.57801261114752
13224,16.171974844026085
13225,15.602418443938546
13226,15.192148192625009
13227,14.656552605781739
13228,13.85691734146212
13231,13.600997159520944
13232,12.888550611902234
13233,12.121815653555169
13234,11.625441320020204
13235,11.035566854037146
13236,11.209696496737122
13237,10.491579726321211
13240,15.141882129051178
13241,13.673753426522484
13242,12.394761388702289
13243,11.432300921396342
13244,10.375146061712408
13245,11.865924661619536
13246,11.380319358422197
13249,10.155723778053611
13250,11.331043811404658
13251,10.786035340845325
13252,11.452357716536472
13253,15.008676376613053
13254,13.944132418534942
13255,12.142541616701742
13258,13.201492437059366
13259,12.983556378925075
13260,12.310423651804825
13261,11.911641180418718
13262,11.181012817605032
13263,10.320551796487644
13264,10.49457432165487
13267,11.28519641631439
13268,10.883222456966818
13269,10.51631907150734
13270,9.992505248853782
13271,9.500693872983122
13272,15.954406272045912
13273,15.402786702517071
13276,16.551260812250092
13277,15.698858289245877
13278,15.13261184898738
13279,13.931025245084498
13280,12.670095928096874
13281,11.866851634487688
13282,11.94423374303591
13285,16.70199365369361
13286,16.274926906259356
13287,15.48158812748508
13288,15.0590326752948
13289,14.162625954683968
13290,13.039827063276846
13291,11.663515527602685
13294,12.905375838901456
13295,12.426287913604884
13296,12.081416040930618
13297,13.855178286575871
13298,14.378527982340175
13299,13.757631413872428
13300,11.67046753039996
13303,15.552012041688085
13304,14.675189032710101
13305,13.909907593706706
13306,13.160960819441438
13307,12.668434651804562
13308,11.510101481279127
13309,12.231189558336379
13312,15.44882904605891
13313,14.553124283594487
13314,12.878864045833046
13315,11.162658517326827
13316,10.635855446249355
13317,9.485696794737327
13318,8.113726085970747
13321,15.128806715524801
13322,14.407713567555296
13323,12.77588201620163
13324,11.413966636937095
13325,10.67271575750141
13326,10.187989573981278
13327,10.854701314199513
13339,15.427688313597764
13340,14.503592934028473
13341,14.158025216614593
13342,13.344213292331688
13343,12.767509631220618
13344,12.257012877598559
13345,11.445481393473127
13348,15.05462017072203
13349,13.080730637652291
13350,11.334970361329475
13351,10.509386964531792
13352,9.968713337453835
13353,11.08457036856782
13354,10.351501163890248
13357,13.639164710998605
13358,12.83178645224007
13359,11.967015644255648
13360,11.190555324723487
13361,11.467216548876578
13362,10.511485258054378
13363,11.10482187913902
13366,13.3003388369179
13367,13.86630632860741
13368,13.483440417882791
13369,13.126462962609775
13370,12.84871569391635
13371,12.341385575274625
13372,12.181370032889802
13375,15.482576607234535
13376,15.15430311212605
13377,14.591548386961884
13378,14.047369618647371
13379,13.365754947009501
13380,12.474938803724314
13381,11.725970194407024
13384,13.895296309550499
13385,13.864437855587626
13386,13.435235012117268
13387,13.362433266594651
13388,12.971293945652853
13389,12.632486782388721
13390,12.007603413956096
13402,16.29243661402592
13403,15.738124736527574
13404,14.710347187607907
13405,13.907079201488713
13406,13.312474516473113
13407,13.94438123129056
13408,13.029535115093134
13411,15.630510366231585
13412,14.474379391732242
13413,13.528121775832016
13414,11.90344612569257
13415,11.670527325473719
13416,11.337500074864115
13417,10.854179711127616
13420,12.696482273928243
13421,12.50392655895341
13422,16.636962834537506
13423,16.082383806518603
13424,15.7255363534524
13425,15.208950577945018
13426,14.311848134999336
13429,13.2852676326546
13430,13.249381856979952
13431,13.066950028288149
13432,13.262146189126938
13433,12.658589900393622
13434,12.208908620349382
13435,12.00869430210199
13438,15.028652596087275
13439,14.36109580515706
13440,13.664443452364912
13441,13.029840110547994
13442,11.499363921530692
13443,10.670117509855876
13444,10.33731333441325
13447,10.313940202155331
13448,9.888576939800373
13449,9.137769679141348
13450,9.662625450728237
13451,13.934610060031702
13452,13.414626938789704
13453,12.780064599410103
13465,14.716336727517414
13466,13.761987410881014
13467,13.059915469411406
13468,12.419989763913879
13469,12.397799830398224
13470,11.681925347647692
13471,11.35640030162027
13474,16.095673646086055
13475,15.432675539556593
13476,15.18690750155165
13477,14.886022024354657
13478,13.77951647364086
13479,12.618172362532832
13480,11.843437115397364
13483,10.691035408517557
13484,11.230628864794785
13485,10.06330784398357
13486,9.863030074904852
13487,9.342070142654077
13488,9.25339986143663
13489,7.642524134232902
13501,16.022172023033164
13502,15.120408837680072
13503,14.036878934587815
13504,12.509527176222155
13505,11.792751761456426
13506,11.092717208787851
13507,11.873804559071996
13510,16.15870943180361
13511,15.301904746554795
13512,14.116888413545041
13513,12.740118579068263
13514,12.071346253463862
13515,12.233249973534965
13516,11.958489105963377
13537,16.29332755209665
13538,15.82705461015005
13539,15.65885928611139
13540,14.936865917824841
13541,14.436445046115713
13542,14.145799431221556
13543,13.607160787061188
13546,16.52371741346221
13547,16.272165184636176
13548,16.043758883402155
13549,15.970442036088002
13550,15.53220752269445
13551,15.337987637585911
13552,15.120459279630213
13555,10.411870194650978
13556,9.898324245579248
13557,14.761504159371686
13558,13.439719779404701
13559,12.07320960093991
13560,10.493105872267217
13561,16.037414956481143
13564,17.110955865838243
13565,16.324026957835844
13566,15.87646437498443
13567,14.93328114874861
13568,14.030342059709385
13569,14.01411138545423
13570,12.824428928488196
13591,10.894533190114505
13592,9.886493976159556
13593,9.415890054889344
13594,11.072449569522252
13595,12.472643434769028
13596,15.665628239504668
13597,14.74569117717121
13600,15.914148538343142
13601,15.653933168947827
13602,15.227436602804312
13603,14.921301352727497
13604,14.672861997056865
13605,14.37503834202747
13606,17.04621135149328
13609,13.015515088894459
13610,12.318289105400858
13611,12.862444320977499
13612,12.55829519224262
13613,11.974569247871484
13614,16.63186870677575
13615,15.88127093788823
13618,12.615254172523997
13619,12.155789367220406
13620,13.933640200212318
13621,13.256649485159727
13622,13.658708198874338
13623,13.26812986505704
13624,12.980836678762442
13636,15.278468230718078
13637,14.917805723176063
13638,14.49565000357079
13639,14.314935844125234
13640,13.56525656722068
13641,13.41425806432306
13642,13.279760211339074
13645,13.437969421344157
13646,14.034642071808623
13647,13.503444258699673
13648,13.082848861095126
13649,12.831759707907862
13650,12.385402230838073
13651,11.915466301561146
13654,14.150115337687058
13655,13.172086439622362
13656,11.878672136081146
13657,10.408707493781284
13658,9.782787767298343
13659,8.791941988456118
13660,8.128585200374497
13663,13.105640323351059
13664,12.074037276161755
13665,11.31187358575567
13666,9.919065582499446
13667,10.090506393131704
13668,9.812577677176286
13669,12.259352714972458
13672,16.340405815101892
13673,15.707198314980792
13674,15.055170049662623
13675,14.21966146956104
13676,12.813337811131047
13677,11.436141608136035
13678,11.061280283440269
13681,16.87108083815173
13682,16.494368789533592
13683,16.11216167972393
13684,15.937662869305044
13685,15.381273869395606
13686,14.89575960292644
13687,14.372892423981693
13690,15.601552714463038
13691,15.365491416708922
13692,14.814467138682328
13693,14.623468360934096
13694,14.544677661532813
13695,14.323576176417301
13696,14.217242038083148
13699,15.432999573116446
13700,15.235127503190464
13701,15.153397719074597
13702,14.890098902100355
13703,15.013399694251927
13704,14.911225319518872
13705,14.18232492378823
13708,10.231855610259325
13709,9.441293350181875
13710,8.223358899479258
13711,7.587817219993427
13712,14.116883234944352
13713,13.409032937438369
13714,12.226286952780415
13717,12.606515161513034
13718,12.116891643878931
13719,11.545741093911852
13720,11.923470979265765
13721,10.61974072181055
13722,13.7660650290903
13723,15.128876366526251
13726,11.336892096017356
13727,11.405629744677892
13728,10.141322652593328
13729,9.457669090078747
13730,8.91341571815747
13731,12.176056638786578
13732,12.654916476940283
13744,16.25944476788791
13745,15.649670615078188
13746,15.314529850740035
13747,14.382809894549293
13748,13.751934773247239
13749,13.118594283284688
13750,12.771039803594633
13753,16.350618677149118
13754,15.816120720515828
13755,15.733571786382655
13756,14.867266361699633
13757,12.082418030841705
13758,11.765262703335853
13759,11.183796202604274
13762,12.410746680560722
13763,12.136626099720015
13764,11.926762100521316
13765,11.675860307963992
13766,10.884123036775899
13767,9.729015110685573
13768,10.406563222842058
13771,16.149454870310816
13772,16.04517156235322
13773,15.128123932682128
13774,14.762841324610307
13775,13.896459931415224
13776,12.902895562287044
13777,12.381377979429828
13780,16.349003382863383
13781,16.174708660536844
13782,15.765191730621082
13783,15.292424798424227
13784,15.114029977926325
13785,13.974783525021401
13786,13.143950685719327
13789,13.757214909482778
13790,12.721542468289817
13791,11.87673489780956
13792,10.813860810646245
13793,10.231351414620741
13794,9.793393629739054
13795,12.64865690107417
13798,9.889895599016661
13799,9.366745651140318
13800,8.807621489536043
13801,10.55747801789488
13802,9.840920420267299
13803,10.923813922805694
13804,15.20098933658716
13807,16.81150899609333
13808,16.349225387632437
13809,16.12605499120344
13810,15.907992453435416
13811,15.654942424035413
13812,15.19768544569295
13813,14.590722861275479
13816,15.006502372626496
13817,14.86232907615037
13818,14.75780855009587
13819,15.058490975816301
13820,14.696247477379634
13821,14.60689816640975
13822,14.496633233057368
13825,12.16710829951203
13826,12.6267580024319
13827,13.012336435339156
13828,13.104804111889369
13829,13.451426807903413
13830,12.847576470438273
13831,12.328387618649437
13834,12.392809440797539
13835,12.157365477916432
13836,11.741494272929502
13837,11.56733788980879
13838,10.807260259851311
13839,9.733055040134587
13840,9.010058489805235
13843,11.076604163372343
13844,10.657588712433071
13845,10.445521103426312
13846,10.00324238567312
13847,9.903737521291335
13848,12.394616470466973
13849,12.094084661081993
13852,16.549588025325725
13853,15.90184739734496
13854,15.497174615883589
13855,14.970856929716028
13856,14.247701981644031
13857,13.44899160609132
13858,12.070315921548625
13861,17.892348604806504
13862,17.197725779654863
13863,16.709537073534364
13864,16.20821757683749
13865,15.891699565886274
13866,15.283602624309736
13867,14.624984158275003
13870,16.6177685132411
13871,16.39248060731385
13872,15.930592010331196
13873,15.33496030352647
13874,14.470742452929489
13875,13.616222683741753
13876,12.952668171685819
13879,12.82522069416693
13880,13.527803151858265
13881,13.177296539429138
13882,12.874758061852216
13883,12.518585125956156
13884,12.56000934389404
13885,11.714379489913354
13888,17.81790993742373
13889,17.426026281633245
13890,17.18421611795224
13891,16.802465775608788
13892,16.461462919263806
13893,16.17159016089234
13894,16.32998911670404
13897,12.299212289607034
13898,14.494209868889063
13899,13.681384702967717
13900,12.760925680973328
13901,11.644488671987546
13902,16.575130675190714
13903,15.995532006378872
13906,16.301407134279955
13907,15.966328711097448
13908,15.46750783481714
13909,15.19100177468888
13910,15.006311492849477
13911,14.528315747520539
13912,13.660154151540759
13915,14.597034849141632
13916,13.821104880520585
13917,13.026733146389079
13918,12.6834087017089
13919,12.321586441742514
13920,18.286996139591523
13921,17.626875861041658
13924,16.39891434924958
13925,15.957201283497698
13926,15.16048410225608
13927,14.369254856679113
13928,13.85391362924722
13929,12.798044982715645
13930,12.210761635016306
13933,16.001840110586784
13934,15.482161727178866
13935,14.921685841616798
13936,14.515807120677431
13937,14.831059665250766
13938,14.126538238642274
13939,13.689703541101277
13942,15.444416924217759
13943,15.301649575320619
13944,15.141188828481338
13945,14.954513708228195
13946,14.917762216086144
13947,14.748658013591108
13948,14.357786010387757
13951,15.465968525303376
13952,14.849145117946186
13953,14.167920821065227
13954,12.616303048232139
13955,12.183556038721056
13956,11.466818697269979
13957,13.291305831820655
13960,11.466546391783435
13961,11.439558756474243
13962,11.481661810293284
13963,11.95721377133566
13964,11.679515595869644
13965,11.143946565432474
13966,11.279150600987357
13969,14.820941931667225
13970,14.797800618476982
13971,15.529390824675016
13972,15.479083941971124
13973,16.296644182168098
13974,16.278150978278788
13975,16.57292739196652
13978,15.896001049304006
13979,15.418383367190971
13980,14.775815495825777
13981,13.793511339928115
13982,12.706217431687897
13983,12.77246541774462
13984,12.189007866903582
13987,15.814522108652737
13988,15.319425719358877
13989,11.920674629301557
13990,11.135056068452863
13991,10.983426575938616
13992,10.77966437247371
13993,10.658952039160935
14005,16.865427419585
14006,16.165504671311393
14007,15.442073398207969
14008,14.582094521194952
14009,13.33147453356608
14010,13.248837425452551
14011,12.866120538721248
14014,11.714215968311786
14015,13.2379805136375
14016,12.646351333734078
14017,12.164427395561459
14018,16.797013371235956
14019,17.375186298669508
14020,16.572307049257596
14023,15.754685792598472
14024,15.450836855572536
14025,15.153227144858391
14026,14.850797811145414
14027,14.591910979224421
14028,14.635565681957603
14029,14.386373148558384
14032,13.375550273744441
14033,16.35443629628524
14034,15.923820250819745
14035,15.653578224940851
14036,15.286280709188613
14037,14.943509465766478
14038,14.6521834585588
14050,10.130662964963708
14051,16.41342471053331
14052,15.612646216221545
14053,14.674164126121926
14054,13.66494809943082
14055,12.151922643055851
14056,11.86610731515439
14059,14.733474289593579
14060,14.536321056148907
14061,13.5445295759859
14062,12.387635581310626
14063,11.89101252459726
14064,11.181932191381275
14065,10.896702287823487
14068,14.77200690243437
14069,13.88984778955033
14070,13.007802893745147
14071,12.044276983822945
14072,11.48145543750074
14073,11.595684480137994
14074,10.762805735649291
14095,12.257283686535008
14096,11.7201591224604
14097,10.944082234834664
14098,14.839100045894158
14099,13.83557099516188
14100,13.593778510010331
14101,14.286183338278489
14104,15.992249621557097
14105,15.195108548355782
14106,14.341100254449556
14107,13.862961730846756
14108,12.616604893971356
14109,11.805169615301905
14110,12.498436242525324
14122,14.957240444238492
14123,14.368758686749997
14124,13.101670754179239
14125,12.040277767733171
14126,11.147353920523742
14127,12.16300333602151
14128,10.869120677025895
14140,14.351255695405905
14141,14.519230647812437
14142,16.43225574121561
14143,16.19475840687109
14144,15.966248981526144
14145,15.634974360159111
14146,15.367206003679803
14149,15.62102252657362
14150,15.009275438262769
14151,14.468685382958542
14152,13.864914819251753
14153,13.464050563934617
14154,12.902327492289533
14155,12.710054906814156
14158,16.06595547174924
14159,15.912556847685975
14160,15.22111109964164
14161,13.999465779600852
14162,13.166043363971795
14163,12.365432590686781
14164,12.340551089559911
14167,15.720556598517312
14168,15.109203492293643
14169,14.373680730071891
14170,13.175225240943815
14171,12.17864492092877
14172,11.446796346169297
14173,10.19559730831506
14176,17.136362730648433
14177,16.489385790705523
14178,15.866412569018717
14179,15.47169445141026
14180,14.868045399716173
14181,14.213981262159479
14182,13.20192289143554
14185,12.237987892474761
14186,11.883198533909384
14187,11.254582105817278
14188,9.889490042892275
14189,8.776167099731275
14190,9.05005424204284
14191,13.64650356762155
14203,13.552995782170521
14204,13.404786646556918
14205,13.16428237000211
14206,12.773670775349947
14207,12.565982351978835
14208,12.471048880446316
14209,11.884247612955692
14212,14.26085513655643
14213,14.506367618199336
14214,13.996699807273332
14215,10.515831319492467
14216,13.479637741654805
14217,12.738557994647204
14218,12.326979685289256
14221,15.320679802901791
14222,15.238389709319984
14223,14.341925829229723
14224,12.96385521753561
14225,11.360776114480084
14226,10.404262840448617
14227,12.254981850233047
14239,14.203950896953195
14240,14.37103168850611
14241,14.459611391542772
14242,14.8606411946237
14243,14.778059871302387
14244,14.660631765446086
14245,14.584806876081744
14248,14.628317234748973
14249,13.756404719711963
14250,12.936142227069263
14251,12.089898315213206
14252,12.0114740331572
14253,11.018088013164462
14254,9.918179101279117
14257,15.275195240931353
14258,15.455238849632396
14259,14.263476250971248
14260,13.246103743985998
14261,12.300878152554066
14262,11.636222161313567
14263,10.518916405290764
14266,15.848831849330507
14267,15.655267496309659
14268,15.410270067808973
14269,15.416492821950714
14270,15.064401181457185
14271,15.025651997080676
14272,14.86672021938821
14275,11.73585299295308
14276,12.27502951636911
14277,11.910875740656365
14278,11.65356528276954
14279,11.283273278368183
14280,16.332757574746417
14281,16.03887796952369
14284,17.157608678855095
14285,16.608605948820657
14286,15.961809609535083
14287,15.143400611794135
14288,14.54060107414573
14289,13.754702669355506
14290,14.207708714641994
14293,16.91932393302402
14294,16.01273135751558
14295,15.47959194665448
14296,15.138240589934115
14297,14.840897100587355
14298,14.197464771644707
14299,13.129313171542288
14302,10.474128058603277
14303,10.646305461835654
14304,9.666308462257454
14305,10.972636701053597
14306,10.663124474364906
14307,9.968947524007914
14308,14.460549366881432
14311,10.743652894020792
14312,10.244698543504514
14313,10.103771809704256
14314,8.889446165318288
14315,12.602480190815838
14316,12.007664388822274
14317,13.372859026132279
14320,14.685877972334268
14321,14.01450157082182
14322,13.166617555239194
14323,12.84421438705339
14324,12.283334567323102
14325,11.961590537984602
14326,11.150318676663964
14338,12.602792962496743
14339,12.35600443835581
14340,13.39907347730474
14341,13.714077873822196
14342,13.949424127549877
14343,13.666675226609998
14344,13.294701936144882
14347,15.1744863930489
14348,15.283401265389777
14349,15.246571523391484
14350,14.832735262795953
14351,14.508633238224089
14352,14.03853570226865
14353,11.088919533156798
14356,15.050678204129605
14357,13.448972850766792
14358,12.677403518598025
14359,12.53661663045409
14360,12.680286150799432
14361,12.219358989855907
14362,12.01297321556434
14365,13.28135318687725
14366,12.968538311225858
14367,12.822975727888975
14368,12.66255084210521
14369,11.534481456185892
14370,14.879421664993034
14371,13.757906868533274
14383,15.503748745033066
14384,14.558361294947723
14385,13.867128149761735
14386,13.228965921425496
14387,12.132528360628783
14388,11.538154519016004
14389,10.998342792326525
14392,11.485215053401639
14393,13.026777159504995
14394,12.904558052372721
14395,12.656141388733927
14396,12.128294870958076
14397,11.984465413472945
14398,12.19092347409389
14401,13.681345821963028
14402,13.883461687025957
14403,13.743104367727177
14404,14.500770213623168
14405,14.120911470487819
14406,13.835602359131935
14407,13.413316593826151
14410,13.647720111344086
14411,12.499100404306708
14412,11.88837113142547
14413,12.779193964679335
14414,12.679641785780165
14415,12.257967508938792
14416,11.728907433256797
14419,16.09744498617998
14420,15.565316837556502
14421,15.16200427780507
14422,14.457950062102674
14423,13.121334848649925
14424,12.197410234951521
14425,12.648544479267434
14437,16.70071208432926
14438,16.377739834742925
14439,16.418476353434926
14440,16.066188589306805
14441,15.996192840672286
14442,15.740487849825588
14443,15.642227659906958
14446,13.744356066144295
14447,11.138115645121681
14448,13.202037401737899
14449,14.146045201918733
14450,14.002628095634144
14451,14.96744558031422
14452,15.017228020918772
14455,15.564497694498431
14456,14.580508522286692
14457,13.218776585013389
14458,12.581600746553024
14459,12.137526102995064
14460,11.61314177184534
14461,12.670187092534004
14473,15.630331065586672
14474,15.409518031143012
14475,15.2250403729733
14476,14.94603777071403
14477,14.583587551445712
14478,14.29585491214652
14479,14.271751159757674
14482,15.442138078889394
14483,14.586349993739642
14484,13.600607956551643
14485,12.578308389786896
14486,11.56327631539695
14487,10.18990632736338
14488,11.135668733125653
14491,14.930660017405094
14492,14.140550551957546
14493,13.3237274687756
14494,12.999282332046645
14495,12.900601371316876
14496,12.266254816538508
14497,12.23873826709212
14500,13.197485692081544
14501,13.23136665015881
14502,12.859576823785323
14503,12.628430923807707
14504,12.58056638753138
14505,12.65448548717361
14506,13.142313052711948
14509,11.202083937374669
14510,16.66779633199163
14511,16.239367172543727
14512,16.138199115351423
14513,15.486395718470913
14514,15.308230817020696
14515,15.150641879371001
14518,17.20449668480981
14519,16.696282271427595
14520,16.284424249443095
14521,15.730026010555086
14522,15.18540415887111
14523,14.886827015273013
14524,14.333234136046112
14527,16.71227599930198
14528,16.16829101784399
14529,15.374434871968916
14530,14.704925345513013
14531,14.12313862978691
14532,13.646523697602019
14533,13.336546907347028
14545,17.266839204118682
14546,16.541959001983592
14547,16.073818945791317
14548,15.06721182019181
14549,14.471171320611175
14550,14.043196576634335
14551,13.161851362529582
14554,16.004379770701025
14555,15.022226297002932
14556,14.09060726590905
14557,12.631748794254468
14558,12.171206836003833
14559,11.388268860370673
14560,10.608069110721736
14563,16.39955543003163
14564,15.63763352176337
14565,15.298222213084069
14566,14.629072862749902
14567,13.649014317676997
14568,12.87674157249622
14569,12.378120777615095
14572,13.330198348050498
14573,13.422322774129093
14574,13.362870505516511
14575,13.229413464931408
14576,12.989560861941442
14577,12.610727425411083
14578,12.529383651873564
14581,14.94148668506811
14582,14.440009450518703
14583,14.081303552995841
14584,13.593035533136428
14585,12.95970326146963
14586,12.798003489226659
14587,12.513667633313833
14590,11.591625733513894
14591,11.359074740151968
14592,10.879329389036807
14593,10.746153272535546
14594,10.653487544688856
14595,10.403080323368991
14596,10.441617010829464
14599,16.23235292285246
14600,15.617475276046193
14601,15.092783543983337
14602,13.40760246820497
14603,12.317859964971479
14604,11.537666856858676
14605,10.861706866436679
14608,13.808701428368595
14609,12.005411950018022
14610,10.833049826603522
14611,9.713416042282113
14612,11.844090787657887
14613,11.837773255903988
14614,16.185581013390937
14617,11.640922823033584
14618,11.254633895808874
14619,12.116497986137379
14620,12.484404894288266
14621,16.74442881674096
14622,16.056866208774917
14623,15.55644153704725
14626,15.71198403390828
14627,14.967518263345134
14628,13.875665422403163
14629,12.83076966445239
14630,12.098214569117973
14631,11.5942381351307
14632,10.922479266642203
14635,8.949884285777994
14636,8.19836438996762
14637,7.95892649305011
14638,11.671022632873319
14639,11.414937703641815
14640,10.545394068902477
14641,10.445521103426312
14644,14.95346246297281
14645,14.506878656896587
14646,14.064735026021207
14647,13.593558796186702
14648,13.333976710500313
14649,12.70304982064439
14650,12.090964778417467
14653,14.793494893031802
14654,13.557640977254982
14655,12.313333853726975
14656,11.478365075619006
14657,11.702851368624119
14658,11.0039814032889
14659,10.464074297511592
14662,12.095604664504064
14663,12.388660833441559
14664,11.927231377743874
14665,11.539703706002834
14666,10.864235264358811
14667,10.37882070461162
14668,10.590214165293151
14671,12.65650474577446
14672,12.317663214044103
14673,12.52665501857302
14674,11.165012026700069
14675,11.862518390511761
14676,11.608571951853351
14677,11.452357716536472
14680,13.196602198139859
14681,13.193803651556648
14682,14.671240765967678
14683,13.710577728613398
14684,12.959401997098453
14685,12.433024934386214
14686,11.49440501533285
14689,15.237605607923378
14690,14.323168770776169
14691,12.7393356578526
14692,11.881781912211006
14693,12.076533274175189
14694,11.685524914865947
14695,10.884835421043586
14698,10.259727401834914
14699,11.21025157469921
14700,14.576995128563471
14701,13.264250017531507
14702,11.571203807011969
14703,16.669205364599797
14704,15.689411300566487
14707,9.941168619503816
14708,9.26321741157695
14709,8.826441041782578
14710,9.653422343655654
14711,9.478380804172675
14712,9.13259502335133
14713,7.903596289614301
14716,12.970507396074806
14717,12.363580540740957
14718,11.377346262728402
14719,10.422102758576948
14720,9.968713337453835
14721,16.297806469405426
14722,15.521122277169551
14725,12.682098728341874
14726,12.739074547840188
14727,12.500717918533095
14728,12.500665781472197
14729,11.62179780694117
14730,11.710570679185235
14731,11.57808566782367
14734,11.510412309639202
14735,10.449757537235314
14736,9.700820421076743
14737,11.01308923600384
14738,12.378276524135842
14739,14.80562630767864
14740,13.934498201122956
14743,14.81047382848973
14744,15.765740932819117
14745,15.57216361202903
14746,15.313881705020627
14747,15.287821134397966
14748,14.857003490853188
14749,14.744689479173967
14752,15.72960579453133
14753,15.120688405921152
14754,14.632753252942116
14755,14.219985175698765
14756,13.514381140560188
14757,13.184261540863412
14758,12.659559368581204
14761,15.605359703685727
14762,14.967865488916809
14763,14.24273259163348
14764,14.230432145628189
14765,13.941681428284571
14766,14.007603386677012
14767,13.306222085508969
14770,15.326537086828754
14771,14.734188438330927
14772,14.294424992795443
14773,13.336433892929497
14774,12.202039523416008
14775,10.992773149181277
14776,9.839375607068884
14779,9.9813740911932
14780,9.408371222475317
14781,8.744328763999984
14782,7.19668657083435
14783,11.008330390954875
14784,11.113193888709825
14785,10.874645185851124
14788,15.441654936982873
14789,14.619899873498321
14790,13.477777927380194
14791,12.540227914339024
14792,11.644883119918958
14793,11.591468587289008
14794,11.733144744767191
14797,12.758350145399358
14798,12.320423130051081
14799,11.621636361827674
14800,10.897738825879495
14801,10.253827472516985
14802,9.753071556753158
14803,13.744621246514127
14815,16.58348370731661
14816,16.34668427094285
14817,16.103226348778122
14818,16.253753531004968
14819,16.046057504467548
14820,14.957504442576228
14821,14.03966959349981
14824,16.92197515812975
14825,16.334691090104286
14826,16.27818335742703
14827,15.43144233951469
14828,15.052468424117341
14829,14.222994293938246
14830,13.459346911861951
14833,10.086850233838494
14834,9.734358589528156
14835,11.086180539057013
14836,16.569409904263573
14837,16.01961982578182
14838,15.498168820160442
14839,14.972677562965906
14842,15.916006149466737
14843,15.795864230849444
14844,15.84017167966364
14845,15.30263122071252
14846,15.137628732295575
14847,14.953636145183511
14848,14.83365257534433
14851,16.1603110102948
14852,15.874733448321935
14853,15.41813732713594
14854,14.723280692429132
14855,14.052633540118917
14856,13.415173280033697
14857,12.836721888212313
14860,16.588864175097356
14861,16.06886349412452
14862,15.676498470929959
14863,15.503093809976178
14864,15.174708350555738
14865,15.217191190976164
14866,14.371382776049263
14869,16.24545957629559
14870,16.053481926993086
14871,15.803610907975536
14872,15.505147042847442
14873,15.2235025634263
14874,15.197113431244912
14875,14.966159797772029
14887,13.139013983473307
14888,12.614975172273079
14889,12.435969342937016
14890,12.043206596970018
14891,11.972941887682897
14892,11.836558487645162
14893,11.486088555016636
14896,15.239497060720883
14897,13.767141405157119
14898,12.8878934238849
14899,13.005820572343934
14900,12.451439421541178
14901,11.564074748988784
14902,10.284010850340083
14914,12.201441940345479
14915,11.94732782297299
14916,14.809855067054293
14917,14.26990042435828
14918,13.156942566098843
14919,11.735244676609831
14920,10.885210156391135
14923,16.66371613128435
14924,15.848781189731389
14925,15.172120411442027
14926,14.507893446527486
14927,13.505676941670565
14928,13.210599504081776
14929,12.82051476503497
14932,15.931778120887019
14933,15.825856544313925
14934,15.834949940307704
14935,15.624123866639483
14936,15.526788195340105
14937,15.209449871821842
14938,15.178952275212675
14941,16.452078219497796
14942,16.05001518453182
14943,16.555893380614705
14944,16.745226044951224
14945,16.021733638171582
14946,15.65964423718007
14947,15.417227339032728
14950,12.252669930906956
14951,13.831730303811216
14952,13.605212893806222
14953,13.443888749835194
14954,13.252132953260224
14955,13.68966611631234
14956,13.422116797089618
14959,18.19656983740091
14960,17.209696080566484
14961,16.814927484837984
14962,16.093803982978915
14963,15.730068464668166
14964,15.191111952545365
14965,14.578416982939073
14968,16.274094193863068
14969,15.694444932477145
14970,15.081470349782597
14971,14.673642375664897
14972,13.897214961179811
14973,12.955044712288295
14974,12.756633273256178
14977,14.551224769582179
14978,14.30935826916836
14979,15.355465907603632
14980,15.4009022638426
14981,15.001776211947847
14982,15.757957431082454
14983,15.778153641632045
14986,12.051253408935303
14987,11.796644695726744
14988,13.300951306208994
14989,12.717955710008614
14990,15.697811277951805
14991,16.94654178608438
14992,16.28573934638228
14995,15.457481098859407
14996,15.343325097464795
14997,14.780706495009438
14998,14.106994394544026
14999,12.365065867017481
15000,11.81797337462592
15001,11.007468736193116
15004,12.98297486529541
15005,13.563386087401975
15006,13.601964552509646
15007,12.63810503071092
15008,12.159043929100397
15009,12.155573772348625
15010,12.304133583981075
15013,14.589110362170722
15014,13.026083727816
15015,11.944811772102836
15016,10.71681489335218
15017,10.436319256564733
15018,10.898515524947667
15019,10.900786679503748
15022,13.22623318250508
15023,13.455792416765819
15024,13.0091386866897
15025,12.381050637568695
15026,11.835689891675848
15027,11.236750267104213
15028,11.072729150773492
15031,15.823653983836316
15032,15.343921912235961
15033,14.876988142914442
15034,15.288687871161002
15035,15.103838940766906
15036,14.004492385830027
15037,13.878249648597416
15049,16.48442151459454
15050,15.818705573181564
15051,15.13082650628547
15052,14.13447906565352
15053,12.931650713535772
15054,11.921519007752924
15055,12.398954907916835
15058,12.922506572865307
15059,13.168000002965082
15060,13.225977168426514
15061,13.289248063104916
15062,13.459416873632868
15063,12.952412191101022
15064,12.953213097257732
15067,16.814468722731718
15068,16.4058083729404
15069,16.229548560239813
15070,15.877915166786797
15071,15.415107607553365
15072,15.026882917928123
15073,14.529083211027732
15076,15.959650412701773
15077,15.674050096682215
15078,15.0904358325088
15079,14.51632824482844
15080,13.653090447113188
15081,12.703521193854487
15082,12.036831170271572
15094,16.692170965676954
15095,16.481818758136754
15096,16.09384834670347
15097,15.790208615805213
15098,15.443457319948473
15099,15.260233484273593
15100,14.576576633504805
15103,12.16734221217011
15104,11.99449322120928
15105,18.424753130518422
15106,17.627150661059257
15107,17.081512038666677
15108,16.546021875590377
15109,16.388496382498467
15112,16.52975970583328
15113,16.298882530737693
15114,15.610218509476493
15115,15.210128680265083
15116,14.778635637883895
15117,14.163862662966112
15118,13.782340462846939
15121,11.862313926857988
15122,11.425852267887958
15123,11.877651908419441
15124,11.598726943661342
15125,11.196047990905562
15126,14.23224525833067
15127,13.715937705867727
15130,10.634339875274723
15131,9.209640126861789
15132,15.497029661446756
15133,15.01617840693682
15134,14.312361184762722
15135,13.35442068290774
15136,12.819508105301047
15139,14.469092766120522
15140,13.881700839194746
15141,13.552826742445784
15142,12.989665922671207
15143,12.653367240467732
15144,12.32085117216626
15145,16.10189766911454
15148,16.60904280055183
15149,16.041897095056427
15150,15.403042476576944
15151,14.764943179710802
15152,14.436390763003471
15153,13.643414145743886
15154,12.938070278397621
15157,9.973479924356162
15158,9.163772736159848
15159,8.645762292210945
15160,8.229511118964457
15161,6.569481420414296
15162,15.07518813677489
15163,14.39332264171919
15166,12.600470065440556
15167,12.83065721916895
15168,12.573081015248674
15169,12.349389132584802
15170,12.255714827581643
15171,12.043918355425728
15172,12.33182825999709
15175,13.599741001796655
15176,13.547508229441828
15177,13.953246100751832
15178,13.786758140507109
15179,13.855858520148953
15180,13.28270684229399
15181,12.923641670318728
15184,15.440465850693455
15185,14.71972992317832
15186,13.518955907008895
15187,12.74465155908547
15188,8.663542087751374
15189,11.431867241835366
15190,10.138480620207487
15193,16.195298699845246
15194,15.861454130311222
15195,14.994867461757394
15196,14.33830289416063
15197,13.553895113061419
15198,12.478965900508515
15199,13.448095285492077
15211,14.203672153386314
15212,14.126408543466058
15213,15.046037265993311
15214,14.284513061250605
15215,14.042407855150742
15216,13.762816282661095
15217,13.398917260600003
15229,15.726237546256373
15230,15.23475601922385
15231,15.012458747353246
15232,14.587006704935195
15233,14.443585741780504
15234,14.23816049082654
15235,14.06670031180698
15238,16.930018707478894
15239,16.302180152850962
15240,15.673433477417264
15241,15.11578886477835
15242,14.446978060331492
15243,13.785681049084994
15244,13.395901899734444
15247,16.453749481347923
15248,15.775619144733188
15249,13.043672921692517
15250,14.059127100066135
15251,12.497708142889133
15252,11.577251463526476
15253,11.25647070493502
15256,10.74051860342465
15257,10.028312402981557
15258,12.331038710242009
15259,11.896908135690914
15260,13.300668545965207
15261,13.091101786240246
15262,13.228305923649486
15265,13.155388011366703
15266,11.41706413330962
15267,10.159524147152363
15268,10.071160676324263
15269,11.901088416996796
15270,11.813407763858287
15271,11.73484426658462
15274,13.539795263816496
15275,15.991421266654129
15276,15.848083213637215
15277,15.694924461265314
15278,15.522993996638363
15279,15.376569871524326
15280,15.179903064952319
15283,14.923935544252156
15284,14.816091334025204
15285,15.181137307797172
15286,15.314696008660121
15287,15.383828514825467
15288,15.254345185678611
15289,15.649236966013635
15292,14.34756367577445
15293,13.130486296983879
15294,12.098437322236046
15295,11.440118185011082
15296,10.55414468147512
15297,10.375146061712408
15298,11.452070816699738
15301,16.378903242901124
15302,15.87604205138072
15303,15.560136490058271
15304,15.23371580737024
15305,14.579769763019476
15306,14.163282285633962
15307,13.287613374140605
15310,16.755562877159463
15311,16.18914443427615
15312,15.556767122119219
15313,14.706656595074309
15314,13.869679563528036
15315,12.917864920958959
15316,11.942855517477906
15319,11.286263230344392
15320,12.512361777931053
15321,11.95199941525216
15322,10.976474293565264
15323,12.784350354381157
15324,12.629976706454942
15325,12.375042969955711
15328,15.102128219894636
15329,14.664064058277045
15330,13.91238769127365
15331,13.077543819932515
15332,12.333894016968058
15333,11.503077128915415
15334,11.803391159548594
15337,16.419153936646808
15338,16.07200218243451
15339,15.16630700769717
15340,14.649868196511301
15341,15.946358718860159
15342,15.484136390064114
15343,15.536000637832373
15346,11.452304593146762
15347,12.273829420030594
15348,12.97922714852222
15349,13.967541277978103
15350,13.039003507359421
15351,12.091957250848486
15352,13.673029522203006
15355,12.236713386536675
15356,11.738442198059623
15357,10.940206706832509
15358,10.094644957992482
15359,14.881052328862696
15360,13.82854721033259
15361,12.884578158103064
15364,16.063942798244
15365,15.619214572897066
15366,15.832541712422332
15367,15.734639704546026
15368,15.153982174313649
15369,14.471832952843048
15370,13.542933823288097
15373,13.221942613624497
15374,13.035957635162763
15375,12.998078248882814
15376,13.177235958495833
15377,12.95409146057542
15378,13.034912631178898
15379,12.615038286285241
15382,16.67045488798388
15383,16.28708413269926
15384,15.992412806316116
15385,16.152736662499485
15386,15.407755514944553
15387,15.083125544335894
15388,14.563048854703297
15391,15.706356854356557
15392,15.32385461735423
15393,14.895020893806505
15394,14.095471398275302
15395,13.299762840545487
15396,11.769728138576491
15397,9.73489137036065
15400,11.512425339928546
15401,12.048634902558666
15402,12.097144662911319
15403,12.32314431711601
15404,12.004971857591512
15405,11.925657438670298
15406,11.779886838827313
15427,16.041240308235917
15428,15.797918761054074
15429,15.534434245461096
15430,14.867981172115876
15431,14.216630907931899
15432,13.579163979009648
15433,12.801739292771567
15436,13.249015411409754
15437,13.41914541925444
15438,13.038072659698928
15439,12.775879188031357
15440,12.606709449448363
15441,11.820292510738408
15442,11.234916457214135
15445,13.700020017531516
15446,13.58382185057623
15447,12.811721057617282
15448,13.694855903153432
15449,12.942185920384775
15450,12.801080397733966
15451,12.490198401779178
15454,15.948703981726526
15455,15.619627030641432
15456,15.328892972913819
15457,14.290830033032245
15458,13.36331069688109
15459,12.826514715619487
15460,10.976730749853697
15463,12.682853259054934
15464,13.922663067042375
15465,13.654953232674107
15466,16.548388712091423
15467,16.591577225135886
15468,15.787944812134848
15469,15.156822458900079
15472,14.31266961823038
15473,12.850258022191431
15474,11.564625676555746
15475,11.215260394465046
15476,10.854276324817851
15477,16.756538885359493
15478,15.87363193146501
15481,13.509783991793336
15482,12.72899184631002
15483,12.46949788542567
15484,13.220246607709566
15485,16.685099735233464
15486,16.24478724288591
15487,15.795521881626428
15490,14.65892044138343
15491,14.0684854957248
15492,13.029673361969358
15493,11.340023405092728
15494,10.803323646338322
15495,9.63135069141981
15496,8.76389700713946
15499,13.529136962416423
15500,12.709556383490314
15501,11.707200295881641
15502,11.255462171102444
15503,10.321671433052067
15504,9.780359005054978
15505,9.354700422483019
15508,14.608977169237583
15509,13.83639201487916
15510,13.315372616903124
15511,12.391792587931526
15512,11.817376154997246
15513,11.959577301075306
15514,11.62167224077212
15517,13.127378779223783
15518,11.75472588941571
15519,11.781615831240408
15520,11.32408671734801
15521,12.118246391163593
15522,11.257052089033099
15523,16.855333015684028
15526,13.007802893745147
15527,12.550676020379873
15528,12.728855495877342
15529,12.23224221566207
15530,11.60221757244899
15531,11.159303000329775
15532,10.227091634163973
15535,16.72983736654599
15536,15.960107032323545
15537,15.22508043049982
15538,14.426090471831541
15539,13.590125746902785
15540,12.746094870028331
15541,12.050920631201484
15553,12.042788717613357
15554,11.99455500070592
15555,12.022504311832805
15556,12.518391231437823
15557,12.805038259162615
15558,11.655422793198772
15559,11.782609031719334
15562,13.184144976722921
15563,13.023272058093344
15564,12.496052077030638
15565,12.308638259085296
15566,11.436476292806821
15567,10.577808628846025
15568,13.103147937679779
15571,16.22538093306418
15572,15.55477601222826
15573,15.008097286248006
15574,14.198374847488044
15575,13.39039463103644
15576,12.432255573256807
15577,11.921000497593797
15580,15.480440507714956
15581,15.408494848916659
15582,16.18454337964873
15583,15.826517599024841
15584,15.564474558875233
15585,15.323681121846422
15586,15.24562202378055
15598,15.543849991427832
15599,14.999334633107681
15600,14.490381745328976
15601,13.17496721265793
15602,13.244651804082803
15603,12.904784315562532
15604,12.931469180305616
15607,17.147019433384575
15608,16.64268914119019
15609,15.91780924831289
15610,15.65193965008785
15611,15.306834304924564
15612,14.81113322189389
15613,14.255484011389393
15616,12.054580927528658
15617,11.69309470719604
15618,11.555457995688931
15619,12.398653891261743
15620,16.957515921593863
15621,16.5136277900626
15622,15.882580384604958
15625,15.961586742694875
15626,15.523041320436775
15627,14.887773395576216
15628,14.029557661763153
15629,13.23720876907337
15630,12.731980951627097
15631,12.12267473211038
15643,14.625434045376949
15644,13.294600927744264
15645,12.096720841935875
15646,11.364471859287463
15647,10.815428839272444
15648,11.35685627932034
15649,11.004031308053985
15652,17.521712482994293
15653,17.0718855380318
15654,16.629888446862516
15655,16.12993548270853
15656,15.600036763433653
15657,14.70076830953015
15658,12.825968794350365
15661,15.308958551147446
15662,15.008514119522555
15663,12.504412719169474
15664,14.225231264820176
15665,13.64932019109857
15666,13.195684468619861
15667,12.43083488605984
15670,15.371163864744098
15671,14.622484067843041
15672,14.249734148143213
15673,14.150325708090007
15674,13.22222681175776
15675,12.649883083755665
15676,11.495535125766146
15679,14.106764991927605
15680,13.627556769891482
15681,13.027709782001283
15682,13.421178249634087
15683,12.490736417492432
15684,12.271499834185772
15685,12.088729513102175
15688,12.171460496612477
15689,11.918017170038821
15690,12.129337378905062
15691,12.045099579393234
15692,12.578111950845173
15693,11.962165004863236
15694,13.60648561833577
15697,15.448993068194456
15698,14.640103457643093
15699,13.680278291101484
15700,12.667584067843176
15701,11.907626177631204
15702,12.238026635271027
15703,12.664923690255339
15706,15.691216796398226
15707,15.017872765976007
15708,14.410241941278382
15709,13.659894805441938
15710,13.188248491478529
15711,13.245044619459321
15712,12.931260981634914
15715,16.88938992827153
15716,16.472645147733672
15717,15.97161159068895
15718,15.58419210195907
15719,15.072351770534368
15720,14.614866943942987
15721,13.93196649118742
15724,17.32220049656642
15725,16.71910468050702
15726,16.317486118187
15727,15.59598778807635
15728,14.953408301279634
15729,14.141340653057917
15730,13.066969053700817
15733,14.269899154687105
15734,15.267594064115563
15735,14.948113883193063
15736,14.671552222492585
15737,14.49656946890778
15738,14.399376770146876
15739,14.249989983539468
15742,11.485924189467285
15743,11.356224870204732
15744,11.499586900531048
15745,10.82838117321755
15746,10.474043280509886
15747,10.673572625816131
15748,14.471454708478673
15751,11.56667474096442
15752,12.187068199602477
15753,11.93156342878864
15754,11.346185876302558
15755,16.771041425643038
15756,16.270272641484475
15757,15.91243807498491
15760,15.22118956688222
15761,14.136296113719872
15762,12.62322255302828
15763,11.615960278277704
15764,10.971159418297601
15765,10.546524948610623
15766,10.833010353179
15769,14.752177478107258
15770,14.082305760541269
15771,12.603505581941073
15772,11.741056557795478
15773,11.92088745327698
15774,11.5744249980578
15775,11.259889555790982
15778,10.928040585812553
15779,10.586281321016582
15780,17.84971919560466
15781,17.968922011723674
15782,17.488281564888542
15783,17.026235333101756
15784,16.834952424517795
15787,18.532724067821892
15788,17.79378769328134
15789,17.361238667162368
15790,16.90130151907053
15791,16.571381691778058
15792,16.28072601924656
15793,15.858549751167343
15796,17.413071499957702
15797,16.959855102635004
15798,16.01064372760904
15799,15.415049840208704
15800,14.454217392095853
15801,13.630028813031652
15802,13.136149904993033
15805,18.16666983486114
15806,17.45927911982913
15807,16.911070293025084
15808,16.448319693923242
15809,16.002793884406103
15810,15.235381851410018
15811,14.610934504309133
15823,16.668694796589158
15824,16.22669172654213
15825,15.673437377317436
15826,15.325673621670433
15827,14.587311327973477
15828,13.966258024854627
15829,13.45566201204527
15832,16.610027159805753
15833,16.195667338945036
15834,15.651754745741847
15835,15.182026611492258
15836,14.737854929531466
15837,14.274431121304657
15838,13.860556578711344
15841,15.582859158241824
15842,14.86115130266622
15843,13.836798356357479
15844,13.162304984497277
15845,11.943661879981525
15846,11.746391555087355
15847,11.301302792730635
15850,15.496994861811237
15851,15.205354362350823
15852,14.940354112287155
15853,14.412547088429019
15854,13.649293032378877
15855,12.9774740122352
15856,12.693578463974548
15859,14.02863852029605
15860,13.55660769592539
15861,12.890161422351676
15862,12.097512572298273
15863,11.84532513422101
15864,11.24465378603827
15865,13.002008788136369
15868,13.243716920096132
15869,14.198419852234007
15870,14.443434182804028
15871,15.107185125908138
15872,14.672713062163838
15873,14.496510761810125
15874,14.657957959587026
15877,11.478251201036207
15878,11.36826956670476
15879,11.504681577314335
15880,11.511754779985889
15881,11.739000714654106
15882,11.532502576643592
15883,11.718914719064367
15886,9.672311829524654
15887,7.614805364711073
15888,7.8674885686991285
15889,7.093404625868766
15890,7.1204443723924875
15891,5.730099782973574
15892,6.249975242259483
15895,17.13594066396134
15896,16.79697325363305
15897,16.77591327797445
15898,16.096070058705347
15899,15.734380390728262
15900,15.285857422922895
15901,14.899459192167011
15904,12.33435151778986
15905,11.951496474975388
15906,13.458391229587116
15907,14.88934813900564
15908,14.395308172999226
15909,13.641247642917248
15910,12.531581431122385
15922,14.871870663212706
15923,14.917289826453587
15924,15.027787784923825
15925,15.329331003386171
15926,15.024724602960179
15927,14.704542316960785
15928,14.634323402252331
15931,15.386827616178447
15932,15.11483290495617
15933,14.78123277212895
15934,14.46385648306968
15935,14.269955653494138
15936,14.131558488372722
15937,14.281185456760298
15940,11.89303857647549
15941,11.29384863333078
15942,10.822574371712284
15943,10.795055171354777
15944,10.545315122572783
15945,11.878672136081146
15946,11.704859011558087
15949,8.948975607841776
15950,8.58876938990546
15951,11.362962670364041
15952,10.88569710249957
15953,10.516671188955689
15954,12.462890789433466
15955,12.135054510294683
15958,15.767382897783804
15959,15.020049801833038
15960,13.41170806694201
15961,12.420042244531386
15962,11.583579622423843
15963,11.101915009806435
15964,10.556463568406796
15967,10.399037088749603
15968,11.317324120829042
15969,10.152493763376064
15970,9.207636720401869
15971,13.2732596244482
15972,13.67234432757055
15973,13.134744415061023
15976,15.775241754794962
15977,15.071657508613761
15978,14.478720044512253
15979,13.335589109336867
15980,11.654815575969845
15981,10.967560154929494
15982,10.873811820902707
15985,15.402451296068806
15986,14.33017739481607
15987,13.13701747964408
15988,11.745084256611355
15989,10.676508195679236
15990,11.40399190692562
15991,10.752141635694471
15994,16.68264581623395
15995,16.09007521981694
15996,15.703089168362933
15997,14.705869960354974
15998,13.618558495364171
15999,12.70513434487592
16000,12.048248560336607
16003,12.819667831330637
16004,12.780118108855238
16005,12.544225611790834
16006,12.122707340806034
16007,13.564315979643931
16008,13.52883997378571
16009,13.480890604806373
16012,12.259779275479424
16013,11.091818660872107
16014,10.018823151216033
16015,9.168476167877484
16016,8.019283792916793
16017,6.049733455231958
16018,7.775695749915245
16021,16.081235589273543
16022,15.571345741513674
16023,15.200759122429423
16024,14.903392481631666
16025,14.094210663047587
16026,13.761426003210442
16027,13.23088050571411
16030,18.00219180778368
16031,17.585694385055714
16032,16.887782070745512
16033,16.506481264676058
16034,16.090283555336185
16035,16.111635227288698
16036,15.979085505912716
16039,16.559578527752354
16040,16.2618475359589
16041,16.040058971530687
16042,15.844471106829236
16043,15.545475825850998
16044,15.398160248551962
16045,15.150889974166057
16048,14.19715622215932
16049,13.850068494172488
16050,13.505325174651231
16051,13.147430553983192
16052,17.58191496825843
16053,16.90842616496531
16054,16.247277912307116
16066,14.517276985858853
16067,13.475963799841855
16068,13.874094510796077
16069,14.02597405612111
16070,14.394027166129867
16071,15.241327990368772
16072,9.048409504829962
16075,14.270330750009727
16076,14.368820218293127
16077,14.476089091240116
16078,14.950295328903271
16079,15.63857083876228
16080,15.991546000580312
16081,15.665385778934377
16084,15.918677659423752
16085,15.311627689060135
16086,14.712523868597401
16087,14.134108278715804
16088,13.37787963230133
16089,13.018483986561634
16090,13.4449539943443
16093,14.676642005817968
16094,14.501266994132987
16095,14.092533776119422
16096,13.609858140974147
16097,12.933104210951784
16098,12.442535105090382
16099,12.197687588995734
16102,16.252872492689026
16103,15.90614114317387
16104,15.579941823648062
16105,15.449104744062783
16106,14.57239046634754
16107,13.361638512246
16108,12.958888697204676
16111,16.65994669028297
16112,16.247145554193327
16113,15.865760773624908
16114,15.490631711094437
16115,12.28636609099713
16116,11.873072374654338
16117,14.908399499482758
16120,15.58732510977339
16121,15.281325875284455
16122,14.634272250184278
16123,14.203313945399332
16124,13.641674893920618
16125,13.078045696753204
16126,12.814135681703224
16129,15.941736563264097
16130,13.26949462139213
16131,13.858604529588826
16132,12.721187059274516
16133,12.129331980109534
16134,11.454713555221815
16135,11.165903778059635
16138,15.647898242938691
16139,14.507365403819335
16140,13.529025102613927
16141,12.207092125683639
16142,12.027633542250442
16143,11.717399826405316
16144,10.707415532439432
16147,11.881270052974951
16148,10.960392037804448
16149,15.761727802718019
16150,15.353510898780003
16151,14.730541696884192
16152,13.382756469618439
16153,12.604029638148017
16156,11.685945563680873
16157,11.514004882189793
16158,11.272699333674742
16159,14.80621315866802
16160,14.100660928361194
16161,13.100534859376607
16162,12.04934280920306
16165,11.272126978417297
16166,10.80314064325726
16167,10.112004656988175
16168,9.551160286590816
16169,12.325543145506341
16170,12.125859923404999
16171,13.474064773734106
16174,16.823452242390932
16175,16.312279900294786
16176,15.732769878159711
16177,14.778807005683694
16178,14.255943759900894
16179,13.466413968477621
16180,13.378570262521087
16183,14.831766436634947
16184,13.937629955775137
16185,12.999705227666706
16186,12.465281938304363
16187,11.705164348772401
16188,11.505729636988425
16189,11.19284416007177
16192,14.966735220651744
16193,13.46047427069405
16194,11.261330997482004
16195,10.578827114446108
16196,10.07634782554057
16197,9.718121365555948
16198,9.230437073675304
16201,12.371341291091278
16202,13.115717341351212
16203,13.2986970425038
16204,13.40708356781092
16205,13.625272145404562
16206,13.275932173684474
16207,12.487228468266393
16210,16.942824142719374
16211,16.480498966403385
16212,15.740378726327878
16213,15.399421820095226
16214,14.318029173881909
16215,13.402009749926815
16216,12.910288343420891
16219,12.805947069329159
16220,12.144346166892408
16221,11.66072458772576
16222,15.407041289607962
16223,14.884004131001923
16224,14.105786264038617
16225,13.477153947024444
16228,17.126805441917448
16229,16.542147091420215
16230,16.13528752024855
16231,15.904319587409914
16232,15.51916951185225
16233,15.29109085313981
16234,15.034385472229816
16237,13.797755872203561
16238,13.060173030479815
16239,11.70953611139446
16240,11.009456051157498
16241,10.876895586294035
16242,10.360944044643913
16243,10.041552403492023
16246,12.717407139799604
16247,11.513355372546723
16248,10.744041293818528
16249,10.20499856292435
16250,9.387146748082028
16251,8.801168401936692
16252,9.013595294516504
16264,12.274581399851318
16265,12.699896555776178
16266,12.637260729531024
16267,12.924180695379372
16268,12.947102435699325
16269,12.718521950412262
16270,12.62481258521329
16273,13.931446555562255
16274,12.859178776552936
16275,12.070310194516173
16276,11.072651497155183
16277,15.8234432084897
16278,15.592581172245712
16279,15.530648128540886
16282,17.118996612707626
16283,16.481534289457255
16284,16.35697624292664
16285,15.721791899178424
16286,15.206775793789646
16287,14.637213648939989
16288,14.089682528589728
16291,14.304703881603151
16292,14.566454837250436
16293,14.737783361515977
16294,14.631759935658202
16295,14.538216540765763
16296,14.281129588892185
16297,14.050582680143757
16300,15.313394816790082
16301,14.606320149661999
16302,14.057516687023368
16303,13.405406205182684
16304,12.924246529207498
16305,12.37366543122173
16306,13.067634715208005
16309,14.00544886684738
16310,13.205184989574454
16311,12.080254287969952
16312,11.105303031508205
16313,9.997160028398763
16314,9.71153981234754
16315,8.126813720726114
16318,16.261399140731545
16319,15.788455522245782
16320,15.166876719896573
16321,14.589579444381021
16322,14.237995339575143
16323,13.270890273361298
16324,12.776518151236377
16327,14.619328430208135
16328,13.535201239841907
16329,11.708377110307108
16330,10.791995903397831
16331,10.178274337002176
16332,9.448411943874628
16333,8.903951072058707
16336,10.699800341706831
16337,13.247504167167328
16338,13.132697792903386
16339,12.828861737403823
16340,12.540206435830061
16341,12.183740120740342
16342,15.016313543719377
16345,15.795884105591641
16346,15.118418962309574
16347,14.353526161107512
16348,14.165211338865529
16349,14.239855645637853
16350,12.93159020612057
16351,12.053451628505341
16354,12.946980889488378
16355,11.669681319808857
16356,10.474551841293858
16357,9.964770780953026
16358,9.089414904047302
16359,9.045937315684574
16360,8.58839695042257
16363,15.329809096005974
16364,14.912982196338113
16365,13.981858547246913
16366,13.208333712698044
16367,13.023497282822206
16368,12.388598348151618
16369,12.313149687114064
16372,16.51862660613025
16373,15.496964899657529
16374,14.870024657910585
16375,14.82723655272863
16376,15.258597738324774
16377,13.666748334295912
16378,13.201843465298573
16381,11.56680740591927
16382,11.585646046571181
16383,10.34161344288384
16384,17.548588818745355
16385,16.501099584964376
16386,16.284302646173273
16387,15.149710514419764
16390,10.855608641411111
16391,6.937314081223682
16392,10.643303601288238
16393,5.60947179518496
16394,6.612041034833092
16395,10.637896630844713
16396,11.145507304498967
16399,16.757288789954035
16400,16.519917062191627
16401,16.257402968268032
16402,15.864986713508536
16403,15.602287803167153
16404,15.20706182729781
16405,14.802736806501098
16408,17.863634761237233
16409,17.545519599286983
16410,16.841334889611883
16411,16.51717803273758
16412,16.195491412404696
16413,15.749619344063044
16414,15.446605064310392
16417,18.009019212605
16418,17.397374210523612
16419,16.923410575336263
16420,16.398993411924234
16421,15.942689090373417
16422,15.481477564035675
16423,15.065329196170191
16426,17.40690652986211
16427,16.865813068360257
16428,16.168418734843836
16429,15.645821125177765
16430,15.132588272561447
16431,14.426790742848745
16432,13.763645521215837
16435,13.683107671194565
16436,12.982314793951542
16437,11.879615094126986
16438,12.270525225474906
16439,11.168037918747668
16440,10.31001875882629
16441,18.951432387401383
16444,18.05583114984882
16445,17.329913343525067
16446,16.827049987538956
16447,16.388013240186485
16448,15.9198952905932
16449,15.249275641744793
16450,14.684114536687094
16453,17.376705038647696
16454,16.86955754048016
16455,16.471980967502187
16456,16.06128050760608
16457,15.658707636166028
16458,15.270272586008675
16459,15.48061928942873
16462,18.174282907970568
16463,17.55759610215511
16464,17.181492214458085
16465,16.705898537951082
16466,16.4872651024279
16467,16.341176000275325
16468,16.22154254681314
16471,15.953488424839142
16472,16.320328162514155
16473,15.652139021550454
16474,15.327918933346137
16475,15.122721126504558
16476,14.567274699278398
16477,14.128122531924355
16489,11.137577255765875
16490,10.50862285577286
16491,14.37263467283041
16492,13.381969996907825
16493,15.94385475748589
16494,15.155298831923698
16495,14.767836164361912
16498,16.44941944276711
16499,15.900177175130775
16500,15.011595837389159
16501,14.107574764824594
16502,13.240285070114046
16503,12.533619454476908
16504,11.86844374022558
16507,13.579079112323129
16508,13.677963111781441
16509,13.42411402177498
16510,13.168269386393899
16511,12.930825076616557
16512,12.041427928735029
16513,11.472343025087802
16516,13.78779911829724
16517,15.974846103954157
16518,15.789454491256171
16519,15.51312453554203
16520,15.552298397067633
16521,15.478635387783347
16522,15.12522620485179
16525,14.116890632937128
16526,12.854402883212709
16527,12.465740971526756
16528,12.319102178952857
16529,11.558596483945792
16530,10.402867928617377
16531,9.803667217253917
16534,11.726382250694895
16535,11.483908515899735
16536,12.63450530192473
16537,12.00018559071351
16538,11.739423384097012
16539,11.916922829803358
16540,14.793549045409838
16543,14.706301721747028
16544,14.561627726475173
16545,14.342678121868051
16546,14.119427872742529
16547,14.792400311327178
16548,14.476363342956876
16549,14.347928970436813
16552,9.668903811079362
16553,10.749656204178475
16554,9.935422171066474
16555,7.336936913707618
16556,12.916219509198044
16557,15.746079196983226
16558,15.23728185419147
16561,14.226385009159948
16562,13.386986626904312
16563,14.715994213686034
16564,14.0687828461638
16565,12.432024250568604
16566,13.358140389430503
16567,12.188519486282585
16570,16.642929381460014
16571,16.19373526383702
16572,15.928821984151725
16573,15.134023813112737
16574,15.088184551241946
16575,14.563711104972413
16576,14.176555539364822
16579,16.47570484834636
16580,15.879812446267234
16581,15.25037648793481
16582,14.016169616995086
16583,14.08129512038448
16584,13.329845729856784
16585,13.017205063524568
16588,15.80643244941841
16589,14.843622053087925
16590,14.398324322914833
16591,13.683528821145577
16592,12.947650401805848
16593,12.347216241677671
16594,12.450879836480409
16597,16.180499395080034
16598,16.105431194195425
16599,15.84150556765083
16600,15.430128431206578
16601,15.008443142724053
16602,14.56960701351746
16603,14.222001140094177
16606,14.986689059457184
16607,14.75005919525409
16608,14.510438651756424
16609,14.300226675820475
16610,13.959348529859149
16611,13.524223328068162
16612,15.99094931611196
16615,6.068425588244111
16616,11.236882066295157
16617,12.127521741231114
16618,10.896813396877137
16619,10.155723778053611
16620,9.307285578032662
16621,8.4040244933106
16624,15.611008862362507
16625,15.665598996405683
16626,15.239014958340647
16627,15.179595608046576
16628,15.16576755369858
16629,15.068184379629038
16630,14.884757199068607
16633,14.822813884602454
16634,14.326893026663344
16635,13.917127173967849
16636,13.532532072947879
16637,13.22611239529684
16638,13.491533727574241
16639,13.164361000602304
16642,16.535396110830735
16643,16.12322457550913
16644,15.555744951559616
16645,14.982800601808739
16646,15.151118019749333
16647,14.068646992050724
16648,13.660489332655565
16651,15.853058567690953
16652,15.457395524805564
16653,15.226498507283816
16654,14.853015587531976
16655,14.727716960308616
16656,14.315839079424826
16657,14.528099026035237
16669,17.83961003643737
16670,16.980308288169752
16671,16.61219750886622
16672,15.988012250029687
16673,15.394479159769846
16674,15.007520896450508
16675,14.467919594655067
16678,13.492031345239985
16679,13.103669734957075
16680,12.89030773108354
16681,11.92967334916534
16682,13.544760329383653
16683,13.226034867461154
16684,12.665552341944576
16687,15.815989110947527
16688,15.03653868980014
16689,14.169499197014696
16690,13.238285126385316
16691,12.10884562976907
16692,11.445919903188866
16693,10.675954102300329
16696,18.064236144910783
16697,17.209103969248645
16698,16.82214473918155
16699,16.40806108954436
16700,15.883367380155175
16701,15.649882897137468
16702,15.12083995292765
16705,18.226633339327435
16706,17.35510872416237
16707,16.852600202698856
16708,16.472545390966125
16709,16.02542823597275
16710,15.72475301783971
16711,15.202738732944255
16714,17.64530887192272
16715,16.837646710763593
16716,16.362165825099975
16717,15.824111227011553
16718,15.310313300011291
16719,14.967627277987173
16720,14.546439436021707
16723,16.77010594367431
16724,16.70375405271424
16725,16.45423033061359
16726,16.244683543180777
16727,16.315926973759854
16728,16.385113914903805
16729,16.14513419263087
16732,18.58969560810731
16733,17.83282644076283
16734,17.48162036502891
16735,16.791642799698234
16736,16.4846332882468
16737,16.07450890052023
16738,16.03050203177132
16741,15.239226418468798
16742,14.497246375883709
16743,13.860531723611794
16744,13.062704663948182
16745,12.35228331531177
16746,11.35138252962341
16747,10.569340614521527
16750,12.673472888905794
16751,12.365773608286593
16752,12.140627046455105
16753,11.35184080054004
16754,10.835277547857206
16755,17.384553838926756
16756,16.887604711711838
16759,11.693303467619163
16760,11.526345018629694
16761,13.759112678374233
16762,13.580828189820817
16763,13.356404137873595
16764,14.53634294201509
16765,13.795163962744367
16768,11.921751585210572
16769,15.39248002926009
16770,14.748503035936686
16771,14.071458125549134
16772,13.062602757230955
16773,16.718743971249353
16774,16.012201103842184
16777,15.932011584794957
16778,15.596961577222164
16779,15.217992687309536
16780,14.879525190663351
16781,14.512160596348123
16782,14.566085727136734
16783,14.130308159031863
16786,15.705268257615941
16787,15.240810705296152
16788,15.055237207410698
16789,15.654285283811523
16790,15.906351874594982
16791,15.627873967338523
16792,15.457527948519825
16795,15.972879918670227
16796,15.648110421543306
16797,14.951540974566221
16798,14.33190087009285
16799,13.575702674749387
16800,12.586718966421616
16801,11.682431924717338
16804,15.37763419656679
16805,14.404088021214053
16806,13.964383046903198
16807,13.029157581829507
16808,12.215413880030725
16809,11.406364228735884
16810,10.268130666124037
16813,15.302024844519595
16814,14.202808301005877
16815,13.419365384031236
16816,12.926693932590865
16817,12.386709450593258
16818,12.56560201172675
16819,12.068143023430444
16822,15.35662187689894
16823,14.978903525947297
16824,14.259612234287307
16825,13.429808370481638
16826,12.02567723252968
16827,11.57073200206625
16828,11.091910075513749
16831,16.03990435336696
16832,15.176587106100207
16833,13.928535625755572
16834,13.216163326475
16835,11.71488623701653
16836,11.155321518213404
16837,10.701895243753567
16840,11.465896748540452
16841,13.319397833390003
16842,12.375895585680295
16843,11.761104984555647
16844,12.152239285801045
16845,12.281045600621125
16846,12.569743063981292
16858,12.548793177973486
16859,17.157085103355254
16860,16.49582519305251
16861,16.006953565298918
16862,15.409046298426711
16863,14.898282379602136
16864,13.561589449528414
16867,13.148857293502253
16868,12.838992000539632
16869,12.438802104867975
16870,11.618050953011227
16871,10.77630695015341
16872,10.060063859578225
16873,9.900683625203394
16876,13.527689809230715
16877,12.714319948281364
16878,11.822268730631714
16879,11.456217537881178
16880,11.212225695437144
16881,10.89377196431861
16882,9.900583339388739
16885,8.824383730256061
16886,8.492080490601163
16887,7.734558844354756
16888,6.9726062513017535
16889,10.491274217438248
16890,9.173883834965567
16891,15.590320525858612
16894,16.289992391015147
16895,15.773558459844429
16896,15.390374416781876
16897,15.070525845227198
16898,14.084185636519662
16899,13.20817586935173
16900,12.549073524114087
16903,16.708630203622985
16904,16.356080128900263
16905,15.488610357404502
16906,14.769817431633001
16907,13.688006677620757
16908,12.732397532743088
16909,12.160918363523065
16912,15.718180911019179
16913,16.447037030295363
16914,15.099545700540297
16915,14.079448967430551
16916,13.80656869843292
16917,12.453947833063568
16918,12.01074487342069
16921,11.175016196312894
16922,11.391130642848978
16923,10.533322126884308
16924,9.38412559774785
16925,9.400712766959849
16926,15.567709216212338
16927,14.488886570733184
16939,16.381405545100183
16940,16.42264981086594
16941,15.837600225915534
16942,15.554371234154958
16943,17.135456777065325
16944,15.500978893458612
16945,14.998686703107994
16948,16.074168214540865
16949,15.384345618531281
16950,14.978502292618174
16951,14.496034398362642
16952,14.417331611830196
16953,13.277769269123427
16954,13.148130534416222
16957,15.780313677005502
16958,15.09203692697836
16959,14.081776432013921
16960,12.89849206133358
16961,11.838907153418598
16962,11.859397536169775
16963,11.853375493960659
16966,11.966049939406712
16967,11.59726661340398
16968,13.729760930088885
16969,12.904155127430695
16970,16.984805936472316
16971,15.905018636616372
16972,14.850256099803916
16975,16.435643444566633
16976,15.744396325393799
16977,15.373205601283038
16978,14.928857095817001
16979,14.64284547820588
16980,14.449960258576457
16981,14.213894654781885
16984,13.987539325272797
16985,14.223465231198551
16986,10.92805853349506
16987,9.88730735630709
16988,10.101641447146731
16989,9.942804414913079
16990,13.54143548891871
16993,17.189655020369216
16994,16.627601744527134
16995,16.478600840133346
16996,15.805366366386519
16997,15.599071679054116
16998,15.180909625045047
16999,14.725096865326881
17002,16.72916558891476
17003,16.233918455505343
17004,15.7890643616957
17005,15.18979635401944
17006,14.535336182922808
17007,14.109860848351152
17008,13.493706219826095
17011,8.471149252914831
17012,7.071573364211532
17013,6.171700597410915
17014,6.311734809152915
17015,6.55250788703459
17016,6.79346613258001
17017,5.733341276897746
17020,13.25255620321144
17021,13.107265983117177
17022,13.385170620665301
17023,14.24932856350944
17024,12.829561554702318
17025,12.651155823732328
17026,12.299968188844323
17029,13.074669911641298
17030,12.48761717171886
17031,12.089471411271342
17032,11.9468873228687
17033,12.97663678179992
17034,12.925662126595643
17035,12.156819374143145
17038,12.67464087007532
17039,14.113735607401985
17040,14.111974457051828
17041,13.883780234675578
17042,13.331466420482679
17043,12.973011498226263
17044,12.648033603876177
17047,12.60569069284641
17048,11.680141844155234
17049,10.93287479991082
17050,11.133698116560984
17051,10.843299479451629
17052,15.963722513055766
17053,15.440608804742636
17056,14.834313111818563
17057,14.160361169204746
17058,14.212754632455864
17059,13.510098907963084
17060,12.736659719273982
17061,11.787149888111914
17062,10.973117206279754
17065,15.437415236331645
17066,14.617189669922643
17067,13.738618714433937
17068,12.596474875961292
17069,11.280047184559121
17070,9.47378098005493
17071,10.042031361984186
17074,16.751108676903126
17075,16.16387987323639
17076,15.752059888084405
17077,15.239500912750927
17078,14.618110170860277
17079,14.059972450045516
17080,13.233765207517617
17083,14.829412819504586
17084,13.744914258816836
17085,12.867672397841941
17086,13.423152180173837
17087,12.770135672678581
17088,12.874178902846634
17089,12.091761077352016
17092,12.415429596911675
17093,11.3478857138108
17094,10.261231924432881
17095,11.8123112806439
17096,11.738857125892073
17097,11.167755512645819
17098,10.700431526777717
17101,16.216941119712533
17102,15.609249400273622
17103,15.019489862269085
17104,14.491406284217085
17105,14.070417082491177
17106,13.905428041466168
17107,14.05879942294902
17110,15.235952690445291
17111,14.700727460522723
17112,12.76305353660029
17113,12.104720751269706
17114,11.826640714468825
17115,11.69216728423726
17116,11.201155596989357
17119,16.18584037049427
17120,15.133858464198058
17121,14.227677160811695
17122,13.266205679430117
17123,12.742098070317907
17124,12.56988555348162
17125,12.9261538273302
17128,15.599383678195752
17129,14.76043500412385
17130,13.559007980194751
17131,12.82803526889943
17132,12.122283344800465
17133,11.196116630267518
17134,10.959905377501109
17137,8.531096096585228
17138,15.732777669623106
17139,14.698004974004572
17140,13.62248511846826
17141,12.67226276257268
17142,12.20006463351618
17143,11.665371836145363
17146,15.84322015643265
17147,15.375037588459323
17148,15.191120543886354
17149,14.293877863953403
17150,13.520161838400826
17151,12.867636275428238
17152,12.46954783115772
17164,12.624562561361028
17165,12.512957900941391
17166,12.620467762159468
17167,12.173833504387524
17168,12.129083604002037
17169,12.707150917841284
17170,11.885447182908985
17173,15.241723946051897
17174,14.45701754186777
17175,13.715958694927457
17176,12.491819095873574
17177,11.875663988199067
17178,11.147238606870477
17179,11.002383134406262
17182,14.290504838168951
17183,12.891779716992424
17184,12.304758938028872
17185,12.125464361281688
17186,11.478385778695484
17187,10.97510541480526
17188,10.102830093664386
17191,13.856704323369168
17192,12.961172976785832
17193,11.982460234318339
17194,10.906249515547403
17195,10.052898445872824
17196,9.911902051137146
17197,9.449672183486918
17200,16.211601203401763
17201,15.749458009857733
17202,14.998194963782424
17203,14.138377083821291
17204,13.218335156485397
17205,12.478063502238367
17206,12.643649927554325
17209,13.527281669369126
17210,16.54713183239765
17211,15.988275648312015
17212,15.894678812304527
17213,15.668104352509644
17214,14.849909961358588
17215,14.407223394247644
17218,11.140991840070857
17219,11.196226443447955
17220,11.03828711196595
17221,11.208788754446486
17222,11.21075223436259
17223,11.376922448971019
17224,11.461053055559518
17227,12.226027222065797
17228,12.039616563845762
17229,11.451518036840865
17230,11.051381947842192
17231,10.806733570889474
17232,17.192015030369348
17233,16.262054686247176
17236,17.057108157035124
17237,16.389356988065323
17238,15.934280258947924
17239,15.350999839395332
17240,14.975895045024984
17241,14.406131535737483
17242,13.57970214478909
17245,16.115379264920087
17246,15.387511573298797
17247,14.557841158691707
17248,13.934530162087967
17249,13.048570432547374
17250,12.567324598962013
17251,12.15416337199273
17254,9.110299017795956
17255,11.265783747381978
17256,10.823032982130778
17257,10.16103253056767
17258,13.836899181804734
17259,13.220931879470191
17260,12.64340456997671
17263,16.637923195582825
17264,16.145573746340595
17265,15.84625215015521
17266,15.47130099928087
17267,14.914979479617557
17268,13.97133326774148
17269,13.333431108612627
17272,15.808970919092584
17273,15.180787849651567
17274,14.564066428044542
17275,13.82344202059055
17276,13.165087561614108
17277,12.378213386578025
17278,11.910123158659966
17281,9.946977983610656
17282,16.534149763811843
17283,15.992329572942161
17284,15.405083461156481
17285,14.576144876963927
17286,13.666363008249604
17287,12.712079678512147
17290,7.427738840532894
17291,10.653912584247546
17292,9.337237305164534
17293,8.999742789830492
17294,10.828163033944676
17295,13.614792416932156
17296,13.516033868341689
17299,15.895417116507007
17300,15.377684520970488
17301,15.02760479400368
17302,14.830673844118088
17303,14.04475148245965
17304,13.638682683227335
17305,13.297950643007896
17308,14.18542033386216
17309,10.57931053196287
17310,11.236011870446191
17311,10.560800280086857
17312,11.117108661912011
17313,10.566330152831219
17314,10.872010138213119
17317,12.589994011480988
17318,12.176453291455404
17319,12.92431723478827
17320,12.44707576114515
17321,12.0099786830518
17322,11.592909709396361
17323,11.30933941287155
17344,14.785714688752337
17345,14.681154944029247
17346,14.57471416955346
17347,14.334597165648017
17348,14.192761359591266
17349,13.737273302813362
17350,13.753973394908703
17353,9.821029430095606
17354,15.963243608567163
17355,15.39817257427902
17356,14.861204724154394
17357,14.006711740598107
17358,13.31027096987612
17359,12.691925017330247
17362,17.59202609389914
17363,16.860563426413016
17364,16.662967797891117
17365,16.31697913212219
17366,15.853923573380976
17367,15.389494749213373
17368,14.842107196865259
17371,16.548544126131645
17372,16.077847137799523
17373,15.422577261302843
17374,14.849683520574818
17375,14.278145857620807
17376,13.12379435307011
17377,11.801362252552885
17380,16.693686413932067
17381,16.468768930887578
17382,15.655042530863783
17383,14.92158228901819
17384,14.667950745323994
17385,13.389635578224402
17386,12.650655897428997
17389,14.254990544659716
17390,13.965623095458435
17391,13.986225855278393
17392,13.804578014898581
17393,14.028865557338401
17394,13.57957554360039
17395,13.474406611516418
17398,9.26407069439715
17399,11.268047421510012
17400,10.023889378388423
17401,8.38206051742474
17402,6.946013991099227
17403,15.173360690474597
17404,14.378757459705064
17407,15.947796534141583
17408,15.306165384858756
17409,14.758403492634452
17410,13.622037453144594
17411,11.730461322518734
17412,11.861065086459035
17413,11.418252082367522
17416,17.329245240442745
17417,16.578414092322383
17418,16.272500726995546
17419,15.977646097232652
17420,15.404009778024571
17421,14.645838090591251
17422,14.115266941648828
17425,15.983223359730955
17426,15.17639223480439
17427,14.142711376076313
17428,13.459371184867585
17429,12.493035709557338
17430,12.112997466250414
17431,11.43155270650449
17443,13.400411693887824
17444,13.180519071572677
17445,12.89548285229321
17446,13.072784402205263
17447,13.235674205409033
17448,12.875805333855826
17449,12.340935651164427
17452,16.017207010434586
17453,15.65922217115749
17454,15.348087080296917
17455,15.129231538073673
17456,14.881572106337998
17457,14.548132265617863
17458,14.361507167333649
17461,16.82230066767285
17462,15.898133159703358
17463,15.063865826807815
17464,14.173920396103387
17465,13.076474400717709
17466,12.304758938028872
17467,12.658593080514054
17470,13.091357628840672
17471,13.085751258907596
17472,13.267576521899274
17473,12.453139733283688
17474,13.127147913236483
17475,12.605791274206759
17476,12.050984860089908
17479,13.902778485375363
17480,15.36997789678376
17481,15.256784224279409
17482,15.606895457049692
17483,15.940045797434783
17484,15.718934530897922
17485,15.376401926551102
17488,11.175212458912883
17489,10.608069110721736
17490,10.559088617022104
17491,10.12635106464302
17492,9.69356866855007
17493,9.19806534110057
17494,8.701013624333928
17506,14.433034542074669
17507,13.647982633784165
17508,12.754468582827373
17509,12.145685495515078
17510,11.551549846506996
17511,11.035147695250439
17512,16.241024092944702
17515,15.219781370131138
17516,14.658794803134507
17517,13.847259193778852
17518,12.8815623463189
17519,12.44516828305831
17520,11.95350672016767
17521,12.495786402712111
17524,14.488541251979377
17525,12.833360432985133
17526,11.671056782962966
17527,11.70237158170648
17528,11.281195152718697
17529,10.834883622185886
17530,16.691767445895163
17533,11.50136894488548
17534,11.461558483657337
17535,11.015361515187424
17536,10.029503273118987
17537,14.946603912117313
17538,13.495349369970551
17539,12.472585982985422
17542,16.76301194842201
17543,16.152547124732457
17544,15.879138978674066
17545,15.547466058131622
17546,15.249863863596701
17547,14.743678475984321
17548,14.133244029758325
17551,16.039914842208052
17552,15.620551930901321
17553,14.761363975567578
17554,13.462040472974452
17555,13.024333703124697
17556,12.97693983839401
17557,12.653664496604026
17560,15.756545700604809
17561,15.684165634088918
17562,15.142339905911665
17563,14.828798409595471
17564,14.48706324679742
17565,14.252173254220372
17566,14.023577831176645
17587,14.515613987624294
17588,15.218204704451743
17589,14.899459868681245
17590,13.773208301730367
17591,13.197487547339858
17592,14.949930691287602
17593,15.110169778044815
17605,12.656616276275779
17606,12.431421762794646
17607,11.960517316044081
17608,12.053434155101318
17609,11.511384277951398
17610,12.521995904976842
17611,13.067843831628524
17614,14.34527961649682
17615,13.866625636472317
17616,13.320735433016976
17617,13.408173699223314
17618,12.236402994713007
17619,11.67103970806392
17620,12.223735730735683
17623,15.10200806418927
17624,13.984620220785999
17625,13.662382688221735
17626,13.330052115963667
17627,12.903162045322743
17628,12.723883813469877
17629,12.513502196698656
17632,16.772568944828137
17633,15.946705844258183
17634,15.671333279157396
17635,14.853160501127057
17636,14.339882810422578
17637,13.72921056424519
17638,13.06018580037691
17641,11.93400798397347
17642,11.388857721846707
17643,15.985132668186877
17644,15.876390392088451
17645,15.343140839497043
17646,14.727164154927825
17647,13.656097388831295
17650,10.339966714173462
17651,9.900783900961812
17652,9.259701801513907
17653,8.040768994367578
17654,7.949444420250626
17655,11.79730709695533
17656,11.05988120911615
17659,13.944666015133638
17660,13.210742318851263
17661,12.438080789982765
17662,12.083916310927156
17663,12.066925514120015
17664,11.915994371144912
17665,11.512455354485608
17668,17.7639053568404
17669,16.67932704738094
17670,16.221349018137285
17671,15.761864751274485
17672,15.019406159310137
17673,13.987292602038174
17674,13.509148427899131
17677,15.851892708183659
17678,15.099507762103851
17679,14.063185928454482
17680,12.605026602022681
17681,11.773881045400401
17682,11.609770829411731
17683,10.750085167808939
17686,13.25128767363939
17687,12.674434302476904
17688,12.223593259248164
17689,12.910681390691739
17690,12.484666040798619
17691,12.041156727903257
17692,11.735700948555822
17704,15.97409848266177
17705,15.256566267813279
17706,14.317338019420719
17707,12.687207838391947
17708,11.8611709808965
17709,12.76535694995958
17710,12.46641563783349
17722,14.902286742158628
17723,14.243669534536448
17724,13.635505515976865
17725,13.617692345855994
17726,12.73930045598455
17727,12.352931087215076
17728,12.24320464036778
17731,14.074597149031947
17732,13.837673143465242
17733,13.823410272889527
17734,13.569934774972833
17735,13.165729333309098
17736,12.780349011516712
17737,12.247747076623115
17740,13.009805914628762
17741,13.035229083769849
17742,14.619816213484514
17743,14.623738013901278
17744,14.297490928851811
17745,14.581506632657485
17746,15.118744725876848
17749,11.953629008504413
17750,10.70551155928146
17751,11.763637489620274
17752,11.24700488429996
17753,10.421447665202718
17754,14.83005912104669
17755,15.53477083717745
17758,16.532154989312577
17759,16.105199248695296
17760,14.072121380001175
17761,15.829964010799452
17762,16.096369130165314
17763,15.78740586370576
17764,15.656072254781062
17767,15.664507900838228
17768,14.372395764109305
17769,13.602918641832058
17770,13.187714693134863
17771,13.068842340281664
17772,13.12463679123966
17773,12.96118002621289
17776,15.19718426026344
17777,14.397178541858215
17778,13.601463012275298
17779,12.551929282033027
17780,12.70922389648447
17781,11.982835339821158
17782,10.658082545409984
17785,15.378175260807835
17786,14.68491678873916
17787,13.857127436480523
17788,13.103355873913417
17789,12.404095292550213
17790,11.922747733519802
17791,11.384910258747595
17794,14.931163820935655
17795,12.827831230002467
17796,12.575558182305606
17797,14.682256781222753
17798,13.877463238696416
17799,13.125628042581079
17800,12.010550340996993
17803,12.068779902172476
17804,13.130081515798297
17805,11.943401834081957
17806,11.497090755067433
17807,10.645162958200558
17808,10.814886338329856
17809,13.659372404418914
17821,12.245677900122534
17822,11.747973871453476
17823,11.239553841191775
17824,16.83561539289771
17825,16.108293062190754
17826,15.40363923273455
17827,14.613560399382532
17830,12.398513660788607
17831,11.450518004841612
17832,15.497576247603867
17833,15.32864239485447
17834,14.783259510624873
17835,16.93582770436516
17836,16.31803984621946
17839,13.54159988959641
17840,12.57868737342623
17841,11.51142433884396
17842,10.601622274607113
17843,11.050016608200359
17844,10.560618878891704
17845,12.907014369556032
17848,14.668959035892536
17849,14.655716904327445
17850,14.337369292502256
17851,13.317533700789413
17852,11.743568822300237
17853,16.493247314153773
17854,15.82556196175731
17866,16.100386668457546
17867,15.733563560426207
17868,15.323154918886635
17869,14.822002075253408
17870,15.118955505460583
17871,14.676319869059252
17872,14.502767424636797
17875,12.477186977792005
17876,12.299358049586157
17877,12.14963456042647
17878,12.000124158105063
17879,15.529303981207967
17880,14.910962859126734
17881,14.460415049462938
17884,15.184133953182602
17885,14.48815039297245
17886,13.703428615150765
17887,12.874127633678363
17888,11.796750107094704
17889,11.303487560712131
17890,10.92329109411032
17893,15.299103121461442
17894,15.238718646267424
17895,15.091446099357384
17896,15.153863107461929
17897,15.072698863054795
17898,15.083160168508101
17899,15.019338951863526
17902,12.86799228227352
17903,12.585761721027058
17904,12.16948127263019
17905,11.725145572110046
17906,11.106940221615176
17907,10.979411052949546
17908,11.056114429510476
17920,15.457706228191158
17921,16.222685729905987
17922,15.83111679785651
17923,15.367271475059457
17924,14.972209348184185
17925,14.567672594774793
17926,14.163320422950907
17938,14.048184550009934
17939,13.573489950880376
17940,12.804955848825015
17941,11.75637347842476
17942,10.45363003867907
17943,9.67570827281739
17944,8.881558488638976
17947,16.307373374096688
17948,15.940012101113199
17949,15.522863436617287
17950,15.155313236381224
17951,14.640082851999383
17952,14.183651020912285
17953,13.55129758568908
17956,15.169221033388002
17957,17.702614957767548
17958,17.428490154687392
17959,16.840876679487497
17960,16.164727105838175
17961,15.707224104364029
17962,15.237825324403179
17965,17.071187285990263
17966,16.808374020411954
17967,16.704347305000518
17968,16.988831623092945
17969,16.515769888898824
17970,16.09404432270119
17971,15.932127573682557
17974,14.06534433506648
17975,13.128480628811484
17976,12.462062792249329
17977,11.678804243847438
17978,11.208097233683477
17979,10.574286869432166
17980,10.292111643448266
17992,16.494017352039766
17993,16.116168495185946
17994,16.077431352336745
17995,16.594236595794857
17996,16.214308695784602
17997,15.735135838176049
17998,15.561434443946808
18001,13.242179899680204
18002,12.984858386197713
18003,12.645455971841798
18004,12.561366636391975
18005,16.96028613372585
18006,16.54873585686816
18007,16.08383696655282
18010,15.15751676812822
18011,14.786979010065902
18012,14.171016919376335
18013,14.07179174257614
18014,13.57614361623648
18015,13.27193099962019
18016,12.828555916338953
18019,16.27717638663582
18020,15.706576151957636
18021,15.411428485905901
18022,14.73474734595039
18023,14.211108478429445
18024,13.488879735373919
18025,12.52077389032475
18028,13.165445855106292
18029,12.020856904622883
18030,11.070381348620643
18031,10.948962742791108
18032,10.827548021674644
18033,10.366120333700634
18034,9.516353401112687
18037,16.137028292083116
18038,15.195194115796316
18039,13.949902455248443
18040,13.289633900181538
18041,12.549364433207048
18042,12.084221345697836
18043,12.291162594425224
18046,14.21562336804583
18047,14.199447591047115
18048,14.443611355113099
18049,14.141968533117373
18050,14.059719468404916
18051,13.442184899942271
18052,12.171004896869674
18055,16.970834681294907
18056,16.535075146673005
18057,16.226496230934348
18058,15.792191673045409
18059,15.533494307528942
18060,15.17767614750557
18061,14.928477326354837
18064,16.006037198563796
18065,15.51595887394509
18066,15.200168581012969
18067,14.53238354244225
18068,13.889360282489234
18069,13.168429835652164
18070,12.579678941734597
18073,16.714696137545296
18074,16.41089249563294
18075,16.07645196477525
18076,15.378908720369871
18077,15.177475084431919
18078,14.690431228490317
18079,14.064052813990545
18082,16.365910351217924
18083,16.18210793991002
18084,15.479846609518674
18085,15.163853799655593
18086,14.569025856858213
18087,13.828939978275935
18088,13.10543082749292
18100,17.146324101193336
18101,16.62724276681775
18102,16.53684809019326
18103,15.819841220901504
18104,15.487977728170762
18105,15.117209258264884
18106,14.626094047411156
18109,13.370761334692963
18110,11.676013232648884
18111,10.420404585938435
18112,11.697361451448035
18113,11.15499258730738
18114,10.437521761439
18115,10.192343935215678
18118,16.015953395585473
18119,15.007292251764415
18120,13.949316537886254
18121,13.853405392528883
18122,12.634700741664766
18123,12.21393168224044
18124,12.47729753842986
18127,13.889020279773368
18128,13.134578468483587
18129,12.723287812617833
18130,12.019158559197678
18131,11.332362361191137
18132,16.42807106981797
18133,16.03076800577936
18136,14.728904698766094
18137,14.582343049940903
18138,14.188006782774632
18139,13.84250490976325
18140,13.056345362355186
18141,12.129601884187263
18142,11.854221761367647
18145,15.413596277395463
18146,14.994699258014602
18147,13.755062857996245
18148,12.236296275268623
18149,11.296484401715691
18150,10.531322579448695
18151,11.951876927460495
18154,13.467710402050509
18155,13.056907101925713
18156,12.518179001892479
18157,12.434681236275441
18158,12.175175197702295
18159,11.556607366056351
18160,11.422179851663483
18163,15.348977810672633
18164,15.301215544196625
18165,15.291722631087683
18166,14.956222424695124
18167,14.606844685553844
18168,14.637830332874742
18169,14.293287025283217
18172,11.750555577523064
18173,11.168771801585168
18174,10.935033683839562
18175,10.910222097179828
18176,10.266149538318983
18177,13.688565428214488
18178,13.30373948740428
18181,11.84159591809932
18182,11.474454870407637
18183,11.149225906094532
18184,10.687252100679688
18185,13.716082410959556
18186,13.33757797750031
18187,12.922501687941892
18190,16.982514858144107
18191,16.254176129401237
18192,11.351887790813063
18193,10.969800453653761
18194,12.937163281589322
18195,10.62711544034966
18196,10.407046840310073
18199,14.391094178781236
18200,13.515449514565661
18201,12.939500073892116
18202,12.327183471279232
18203,11.8899362273668
18204,11.901332575836898
18205,11.730372823739557
18208,13.285583660895883
18209,12.590293687968844
18210,12.07412285865049
18211,11.575909653758895
18212,12.626285141053565
18213,12.338678610078196
18214,11.800012360339263
18217,14.222066404334457
18218,13.059521549401884
18219,11.906331487029716
18220,13.934547917738259
18221,13.590967277486106
18222,13.157962154644192
18223,12.561997308078203
18226,12.604603769035409
18227,12.375422938042963
18228,12.01459732054276
18229,11.13315734294925
18230,16.915788460245906
18231,16.33932497130091
18232,15.803505035889051
18235,14.64338791232338
18236,14.16514296132703
18237,13.299535029507057
18238,12.53827865186142
18239,11.840601989623554
18240,11.198187322494942
18241,10.936725415239998
18244,15.944477707594169
18245,15.435140356233205
18246,15.23587174876735
18247,14.787716486759932
18248,13.947731091788697
18249,12.934683490365687
18250,12.729054087066178
18253,11.804183635554123
18254,16.99643821325206
18255,16.401178789506343
18256,16.15208984500923
18257,15.39450761326076
18258,15.007381225963323
18259,14.609850129607231
18262,13.067552324003957
18263,12.722980733548523
18264,12.283427127776715
18265,11.606688994782392
18266,11.169913893429145
18267,18.035679955938114
18268,17.35974480344266
18271,15.232799098445897
18272,15.203567864182853
18273,14.908424307422374
18274,14.687649173278336
18275,11.976546267246741
18276,13.130763993217723
18277,14.719304327069077
18280,10.762742216027
18281,10.32833036107053
18282,9.53524597222593
18283,9.148358579620302
18284,12.456664034703515
18285,12.174473613434401
18286,12.07088845922293
18289,16.19146422839856
18290,16.00661220614744
18291,15.667095584743892
18292,15.111794048106796
18293,15.048737069451294
18294,14.639675474559432
18295,14.222784029996339
18298,12.926494468225
18299,13.333074768673516
18300,13.062279984097318
18301,12.48982199495424
18302,12.886544836723854
18303,12.280358816091331
18304,12.20116562577717
18307,15.465153314520492
18308,15.367578434167987
18309,15.957361128458997
18310,15.617779772501144
18311,15.533843771335189
18312,15.81712379254155
18313,15.82801390158356
18316,15.774416043527086
18317,15.567111007300264
18318,15.17467315919113
18319,15.243553444242313
18320,15.140457567411413
18321,14.429726537897793
18322,13.708322818393587
18325,14.36489013418649
18326,13.429459766475338
18327,12.435381154381785
18328,10.493632545506374
18329,10.566433224362951
18330,11.378181909401532
18331,10.913050024370726
18334,11.612173336426286
18335,11.114296934121052
18336,16.761187139406044
18337,16.007572945205943
18338,15.346458789487578
18339,14.676760772847281
18340,13.665424605926717
18343,8.733916174927524
18344,10.117388522483406
18345,9.389657419749838
18346,11.849190537277254
18347,11.226043072689011
18348,10.830243334258046
18349,11.078644128844024
18352,12.708277214563896
18353,12.209606394478312
18354,11.44352179483135
18355,10.846692816951165
18356,10.762530454808159
18357,10.856862100640145
18358,10.25569252100341
18361,16.765991929265812
18362,16.108849436157254
18363,15.548552398408294
18364,14.867101816621858
18365,14.504021005472696
18366,13.75351387029584
18367,13.597421710084795
18370,15.639219819869416
18371,14.779954679881673
18372,14.082641137790215
18373,12.873778933608166
18374,12.500959947857059
18375,11.888776369302212
18376,11.268149613528905
18379,12.529141166652211
18380,12.444175742782889
18381,11.310931672378754
18382,9.703327837612294
18383,15.367805891727167
18384,14.62291902453825
18385,17.3345331966137
18388,6.234410725718371
18389,6.726233402358747
18390,7.237778191923443
18391,7.8567067930958405
18392,7.3632795869630385
18393,3.1780538303479458
18394,3.4657359027997265
18406,11.446668134191984
18407,10.905515516688848
18408,10.122864017281094
18409,10.994873796112499
18410,11.032645211643478
18411,10.363724896491272
18412,9.000606507571892
18415,12.009680561519437
18416,11.697926761385943
18417,10.821876082492428
18418,11.113685937656255
18419,13.107927682327999
18420,13.320728872477963
18421,13.081924642763955
18424,11.683368416317284
18425,11.437749230119346
18426,10.331496625079186
18427,9.66801835153128
18428,11.234150274878106
18429,10.375894541398061
18430,9.836011387411213
18433,10.485256145112684
18434,10.212111309194738
18435,9.191870855692521
18436,9.427707270512938
18437,9.009569671513699
18438,9.14825217966276
18439,16.15611458457146
18442,11.114788440747668
18443,10.450162829195817
18444,10.13816433966401
18445,10.126030923778305
18446,9.321702839829644
18447,12.337876922548812
18448,12.16179677658006
18451,8.736168065858228
18452,7.57095858316901
18453,8.04012466444838
18454,8.344029572407049
18455,12.825963414332826
18456,12.532148165968824
18457,12.261303925862839
18460,9.21512888870798
18461,8.980675603671708
18462,14.128830405955267
18463,13.408298424695948
18464,13.328941679454564
18465,13.29084966674181
18466,12.222118223948641
18469,15.464086872471885
18470,14.52898130853755
18471,13.850270374558562
18472,12.857895101055385
18473,11.8792615890512
18474,11.370774170365143
18475,12.111316812047532
18478,13.678748810500108
18479,13.3953708019703
18480,12.964607205595462
18481,12.5652180354029
18482,12.73080413304066
18483,12.378095519136664
18484,12.330831294922982
18487,14.911498405798284
18488,14.43077132936714
18489,13.773438824512201
18490,13.333487787351881
18491,12.204090682738862
18492,11.921452547114212
18493,11.171589419182814
18496,15.207564550516757
18497,14.45724496331491
18498,13.816487081010404
18499,13.961391998825537
18500,13.796865820055372
18501,13.698577785731475
18502,13.629874714986467
18505,15.4925501079013
18506,15.145013643722988
18507,15.092957776645711
18508,15.12857271717786
18509,14.820313872787656
18510,14.596583905299388
18511,14.832909175871311
18514,17.0049181068933
18515,16.312416345956336
18516,15.897302585087608
18517,15.88053010076929
18518,15.367124847120385
18519,14.913014232346589
18520,14.663229472552858
18523,12.764810905693558
18524,11.17549276725389
18525,10.105897643463425
18526,10.024864123702642
18527,9.89318465954023
18528,8.568266461600238
18529,7.627057417018934
18532,14.737914963194068
18533,14.025660456214483
18534,13.514432491842156
18535,12.434434557485782
18536,11.938702874390271
18537,11.62563788899868
18538,11.26550202838201
18541,13.557686272179954
18542,13.158992273160322
18543,12.866619152044038
18544,11.658963324686937
18545,10.69713596151793
18546,10.665600937560797
18547,8.809116258125274
18550,12.035296186875739
18551,11.293014184236684
18552,11.791253928494895
18553,11.83073171379006
18554,16.3729684628982
18555,15.939339849296596
18556,15.6321790391309
18559,14.628157078265543
18560,14.065749296787557
18561,13.95417624749989
18562,13.687707867801894
18563,12.90160448054026
18564,12.296096148177762
18565,11.923278607151168
18568,14.229110488500936
18569,14.39366206456336
18570,14.709547500898553
18571,14.32986594478051
18572,14.007653724455897
18573,13.582199239659372
18574,13.041257438033576
18577,15.751658929817633
18578,15.53182783202547
18579,15.239341522612891
18580,14.875382018315953
18581,14.612116446892449
18582,14.12225969313328
18583,13.642348128015021
18595,17.77462810032198
18596,17.153664904136996
18597,16.60403352809653
18598,16.145812855586836
18599,16.0401711898822
18600,15.275597984517113
18601,14.909860776903043
18604,15.508406324430695
18605,14.736716788953482
18606,14.657752946676094
18607,13.827087288284796
18608,13.805833889662095
18609,12.523336578210088
18610,11.989047836474139
18613,9.85634353272731
18614,8.218247926685745
18615,7.691200097522863
18616,7.161622002939187
18617,7.1853870155804165
18618,6.635946555686647
18619,6.492239835020471
18622,15.172088991999159
18623,14.18183073671416
18624,12.375351177352172
18625,10.928255936745675
18626,10.18108140962911
18627,9.249176395761381
18628,11.851053472902382
18631,12.778601838251504
18632,11.645794138044653
18633,11.309143267134639
18634,10.80279487936987
18635,10.428985016533987
18636,9.91758767691491
18637,8.345217926676428
18640,16.425004670328242
18641,15.672597455810545
18642,14.534694325624898
18643,13.366869123570506
18644,12.110849461941568
18645,12.101922508180008
18646,12.204411266203508
18649,15.691127602841252
18650,15.222749785933155
18651,14.368478008888115
18652,13.677362812072689
18653,12.867646596251014
18654,12.42387797385178
18655,11.879712112879401
18658,13.80647586778421
18659,14.272958189553707
18660,14.515591146801983
18661,13.974359611698075
18662,13.800463922985628
18663,13.70425715776272
18664,12.940071420172302
18667,16.69342977041112
18668,16.3828795242715
18669,16.143450678249962
18670,15.720237039960846
18671,15.146175659021823
18672,14.575322903001993
18673,13.932945977653672
18676,16.05049431084235
18677,15.66602513785541
18678,15.628236845835753
18679,15.407598832063261
18680,15.561765908058213
18681,15.492965372448722
18682,15.104090927437758
18694,10.922479266642203
18695,10.852826138456484
18696,9.924906519909428
18697,9.177300517897983
18698,17.462182865969943
18699,16.145152296288327
18700,15.047092206345996
18712,16.116956602488848
18713,15.77831869977819
18714,15.308359821178449
18715,15.022597807367319
18716,12.774945454728273
18717,11.753956084578196
18718,11.391977425970689
18721,14.379087632490895
18722,13.97963335058569
18723,13.43998621797435
18724,12.471581959141737
18725,11.83166279223521
18726,11.361090435287798
18727,10.72104023617228
18739,14.508917704730077
18740,14.72373000447301
18741,14.077725580526515
18742,13.276343757017044
18743,12.599208729268929
18744,11.610796000627982
18745,11.029066289434052
18748,15.471466913304758
18749,15.747205867489846
18750,15.483259830451443
18751,15.463341918385245
18752,14.927167724366512
18753,14.723368231345177
18754,14.454421169582103
18757,13.64279867994875
18758,13.235150844850793
18759,12.980359624047663
18760,12.830284988633446
18761,12.460707111935724
18762,12.013961324991463
18763,11.854115128444274
18775,14.031769665785925
18776,15.36500545373636
18777,14.900209503408917
18778,14.370744186822016
18779,13.714920866029637
18780,13.298091579058397
18781,12.747576832720599
18784,10.579590298486815
18785,10.505204516490187
18786,9.42100640177928
18787,8.585225601808064
18788,8.37930948405285
18789,7.5126175446745105
18790,7.9672801789422
18793,15.926193102697008
18794,15.242215308906827
18795,14.639471504243643
18796,13.780871493013214
18797,12.986199952591457
18798,12.694487002456555
18799,13.09245453390549
18802,12.951897661558164
18803,13.20324819194479
18804,12.937858639203176
18805,12.352032730973708
18806,11.860874448208659
18807,10.852380992954295
18808,10.287933293420217
18811,16.1602356565203
18812,15.712248319812236
18813,15.149258998382484
18814,15.090913581031629
18815,14.18926275206383
18816,14.03149736073814
18817,13.124085893022134
18829,16.748960642946777
18830,15.97954298711106
18831,15.956729468556944
18832,15.337535267232873
18833,14.95905860799893
18834,14.646044688924293
18835,14.275875382827431
18838,12.882607604034465
18839,11.508656365318021
18840,10.331887631926788
18841,9.210040326967182
18842,7.1316985104669115
18843,8.945723572455398
18844,7.672292455628756
18847,15.532408360826057
18848,15.130134358642994
18849,14.742938638679187
18850,15.020067791478198
18851,15.459541569566625
18852,15.124955731692173
18853,14.846159801834709
18856,16.422528713901347
18857,15.797386403073201
18858,15.119371230292035
18859,14.708539213542922
18860,14.087660630993316
18861,13.323580287300576
18862,13.129753999352555
18874,16.127185512704205
18875,15.716377314925062
18876,15.143736090942854
18877,14.773026914888922
18878,14.174034990544007
18879,13.519613501407134
18880,12.50288664472689
18883,16.046989798698966
18884,15.532374052338323
18885,14.973348529605696
18886,14.017105190101814
18887,13.020202182900796
18888,12.761336118726733
18889,12.08589737576211
18892,10.478160833848387
18893,11.564293256582792
18894,10.875648090574092
18895,16.16368565244591
18896,16.015762880384166
18897,15.574245160081928
18898,15.704518478848684
18901,16.384721897188072
18902,16.085039569358273
18903,15.29816500209264
18904,14.435404554780922
18905,13.565884418007984
18906,12.69324983636042
18907,12.104006696821777
18910,16.403893499374394
18911,15.701494769637756
18912,15.27458431263949
18913,14.477784012148735
18914,13.461098765451053
18915,12.359891841851416
18916,11.431845552919487
18919,15.475407717064803
18920,14.704272629463647
18921,14.081239923354065
18922,12.555059108703146
18923,11.482785794057138
18924,12.19378242927909
18925,11.609253308597207
18928,11.894350580818372
18929,11.311543405437531
18930,16.51624613900724
18931,15.926331452415273
18932,15.293498110921535
18933,14.368131654267003
18934,13.795349686506317
18937,12.301028217013855
18938,13.797554305069317
18939,14.93500985309716
18940,14.045454931175653
18941,14.457766468577171
18942,14.342455563610148
18943,13.738343295566002
18946,13.492322889424464
18947,12.525118928328009
18948,11.876060497530926
18949,11.341591324832383
18950,13.045328973577224
18951,11.75012181160001
18952,11.46609587761343
18955,16.256437019578815
18956,15.844147501614513
18957,15.237232389287113
18958,14.504860538275834
18959,13.763111389165065
18960,13.199768764248724
18961,13.056202207150127
18973,14.63771915567729
18974,15.1227403370564
18975,14.987207247496652
18976,14.603066603175138
18977,14.124012387319317
18978,14.146857540021012
18979,13.292730429663402
18982,13.299990599697868
18983,12.970842569763086
18984,12.70432961362031
18985,12.507213737666111
18986,12.220468525813907
18987,11.57359714450296
18988,11.419493520177676
18991,17.045364106528908
18992,16.22483122079568
18993,15.758039282155261
18994,15.283516233858247
18995,14.633996601332704
18996,13.523726751558073
18997,13.401524247312429
19000,12.604946076188943
19001,12.1871089662187
19002,11.970413601145545
19003,11.510211786272546
19004,10.982984977344556
19005,10.272634397970181
19006,10.102338411281293
19009,14.572222504466048
19010,15.16546168202284
19011,15.382851079572575
19012,15.33574866417972
19013,14.907046535159445
19014,14.295367359878128
19015,14.27175686269364
19018,12.069863384901188
19019,11.90044382257702
19020,13.39185754818853
19021,13.198766855723788
19022,12.489264652709089
19023,11.804938146782456
19024,16.53731131864068
19027,16.66645916888548
19028,16.48694207104106
19029,16.097915596445446
19030,15.878768346317429
19031,15.573659467657086
19032,15.472717351330811
19033,15.177506847402292
19036,15.797735416115957
19037,14.9817986289158
19038,14.408650092882839
19039,13.251205040417446
19040,12.846641495871262
19041,11.768164404495131
19042,10.555812738575819
19045,13.282476816027385
19046,12.753089397889081
19047,12.42448100349087
19048,12.486869821380605
19049,11.795288415944409
19050,11.170111159880399
19051,16.430396674750963
19054,16.82972134727143
19055,16.525721090535825
19056,16.180279527093898
19057,15.795567995166255
19058,15.48828376795269
19059,15.151733246633645
19060,14.818294165762945
19063,16.51239161576309
19064,15.900251781489013
19065,15.089253331758298
19066,14.119592415783634
19067,12.970167452464919
19068,12.188137772893807
19069,11.698450219377929
19072,16.55391458499875
19073,16.33973447073165
19074,16.001038326909555
19075,15.584755465925157
19076,15.354111327860013
19077,14.930904903523619
19078,14.481200207066106
19081,15.881725006063016
19082,15.625403288015125
19083,15.299270274827538
19084,15.018062353134763
19085,14.66539478510534
19086,14.554445304164913
19087,14.160652248889333
19090,11.336045078125657
19091,10.909180135272544
19092,18.097419893377005
19093,16.900737726189938
19094,15.978131843209718
19095,14.960415609174522
19096,13.950391040158092
19099,16.042083019939103
19100,15.61043999752315
19101,15.205096994253354
19102,14.638022337107333
19103,14.258605370652791
19104,13.71057217541795
19105,14.119393189812763
19117,13.025610156917441
19118,13.33508157305895
19119,12.920266776933763
19120,12.399194007255504
19121,11.900973099041323
19122,11.63773266223014
19123,11.135508309607221
19126,14.891995840058478
19127,14.225945960336901
19128,13.43082700960623
19129,12.775041697849796
19130,11.818548138104472
19131,11.542144403639448
19132,17.11227787984913
19135,15.922453568579458
19136,15.380090216130075
19137,14.64630396609151
19138,13.889101110565298
19139,12.517340620833982
19140,11.493416394582002
19141,11.579162542743381
19153,15.267666158793697
19154,14.90633896400131
19155,14.39514183569311
19156,13.837153647433183
19157,13.27166747435684
19158,12.698268813565033
19159,11.926960413539232
19162,16.51356799731314
19163,16.121782247104296
19164,15.838087921924233
19165,15.233763509432372
19166,14.63283981215176
19167,13.945837697448452
19168,12.666439363551678
19171,10.534652940740193
19172,9.38328476695754
19173,8.544419177669829
19174,7.9441374911141125
19175,11.57073200206625
19176,11.287404088870055
19177,13.871265932449107
19180,14.821906675443149
19181,14.072584700532513
19182,13.015227954196265
19183,11.941195225731656
19184,10.583068121374101
19185,11.613548777779677
19186,10.519051498437694
19198,11.541279658466756
19199,10.734242182303689
19200,10.175345074640937
19201,9.909071930830029
19202,9.815530273776986
19203,9.09661160664784
19204,8.698013622083925
19207,15.205378277029231
19208,15.131833265174512
19209,14.9144567908668
19210,14.800689835883672
19211,14.667355351081644
19212,14.637574123363397
19213,14.46002511194509
19216,14.33174691726417
19217,13.144410542663001
19218,11.826786849205313
19219,10.749935051468492
19220,10.566433224362951
19221,11.336498500878541
19222,11.083357195511171
19225,15.977471967390851
19226,14.988947657034261
19227,12.683148085474135
19228,10.671533463946282
19229,9.90463689179265
19230,11.318235736700808
19231,10.03793102908562
19234,16.38711907851646
19235,16.096000030762124
19236,15.802584860139769
19237,15.404814740293709
19238,14.976068947851344
19239,14.283920417834052
19240,12.91083955480216
19243,14.891736805193663
19244,13.597078390630138
19245,12.522338530512357
19246,11.805468205213277
19247,10.676600514733956
19248,10.324136795969332
19249,10.27163147557801
19252,9.435002769259663
19253,8.618485442898109
19254,8.107720061910534
19255,7.680637427560936
19256,8.934586870389676
19257,12.702118585869428
19258,12.654855830351874
19261,16.49584753735964
19262,16.25376025417038
19263,15.836656318659061
19264,15.46831844805084
19265,14.974961092688359
19266,14.307353953814465
19267,13.36378997065694
19270,15.582308053327466
19271,15.169611993082816
19272,14.333785169008548
19273,14.265128427425124
19274,13.210526257826
19275,11.572975804270962
19276,5.545177444479562
19279,14.361394783764935
19280,14.316998319280028
19281,14.863575239063579
19282,14.66847845612004
19283,14.27450885003333
19284,13.910174165149202
19285,13.728378446413794
19288,10.954414066971678
19289,10.422816916793339
19290,9.63521587360417
19291,9.757247170313121
19292,15.926913111356106
19293,15.138641185825854
19294,14.228290182983764
19297,7.3938782901077555
19298,8.628018746505122
19299,13.489399458892711
19300,13.491164501140902
19301,13.455257792677658
19302,12.4130868149145
19303,12.041787451222318
19315,13.649435902594517
19316,13.668493208664227
19317,13.503224269015073
19318,13.255097202056056
19319,13.109683324246955
19320,13.024951189928997
19321,12.86617480403991
19324,16.119709348248215
19325,15.657469515258459
19326,15.136136426435849
19327,14.593906103988596
19328,13.567651581299485
19329,12.586356688441079
19330,12.167721554146251
19333,13.378605865051348
19334,13.549309442187765
19335,13.675328527364412
19336,13.661329711015327
19337,13.487353652946775
19338,13.296788841951468
19339,13.110655102272169
19351,14.621051165184598
19352,14.601750006032974
19353,13.626094293142451
19354,13.221319629474143
19355,12.060225727183003
19356,11.467268885990409
19357,11.293873531559273
19360,14.77700025144739
19361,14.166214611562948
19362,13.20551816062037
19363,12.009771832652572
19364,10.630045330940309
19365,11.550327217124229
19366,11.355265300767112
19369,16.215319906840616
19370,15.552743969191097
19371,15.192943774851836
19372,14.006137529121315
19373,14.716623081415825
19374,14.479795193839118
19375,14.11550921887814
19387,16.082808726303384
19388,15.97877542101386
19389,15.09683238370781
19390,14.16993497135785
19391,11.757133592086591
19392,13.012338667952955
19393,12.823712028483905
19396,14.07740394235437
19397,14.56707239074399
19398,15.308359146983952
19399,14.611584745600435
19400,14.350478203749072
19401,13.641914027188585
19402,12.978920167470696
19405,14.664245956027472
19406,13.592380756555533
19407,12.650963573960833
19408,11.515940913930686
19409,11.899859936458958
19410,11.539041454323
19411,10.51969969162195
19414,12.321639894810733
19415,11.56712951898374
19416,11.676183121541957
19417,11.130258493138042
19418,10.976747844601336
19419,10.7446020495594
19420,10.521560910043119
19432,10.402837582827095
19433,9.881190817537517
19434,9.306650052113591
19435,9.03145291191651
19436,9.381432446818588
19437,12.772272425628318
19438,11.986111524907264
19441,11.730123375943261
19442,11.934382025496438
19443,12.521970385612201
19444,12.345769368387282
19445,13.11475853374427
19446,13.139519368190966
19447,12.900149393908052
19450,9.208037722913508
19451,9.067624069774588
19452,8.318742252692399
19453,8.570923513837204
19454,10.90641459106983
19455,10.949858729358548
19456,9.890604926705114
19459,10.748883605633734
19460,10.31387386496336
19461,9.680906343078094
19462,10.410606314370792
19463,11.416954066609087
19464,13.194896109518664
19465,13.06205270630021
19468,14.17043296711063
19469,13.46157044239957
19470,12.748713746630976
19471,11.82026309508045
19472,10.624663238817353
19473,9.465757483840688
19474,8.39072252736229
19486,16.872526106963004
19487,16.11350774258332
19488,15.665290948595297
19489,14.806746225925815
19490,13.80603884255646
19491,13.361288935120529
19492,12.964213712283284
19495,14.21080949859489
19496,13.69122203242093
19497,12.649283019880597
19498,11.664787814279475
19499,10.545788707090159
19500,9.617936541093302
19501,7.682021510826875
19504,17.20289247743419
19505,16.793562247095647
19506,16.79748558304082
19507,16.489288449013237
19508,16.35710782700821
19509,16.163135744776206
19510,16.039321455050093
19513,13.241104176481088
19514,12.883682240558914
19515,12.651018048481992
19516,12.302627504944805
19517,11.798871030566328
19518,17.629727617753886
19519,16.904706398290838
19522,16.342941991703384
19523,16.129689580857313
19524,15.7515273574001
19525,15.473895955525549
19526,16.98947779957132
19527,16.80574605186749
19528,15.412013776761288
19531,10.630891221774164
19532,10.367315903941208
19533,12.801471927462138
19534,12.106147332362287
19535,12.314222766618176
19536,15.782734097300361
19537,15.316415594790206
19540,17.39000066446777
19541,16.92929160963977
19542,16.78204751570752
19543,16.66796495297707
19544,16.606400167708184
19545,15.778172466660848
19546,14.14812894948347
19549,17.119210539598917
19550,16.59789279183104
19551,15.940508588736355
19552,14.648714854722602
19553,14.09220473397783
19554,13.248276827043156
19555,12.754711261305584
19567,16.322388886184058
19568,15.588080921653182
19569,14.7436061376353
19570,13.686392270394112
19571,12.830539405785213
19572,12.399305292622211
19573,11.954671070594966
19585,16.74626944250603
19586,16.527252801748006
19587,16.383934257518803
19588,16.12646264979472
19589,15.884110541766093
19590,15.462497209658904
19591,14.914740655749023
19594,13.41202399125157
19595,13.046829157873955
19596,12.554431103164525
19597,12.172691647997844
19598,11.479285947925991
19599,11.456397440628356
19600,10.510504785715026
19603,16.943949596731045
19604,16.143431568778624
19605,15.213218535248636
19606,13.87750929407661
19607,13.205078204093496
19608,13.214472074290407
19609,12.671214475359001
19612,12.032016833153252
19613,11.754961425536262
19614,11.372513311253483
19615,10.568980865314236
19616,10.61430273074948
19617,9.539859923169542
19618,7.98514393119862
19621,16.123892019509416
19622,15.741351955744134
19623,15.336108294902969
19624,14.847737287436411
19625,13.953796629168473
19626,12.95900173998678
19627,12.525445953708092
19630,16.059447374883423
19631,15.372778792098602
19632,14.665800366578605
19633,13.782164713923466
19634,13.578123548499489
19635,12.608021579135768
19636,12.068194677360603
19639,14.375082344931668
19640,13.09154328006444
19641,11.385137546972771
19642,10.465072828327909
19643,9.564722689855031
19644,10.574005615035713
19645,10.343837062497794
19648,15.45638066238011
19649,14.68537361279734
19650,13.286548118666946
19651,12.177899482846579
19652,11.311714623655568
19653,11.581639630955744
19654,10.963168419535473
19657,16.888387142896413
19658,16.4846333575598
19659,16.16176012978958
19660,15.728732655208228
19661,14.905985494672686
19662,14.043638466704852
19663,13.564197701110706
19666,17.248695343823492
19667,16.910782599445135
19668,16.994026989629063
19669,16.343244869576488
19670,16.025689530289373
19671,15.658109835437246
19672,15.285752377899973
19675,12.956032485719524
19676,14.205962192450528
19677,13.709166225183715
19678,13.125739671304064
19679,12.333255805698473
19680,11.54473416148488
19681,10.879593166711441
19684,10.508813937706645
19685,9.942131176128333
19686,11.15985829091051
19687,14.738465037670691
19688,13.79415718888936
19689,13.001616203026096
19690,12.182379158647441
19693,10.937916812427325
19694,9.949177678453244
19695,9.044639916198465
19696,16.290670613643368
19697,15.490665047355622
19698,14.587338134056427
19699,13.110171355838967
19702,13.969985470936571
19703,13.064354955350911
19704,12.314150964612177
19705,12.188371907715814
19706,12.889548206393387
19707,12.812711050048197
19708,12.543751296997408
19711,16.54680796984318
19712,15.726538329664036
19713,15.413065952072666
19714,14.602671168821303
19715,13.717394846333349
19716,12.438029247576239
19717,11.632573427236125
19720,17.851319752898643
19721,16.940281396490665
19722,16.29586971690474
19723,16.00702206899331
19724,15.286617004403848
19725,14.760401185874393
19726,14.518258008113092
19729,18.089030190312307
19730,17.155277826822548
19731,16.348780931802693
19732,15.774737923659476
19733,15.103924413821716
19734,14.376790103943534
19735,13.826239793313352
19738,15.337912365830293
19739,15.314152096083728
19740,15.148193149635516
19741,14.415110503818584
19742,13.86513846636609
19743,13.45136492061454
19744,13.14904425598566
19747,15.994019869945319
19748,15.342520319816884
19749,14.562107506051266
19750,13.511235581538717
19751,12.441879675464401
19752,11.886679723509905
19753,10.84020816592179
19756,14.805679807097961
19757,13.443257764062206
19758,12.664996368692785
19759,11.9663295814667
19760,12.16693152920898
19761,11.809535068165706
19762,11.132894158118875
19765,12.438750599627305
19766,12.136792232707174
19767,11.937192700040988
19768,11.76612478239762
19769,11.794202066123491
19770,11.599506749483348
19771,11.093903881679275
19774,16.16868799974089
19775,15.40721007111683
19776,14.642062560639033
19777,14.114974204311796
19778,13.435464627702302
19779,12.887134592953952
19780,12.47152828063
19783,13.533363803997837
19784,11.73544482151541
19785,13.397438819160218
19786,12.52171880273528
19787,11.722059337415338
19788,11.029925751269287
19789,10.071118393920079
19792,15.844584823737492
19793,15.853196987613424
19794,15.315085835393104
19795,15.035768929622519
19796,14.316102798821642
19797,13.707571164301688
19798,13.040498009694703
19801,15.29202831949899
19802,15.141248591810605
19803,14.701990943962437
19804,14.353930725982497
19805,14.170455406150072
19806,13.846994690034292
19807,13.451590862646258
19810,17.150262463627875
19811,16.664970039487123
19812,16.53544268852786
19813,16.78687672436919
19814,16.077274177271264
19815,15.398416797773281
19816,14.786973332148063
19819,15.590884684322956
19820,14.811446872514425
19821,14.313983804271663
19822,13.372991347904774
19823,12.75501163880148
19824,12.295515647056451
19825,12.996124189054408
19828,11.215125714330162
19829,11.32224910379352
19830,10.205442284274628
19831,9.338293736286644
19832,6.9985096422506015
19833,15.459471628836535
19834,15.073812444008889
19837,12.358128275128653
19838,12.188061412728322
19839,15.632642896160736
19840,15.394996350817705
19841,14.994702333291222
19842,14.306991269666485
19843,13.372273486757493
19846,11.933581274585624
19847,10.793865427624695
19848,8.134760782418645
19849,7.936660155225426
19850,7.503289630675082
19851,7.171656822768514
19852,8.167919362957816
19855,15.692967026877547
19856,15.202829893618253
19857,14.7762930863905
19858,14.019140960079477
19859,13.382767260039936
19860,12.673244143074317
19861,13.516450669620518
19864,15.889957271231522
19865,15.616273044799488
19866,15.374709987922138
19867,15.293491268010369
19868,15.096198262024918
19869,14.78097347626616
19870,14.427539327489223
19873,14.741845873675388
19874,14.308975554323784
19875,13.449171927800162
19876,13.030307297269966
19877,12.68860064143977
19878,12.459939369487223
19879,12.297365676476538
19882,13.974713595965252
19883,15.29818112139363
19884,16.5879685841637
19885,16.168491762998123
19886,16.156341754718735
19887,16.108042587828372
19888,16.042871440657922
19891,13.964265851694623
19892,13.748007647362687
19893,13.74000761328865
19894,13.603785318897051
19895,13.672783875085962
19896,13.507980817201982
19897,13.058191722296518
19900,11.643918639041745
19901,11.218608094201494
19902,11.395987072502335
19903,11.326150004255366
19904,14.09003671967724
19905,13.510115194033336
19906,12.897578479817993
19909,13.839242709459521
19910,12.441547848517008
19911,11.26777911776301
19912,11.35300316131972
19913,11.990041242821745
19914,11.407564949312402
19915,10.525434069084952
19918,13.501094290309856
19919,13.068593334194501
19920,12.523416670243158
19921,11.869655407396516
19922,11.580163464235905
19923,18.13192302653524
19924,17.261126498747483
19927,17.8764215279661
19928,17.078565360374768
19929,16.18515823396994
19930,15.65943069530251
19931,15.6320897861708
19932,15.82880455138307
19933,15.461131690421304
19936,15.338298918851114
19937,14.022662116284291
19938,12.530855396988562
19939,11.428162467570713
19940,11.409052730905186
19941,10.90652462628121
19942,11.228531314706773
19945,15.39717678231662
19946,14.968703199386074
19947,14.058085687352257
19948,13.037088673343094
19949,12.519784241386729
19950,11.89828990137139
19951,12.131300606779181
19954,16.334169067669148
19955,15.833329323587435
19956,15.484511258080191
19957,15.051710542988834
19958,14.751796447619034
19959,14.284848340583338
19960,12.309666601740279
19963,14.91856131537417
19964,13.986589991567165
19965,13.203924931047135
19966,12.676232512570149
19967,12.39234472206848
19968,12.163999869108267
19969,12.180883034456514
19972,13.246658496675936
19973,13.21983667053667
19974,13.161310976342241
19975,13.229289466911624
19976,12.904364071740334
19977,13.213422716993836
19978,13.11717594591662
19981,14.742701664306717
19982,13.891371920601506
19983,13.250742519954102
19984,12.455772437654076
19985,11.530794852212475
19986,11.908798044872889
19987,11.433211036740431
19990,14.378144643396363
19991,14.079061041672372
19992,13.112108980327712
19993,11.857146175907552
19994,11.145868239758318
19995,10.683225188177172
19996,12.191502007477192
19999,15.674945186433268
20000,15.120725820376258
20001,14.624871988724378
20002,14.138609483442535
20003,13.668358828244642
20004,12.992518894054937
20005,12.060075303392617
20017,16.47685293532056
20018,15.830271435071307
20019,15.519834014603218
20020,15.468466475414152
20021,15.046796830120057
20022,14.707111387244385
20023,14.479416345902912
20026,14.65762974643333
20027,15.204793448976798
20028,15.363937586492343
20029,15.226076955439872
20030,15.104387220020444
20031,14.880374041910983
20032,14.778748232508823
20044,15.887514635146038
20045,15.879312943062597
20046,15.72420485136719
20047,15.651676629323156
20048,15.62708327534714
20049,15.48658584979092
20050,15.48537617871097
20053,16.158569808990478
20054,16.180980868642617
20055,16.004214605128325
20056,15.920283410662234
20057,15.722027156073572
20058,15.61277269305213
20059,15.507177831755074
20062,9.650850821827147
20063,8.799510901368867
20064,11.443789726135366
20065,11.152012983911122
20066,16.009805960564975
20067,15.472047491104748
20068,14.363787445715918
20071,15.149387835587369
20072,15.489252339007194
20073,15.183080964811005
20074,14.534669480680488
20075,14.002833752355656
20076,13.55374701302867
20077,13.27708932030748
20080,11.91792379748895
20081,11.870970469946574
20082,11.68020952318745
20083,11.316192561772942
20084,10.880798122236229
20085,12.61291014481195
20086,12.648268189135338
20089,14.86241016606913
20090,14.414746429843298
20091,13.578829537201306
20092,12.837535893401986
20093,12.376916079991679
20094,11.902437327397127
20095,11.662172714034753
20098,15.732950683272138
20099,15.329665890213176
20100,15.029354482085473
20101,14.755292009713322
20102,14.66208887382711
20103,14.341729100537744
20104,13.409429260050159
20107,13.718474189152598
20108,14.511431388398597
20109,16.241335327589397
20110,16.242551485004817
20111,16.017346818457604
20112,16.449922256181996
20113,16.271326136107717
20116,15.637280183868814
20117,14.962193704544038
20118,14.330845997208094
20119,13.323253139778663
20120,12.557222353426068
20121,11.807011985095004
20122,10.70716934002763
20125,15.06009359038954
20126,14.653405059310522
20127,14.637987629689762
20128,14.32298156127766
20129,13.614901193954644
20130,13.07124690948732
20131,12.827138260924666
20143,15.264428717684927
20144,14.770135071322537
20145,14.869446210294491
20146,15.422380175149794
20147,15.235414969944278
20148,14.27921312716108
20149,14.147824159436627
20152,17.006240703262606
20153,16.27580983111255
20154,15.669698198106476
20155,14.84086733154669
20156,13.891024255908082
20157,13.22174163498459
20158,12.522542592066776
20161,13.34034804452918
20162,13.551991527010534
20163,13.394021245321719
20164,13.311960072751585
20165,12.881503820284339
20166,12.276983010783688
20167,11.996659400664223
20170,10.15521856070225
20171,9.66179808393482
20172,11.55703803958855
20173,16.04824641289416
20174,15.399684814793972
20175,14.702994736586653
20176,13.887769822310291
20179,15.087189205911999
20180,14.362975681802117
20181,13.596676457613146
20182,12.8261785924608
20183,12.178727142134694
20184,16.71287227353018
20185,15.859554817852676
20188,12.323455601165218
20189,10.929923335900263
20190,10.036531326293892
20191,9.739673667297913
20192,9.060679597421776
20193,7.461640392208575
20194,10.199323789243778
20197,12.800536965185533
20198,11.969786862161808
20199,11.264361536309108
20200,10.330355314404699
20201,16.3162921153063
20202,15.449952059020932
20203,14.65277193521588
20206,16.47432093381466
20207,16.627708199245678
20208,16.11682384255276
20209,15.64733381434601
20210,15.312348927202642
20211,14.884559114378687
20212,14.337622055991737
20215,16.28378541304886
20216,15.826905030744848
20217,15.351584344599267
20218,14.853275991790685
20219,14.239528493085665
20220,13.494966393411474
20221,12.618563018575092
20224,11.763326142574778
20225,13.062207770583164
20226,13.52232000833803
20227,13.54981434872881
20228,14.179662578763635
20229,13.85436197216586
20230,13.315886956606155
20242,16.15818127842689
20243,15.82404118452982
20244,14.801699298232018
20245,14.437872010830622
20246,13.887079309023045
20247,13.251173391843212
20248,15.014075264857926
20251,10.514990744055563
20252,10.013865460005738
20253,9.166179476190413
20254,8.867850063029406
20255,12.282130501139243
20256,11.67509533355333
20257,10.862090368195899
20260,15.87387069005427
20261,15.414482492622179
20262,14.658713904401173
20263,13.707041883648579
20264,13.673015684532716
20265,13.315158230591363
20266,12.753881866586106
20278,11.841610315599914
20279,11.47174924105148
20280,11.123505935280532
20281,16.21118983179505
20282,15.391713661917283
20283,14.296041084490074
20284,13.496223604812654
20287,13.833504688169878
20288,13.1162406718383
20289,13.18265100126686
20290,12.942490021319895
20291,12.78650175432072
20292,12.351315194082707
20293,12.183003589258687
20296,9.075551045627543
20297,7.266827347520591
20298,9.2093398716426
20299,14.432029362049066
20300,13.59339023297541
20301,13.275750337100167
20302,12.98421792780045
20305,15.590420874094194
20306,14.920382215843512
20307,14.430092230919891
20308,13.6603713897433
20309,12.410363598128109
20310,12.565807901932164
20311,12.147786537258277
20314,16.136821816724684
20315,15.468163694857934
20316,14.808854178608286
20317,14.244088494875893
20318,13.819340215455917
20319,13.775709916685178
20320,12.866910970916976
20323,12.974580049564057
20324,12.921978863210635
20325,13.630155203857532
20326,13.02522232257073
20327,12.461602067121788
20328,12.082949753182046
20329,11.470195401243165
20332,16.114372026867038
20333,15.661409824776248
20334,15.15155450176387
20335,14.474385083515454
20336,13.532180335794106
20337,12.818527532481315
20338,12.281764362897112
20341,15.593590217135773
20342,14.88721060582221
20343,14.035019512125336
20344,12.812599281806346
20345,11.561696581339204
20346,10.458923187220588
20347,9.259130536145614
20359,14.919937906352283
20360,14.153611467577306
20361,13.290876704547424
20362,12.559036712674557
20363,12.061555414671153
20364,11.778354259733629
20365,11.46023118966705
20368,13.16559718117307
20369,13.102166792517046
20370,12.798316031149234
20371,12.283885175898282
20372,12.216186329377148
20373,12.199037960049047
20374,11.981934850119066
20386,18.013369312437646
20387,17.701004991960566
20388,17.4651417005441
20389,17.156814400503904
20390,16.950170382407386
20391,16.626117407560045
20392,16.28692923598651
20395,15.405732011272061
20396,15.049637230163524
20397,15.285742263573605
20398,16.055857734732
20399,16.246927731592184
20400,15.513440916729802
20401,15.50558884558694
20404,11.456259870851161
20405,10.430137311649004
20406,13.451382191871138
20407,13.193278400373933
20408,12.907651677904642
20409,13.960604347701276
20410,15.541889907565633
20413,12.974410783032631
20414,12.2063276130232
20415,11.761362423971043
20416,11.46355663340511
20417,10.833917847964003
20418,12.936224142542178
20419,12.350532232327806
20422,16.645781400635766
20423,15.721456975039029
20424,14.718794669286352
20425,13.763801387638628
20426,12.973071872640535
20427,12.666458294938023
20428,12.48746623686583
20431,16.7755397442583
20432,16.342504641266768
20433,15.927862560351349
20434,15.532670216156975
20435,14.973567478416685
20436,14.226310079423119
20437,13.329143373030657
20440,14.283656212243
20441,13.472948415451613
20442,12.652462142916072
20443,11.736444945614153
20444,10.755581038365076
20445,9.858751658694736
20446,9.20673387638207
20449,18.32152294052866
20450,17.39572557224662
20451,16.732242588622793
20452,16.485416426407813
20453,16.011597822138324
20454,15.73517352957632
20455,15.508904066575228
20458,18.256179144380255
20459,17.301413268062124
20460,16.757412162822778
20461,16.495952398143682
20462,15.982100883859601
20463,15.672158018508084
20464,15.321597268051166
20467,14.791010510447
20468,13.389545249312276
20469,12.060300930593801
20470,11.841127886451838
20471,12.236184692761734
20472,11.37642968288169
20473,10.345284589891683
20476,13.467700490356622
20477,12.373547026471869
20478,15.076968189518178
20479,14.668731556170902
20480,14.59022712638213
20481,17.49888921037169
20482,16.806661704159804
20485,14.727675590834421
20486,14.21229409000941
20487,13.493427498795064
20488,12.627023888729326
20489,12.272665305479306
20490,11.255268105624143
20491,10.700454061735071
20494,10.828539790078857
20495,9.89500164888583
20496,9.147720009994515
20497,9.028578658440741
20498,7.318539548567902
20499,6.300785794663244
20500,7.889084407035514
20503,14.568656282041589
20504,13.945656852604056
20505,13.399729927328579
20506,12.94110525496357
20507,14.313834358587297
20508,13.951905970365944
20509,13.347712494668801
20512,10.186785026670085
20513,9.999252174520507
20514,12.016684176832243
20515,11.172756403504726
20516,16.805299303697893
20517,15.861889377087374
20518,14.991050862531827
20530,11.419548415464929
20531,10.953522154459879
20532,16.92268482743133
20533,16.162540100458934
20534,15.59798051295176
20535,14.891940289548652
20536,13.75427962737982
20548,8.08794755464267
20549,8.126813720726114
20550,8.327967858305488
20551,8.207946941048617
20552,8.867990898182093
20553,12.998761947674488
20554,12.94547821659505
20557,12.615313948166104
20558,13.14040956109539
20559,12.292653930043292
20560,13.599337655130865
20561,13.1809718505111
20562,12.912259439597923
20563,12.421663748771017
20575,11.720614203529568
20576,10.393416350589133
20577,9.154827662045925
20578,7.912056888179006
20579,13.025801814947233
20580,14.423938278539676
20581,14.114380314244075
20584,13.990008254695923
20585,13.875422455264687
20586,13.552536707737131
20587,13.052031037801795
20588,14.323269885445104
20589,14.04551531726526
20590,13.828263887436874
20593,14.671856786688853
20594,14.100826332941173
20595,13.64113812301904
20596,12.70629929812134
20597,11.736852709116974
20598,11.405418202254497
20599,11.124346972018488
20602,12.03882490575343
20603,12.26703603348829
20604,13.360761188640835
20605,13.386773240515252
20606,13.357691593271237
20607,11.4022061722353
20608,13.661291209112685
20611,17.15339497829466
20612,16.85772581237647
20613,16.610386135425735
20614,16.373920890216898
20615,15.973858700654343
20616,13.750067094156236
20617,13.794570844430504
20620,16.5369826149535
20621,16.246797964828417
20622,15.769732213413569
20623,15.820345464717233
20624,15.070571740683912
20625,14.69228760577336
20626,14.48351683796781
20629,16.34129144090807
20630,15.959969998049536
20631,15.562601582056615
20632,14.939629111857492
20633,14.668918996398254
20634,14.687481518556362
20635,11.307425348828614
20638,15.092898959093143
20639,14.779287365959316
20640,13.929399800415474
20641,13.504690863297684
20642,12.849012783622538
20643,12.446124443380468
20644,11.942022460697263
20647,15.414755700159153
20648,14.903270505757131
20649,14.738589398409967
20650,13.558383555068954
20651,13.21199565017744
20652,12.82863103894982
20653,12.150448935782158
20656,9.690356211348643
20657,11.649307789822737
20658,12.705753395260293
20659,13.36369884775565
20660,13.266307865077279
20661,15.35231820589671
20662,14.92083030127934
20665,15.399128587677707
20666,15.121313694175143
20667,14.93246689437853
20668,14.568597419940172
20669,14.220826988353787
20670,13.615078389607826
20671,13.446125177583022
20674,15.980870014438462
20675,15.598126014510608
20676,15.19623770084303
20677,14.695523123145806
20678,14.371550818455992
20679,13.983876858218927
20680,13.655687990014242
20683,15.496994117420778
20684,14.749021369541184
20685,13.967843586864507
20686,13.332095800207581
20687,13.030009024835364
20688,12.404230641350429
20689,11.823178388472382
20692,16.835789628600022
20693,16.137362252265294
20694,15.569201010581908
20695,14.447410860646633
20696,13.782060283757941
20697,13.058918657847645
20698,13.059953788481534
20701,16.484017529910506
20702,16.11784181874565
20703,15.507967053451502
20704,14.900726177304403
20705,14.907204301934156
20706,14.357781358986989
20707,13.547355257770706
20710,11.331583428289774
20711,11.177522656307035
20712,10.073272520325904
20713,16.504056175350904
20714,15.831142113060782
20715,15.356018668351075
20716,14.202802869879685
20719,14.82827588236015
20720,13.84485671623947
20721,12.662253047682535
20722,11.329711510107538
20723,12.107958036989057
20724,10.92081747658455
20725,10.527552571908629
20728,10.85199374877264
20729,10.20166436208055
20730,9.490620114661201
20731,8.57602797713713
20732,8.640648995343156
20733,8.324093761450404
20734,7.936302693201959
20737,16.689965761326366
20738,16.559979987621148
20739,15.861836790522867
20740,15.402851930094373
20741,14.836228329943488
20742,14.060554925991791
20743,12.828209742827429
20746,15.243195152126326
20747,14.440904990623192
20748,13.24303822773124
20749,12.638870779705977
20750,11.937192700040988
20751,11.04407317268166
20752,11.012264670503114
20755,16.415652482100835
20756,15.857131196299772
20757,14.829778455526709
20758,14.446280081038248
20759,14.448934803815751
20760,13.77889532759091
20761,12.917081846135302
20764,12.733197708765445
20765,12.85735040821349
20766,12.613732011160197
20767,12.52531515638925
20768,12.467490308265425
20769,12.556532314601608
20770,12.250606143890982
20773,15.667949549462492
20774,14.747671095681355
20775,14.195109331606625
20776,13.221824928331129
20777,15.235194964963059
20778,15.414168777719746
20779,15.107371429874314
20782,11.46470114068321
20783,11.389061477747843
20784,12.115786822479597
20785,11.486704685327146
20786,11.516608673621818
20787,10.947203572665522
20788,9.736310733068626
20791,15.500522253440502
20792,14.49269704155322
20793,13.367179179727605
20794,12.368472067887256
20795,11.883833634269681
20796,11.509308933195687
20797,11.552684494743577
20800,12.794289773325401
20801,12.758554475764855
20802,12.61810613451637
20803,12.175035951744716
20804,14.512365854954759
20805,14.292506558502154
20806,14.104546713231985
20809,12.294925658999173
20810,12.0013459578635
20811,11.859920711431277
20812,11.549035575982286
20813,10.887343470572707
20814,17.171315342184993
20815,16.873091033866398
20818,15.88565438454095
20819,15.187441761015055
20820,14.388151999673156
20821,13.43151433523176
20822,12.848507941598442
20823,12.098821454783197
20824,11.760995747808296
20827,16.956248609618644
20828,16.377786036102265
20829,15.94270517860749
20830,15.43687980805824
20831,14.667010576903179
20832,14.096954715013293
20833,13.376476773805672
20836,16.901104330548637
20837,16.178430819122383
20838,15.722421455056253
20839,15.165383384572342
20840,14.635204482684005
20841,14.388595231846661
20842,13.890288662671868
20845,16.41737345727073
20846,15.980026779529343
20847,15.620988825999925
20848,15.657762867969016
20849,15.28238094605614
20850,14.30569786934655
20851,13.753031780763651
20854,11.767606442282593
20855,11.450933033128022
20856,12.644940291938664
20857,13.676841418262708
20858,13.921549343545042
20859,13.922758291705275
20860,13.5291342992332
20863,16.005822632239216
20864,16.19604879239275
20865,16.06984635049574
20866,15.652710301024879
20867,15.564845707968551
20868,15.19693181477494
20869,15.08480442091544
20872,12.91490614988424
20873,12.867228517702934
20874,13.775767148228933
20875,13.577041417445896
20876,13.449081049723137
20877,13.131093161713322
20878,12.93627232498017
20881,13.02507905025279
20882,12.766313952073748
20883,12.068005266571083
20884,11.742448623248476
20885,11.2764560169856
20886,11.103768550523514
20887,10.5693919967022
20890,15.2322938711265
20891,14.783537586086164
20892,13.803454170930863
20893,12.305578556386205
20894,11.34901733568699
20895,10.006269747179154
20896,9.91699590256092
20899,14.84340062353569
20900,14.555838036124989
20901,14.60125423963086
20902,14.186280006072739
20903,15.814135811584407
20904,15.931821251967317
20905,15.377239901094276
20908,11.074916503786035
20909,10.659351282951539
20910,11.496003085774278
20911,11.424553162341256
20912,15.458086297177093
20913,15.032854469274877
20914,14.479242830929344
20917,13.067414990243618
20918,12.585635159315228
20919,12.00003814611248
20920,11.273423847043201
20921,10.512083962693172
20922,16.547516319612914
20923,16.141536553657353
20926,16.273709631067884
20927,16.100003062711583
20928,14.04344262601028
20929,15.382564840493396
20930,14.971369849140833
20931,14.500046770324314
20932,14.048839659990044
20935,16.375659256835686
20936,15.786010457176943
20937,15.149915657669855
20938,14.38982746720794
20939,13.23109221389491
20940,12.46742485958583
20941,12.029580067184662
20944,16.23699042396122
20945,15.671850422453167
20946,15.10965783142517
20947,14.643356886556916
20948,14.005497659255953
20949,12.947426486721135
20950,12.015438635828362
20953,11.975539357242347
20954,11.737859412568058
20955,11.043177802962084
20956,15.314685289627405
20957,14.943308440081614
20958,14.071036881525693
20959,13.756782324366503
20962,14.127305074741361
20963,14.998231431260564
20964,14.829504966578636
20965,14.279337651625582
20966,13.444386005155598
20967,12.3752920764458
20968,11.945227227031953
20971,14.402862128226447
20972,10.55268284556689
20973,12.994489095966735
20974,14.587422707159874
20975,14.287193401540131
20976,12.544603476077887
20977,12.940793538000047
20980,11.671423822790906
20981,10.95750337119409
20982,10.381180294641172
20983,10.675653840146117
20984,9.939867696628879
20985,8.266164436612492
20986,16.872895818503586
20989,15.854246504599173
20990,15.692323238225793
20991,14.899197008445766
20992,14.479990738508834
20993,14.154925603130922
20994,13.80393077026708
20995,13.347884899104493
20998,16.49942618241176
20999,15.982705503347145
21000,15.847362726736195
21001,15.282689041899445
21002,14.748766562314449
21003,14.065132443591514
21004,13.250017532855976
21007,11.103181214377175
21008,10.201775681400134
21009,9.967682264578125
21010,10.043814552627406
21011,9.771554881275302
21012,9.81011050303083
21013,9.861206160279522
21016,12.216498111013756
21017,11.818982675752212
21018,11.011687069840143
21019,14.126844457674787
21020,13.27300333040701
21021,12.571232986444075
21022,12.196794738549391
21025,17.316416674014825
21026,16.777405295034946
21027,16.371508431712552
21028,15.982760232056489
21029,15.536261912179796
21030,14.52780868293299
21031,13.544747219821799
21034,16.317989080791428
21035,16.276697011794894
21036,15.808299385599963
21037,15.632516307618584
21038,15.748143670239823
21039,15.575981781992725
21040,15.121363277680482
21043,12.215433693879616
21044,11.832491304739362
21045,11.430271851847474
21046,10.649843691427217
21047,12.766302530583644
21048,11.939995496830777
21049,11.444432468524928
21052,10.394334933586453
21053,11.030006794457245
21054,9.79929302351827
21055,9.455088847042777
21056,8.953122840328222
21057,8.651199471263972
21058,7.5256399750415355
21061,11.612625993075847
21062,11.043961295299155
21063,10.704906008379862
21064,10.449844399341774
21065,10.250935054274718
21066,12.066810578196666
21067,11.628243242150274
21070,16.911729047053004
21071,16.524223206266544
21072,16.077513419359306
21073,15.70824127408828
21074,15.068979848384144
21075,14.56608997598217
21076,14.138262674138922
21088,15.266409375547955
21089,15.428932921918145
21090,14.952183592411767
21091,14.779010776824224
21092,14.205680624330842
21093,14.060181522785188
21094,13.510447643326009
21097,14.117284127267972
21098,13.909674626688686
21099,13.371140366886381
21100,12.716783262683158
21101,12.844217028415803
21102,12.159913517148594
21103,11.841048659419533
21106,16.649063961840653
21107,16.207069891936047
21108,15.7595850231825
21109,15.354907478396397
21110,15.104774335233106
21111,14.750959788159447
21112,14.174000753336752
21115,15.622824263757822
21116,14.94901400848235
21117,14.448157983911551
21118,13.582095686785435
21119,12.761037635250169
21120,12.300054671000606
21121,11.873985779101487
21124,8.62191350218664
21125,7.75491027202143
21126,10.89875580959371
21127,9.473857817428666
21128,15.529405057635977
21129,15.01287044507145
21130,14.080729973375625
21142,14.605378740832107
21143,14.909170604498314
21144,14.858276747800888
21145,14.513481585045925
21146,14.325032932870268
21147,14.224474870044343
21148,13.757528628657939
21151,11.808709626674984
21152,12.583971265420532
21153,11.638667851894756
21154,10.798043792264277
21155,9.988058453986397
21156,9.63135069141981
21157,8.790421306897867
21160,11.913183707517593
21161,11.77211546602076
21162,12.983266813615733
21163,12.319343293438754
21164,13.945101823472735
21165,14.202112197628493
21166,14.454477649773539
21178,12.32797606960402
21179,15.446307141332435
21180,14.97322411265291
21181,14.496929733544263
21182,17.061437110443844
21183,16.996071160398706
21184,16.383470072660927
21196,13.06851946453221
21197,12.453682442352246
21198,11.789382269181456
21199,11.644611405795603
21200,10.947502850001019
21201,10.815730101563714
21202,12.863670365634164
21205,17.16504608610123
21206,16.962211525622877
21207,16.516108258037388
21208,16.508839869839733
21209,16.74332714751365
21210,16.575353332127026
21211,15.773459943697933
21214,15.80098682754584
21215,15.039195103103397
21216,14.357000198240174
21217,13.596285569046266
21218,12.227369254319255
21219,11.172348816763924
21220,10.62261919381804
21223,14.37004948039939
21224,11.459028784712563
21225,11.446016135686655
21226,10.506956165951394
21227,9.777187096419954
21228,10.718210566991154
21229,10.21178074889202
21232,14.728541582761387
21233,13.175456650857157
21234,12.03597803405574
21235,10.756156676112958
21236,9.529230371552156
21237,11.581938336257183
21238,10.49010686968624
21241,16.095518391929165
21242,15.608379078634028
21243,14.854090070474083
21244,13.877795917638934
21245,13.033018370526419
21246,12.217907338471267
21247,11.559026301852892
21250,12.579376066829942
21251,11.957053438355784
21252,11.479110116475498
21253,10.021181695352771
21254,16.38271398847792
21255,15.887854093293015
21256,15.23951054276112
21259,14.998371772676526
21260,14.670185001483226
21261,14.448052804013988
21262,13.62581145386942
21263,13.488811804876496
21264,13.267005565895818
21265,13.044403998094442
21268,15.462206874867329
21269,15.325319718972748
21270,15.201701163701761
21271,14.814650148891458
21272,14.779508582199472
21273,14.534711862861078
21274,14.371257729586883
21277,12.08735667482519
21278,11.741136156617456
21279,11.523053997766269
21280,11.19656953193384
21281,11.247500521399413
21282,10.414603134260247
21283,9.788301142727011
21286,14.011710364790938
21287,17.205036829748565
21288,16.913027777438575
21289,16.8770469108741
21290,16.28872773463419
21291,15.54428762800206
21292,15.302984657459158
21295,10.549254824049264
21296,9.698122522573561
21297,8.217438537730187
21298,14.268523153677178
21299,13.276609481249999
21300,15.877993359664254
21301,15.322926154524335
21304,15.649601282205767
21305,14.924370163083934
21306,14.448743177055258
21307,13.611403409098397
21308,12.905015498686696
21309,12.239265612885937
21310,11.54848564036878
21313,16.89648261098864
21314,16.62107299740776
21315,16.445202526312574
21316,16.154486787710386
21317,15.881376111531914
21318,15.311936758849882
21319,14.500342260570495
21322,14.073712325093547
21323,12.782983718323585
21324,11.551924999819239
21325,11.089835955508324
21326,12.204896954676451
21327,11.135770807421247
21328,9.598320165743328
21331,11.248985960463353
21332,10.650507198560563
21333,10.321342258290215
21334,9.929155299284705
21335,11.704743454241529
21336,11.422475455381484
21337,10.945423664010681
21340,15.528637089215243
21341,14.326949993309388
21342,12.998091836854742
21343,12.479738193858575
21344,12.268742233800207
21345,12.13369010703621
21346,11.843738863382614
21349,13.72266583641849
21350,12.902489474957742
21351,12.812858237941986
21352,12.33136078067233
21353,11.994888544051118
21354,17.538215064994603
21355,16.590273789244648
21358,16.047733270693602
21359,15.042472085060046
21360,13.825609392641688
21361,12.499767852795328
21362,11.616789862000516
21363,10.649938505118385
21364,10.637776676427249
21367,17.28465710664331
21368,16.601779897355286
21369,16.335793762742192
21370,15.911744686604912
21371,15.6567117250993
21372,15.17300078450933
21373,14.953133601848604
21376,14.16586315793941
21377,14.568008608286359
21378,14.807354674023559
21379,15.228178556983828
21380,15.15236595699087
21381,15.036809395946735
21382,15.02097285244878
21385,9.882825556088033
21386,9.684522758043336
21387,9.39099387166944
21388,9.269834943761822
21389,8.98669669562029
21390,10.222995273466749
21391,8.924922401177469
21394,14.614915051938702
21395,13.700223155622908
21396,12.69345255400615
21397,12.22097111019214
21398,11.614172531986512
21399,11.586891284163555
21400,11.385217085648495
21403,13.604738908083572
21404,13.45310206574921
21405,13.34002312008734
21406,13.01034743007966
21407,13.753779824631986
21408,12.757880890915196
21409,11.541308819361998
21421,12.993456702838007
21422,12.563851979405777
21423,11.949753572020532
21424,11.297750083305196
21425,10.328068777836522
21426,14.492382512626287
21427,14.517503994764724
21439,16.840592679891635
21440,16.2610282137739
21441,15.988367531000316
21442,15.308246100612232
21443,15.084335552978343
21444,14.445703029161029
21445,13.766294052924488
21448,13.921391038416974
21449,14.0514629250256
21450,13.351002202008498
21451,13.300681932868466
21452,13.391909482909652
21453,12.893327500385281
21454,11.774058202188472
21457,9.98216009118743
21458,8.91784674252718
21459,8.475120414994329
21460,6.947937068614969
21461,5.771441123130016
21462,13.302200183092806
21463,13.030732620214875
21466,15.556217405595145
21467,15.433216991762855
21468,14.601048205567048
21469,14.374552466976969
21470,14.140399538377958
21471,13.69500481911321
21472,12.988770268589686
21475,8.803273982501045
21476,12.350912975387091
21477,12.000652355245425
21478,11.453939499822303
21479,16.018490872552555
21480,15.500040914942947
21481,15.598137115494408
21484,14.465913063504505
21485,14.326570954169059
21486,14.178224729004805
21487,14.146825949457686
21488,13.663018834640747
21489,13.09275947414575
21490,12.771735825361336
21493,16.97963325749489
21494,16.399924853735616
21495,16.23513218583009
21496,15.65187159013673
21497,14.985024517424486
21498,14.425137533024587
21499,13.322005726117343
21502,16.70985795806711
21503,15.769231834859887
21504,15.092441680988433
21505,14.380780616057276
21506,13.452744242089224
21507,12.577977523016342
21508,12.198282380055112
21511,15.461202093783413
21512,15.101801694150485
21513,14.345368512424178
21514,13.397908089195763
21515,12.490499425261282
21516,11.676403933962703
21517,11.757243251515845
21529,13.875320730559906
21530,13.54137103647834
21531,13.967255202752114
21532,13.693501103569412
21533,13.583268238114764
21534,12.860525774226431
21535,12.200195408357297
21538,12.542216256731397
21539,12.339650287085199
21540,11.85819460937494
21541,12.008535922929738
21542,13.992452671463717
21543,14.037130549250103
21544,16.590452883306053
21547,15.690310851404194
21548,15.164775203940811
21549,14.531778873087108
21550,14.353060679861885
21551,14.115602557742733
21552,13.403575061971608
21553,12.870285228992003
21565,16.01807308528417
21566,16.24827706366064
21567,15.938216548941766
21568,15.684464220158803
21569,15.21463821889867
21570,14.933826449417955
21571,14.572904029466706
21583,11.289169226001263
21584,11.620020475521713
21585,11.687324051093517
21586,11.460589521950299
21587,10.372521962240313
21588,9.963547308963792
21589,16.134311067587113
21592,12.462380143222816
21593,13.375727259674521
21594,12.95709950753182
21595,12.285096372680888
21596,11.703876348462238
21597,10.910678755725908
21598,10.446364016467253
21601,16.222456206822958
21602,16.538889537398816
21603,16.601182137687374
21604,16.01829476300082
21605,14.736923349664657
21606,16.969612911429586
21607,17.091009484529554
21610,16.63211969432274
21611,16.407805216655888
21612,15.696201268396027
21613,15.475759638581762
21614,15.726042055116078
21615,15.21967995447407
21616,13.74587962581705
21619,16.436011637518163
21620,16.2135379129485
21621,15.570566450059085
21622,15.21606919879172
21623,14.955260951184599
21624,14.481460730050769
21625,13.612143898320967
21628,11.91105708197817
21629,11.632253972436262
21630,11.336570075154778
21631,11.114326729279341
21632,10.533508547476334
21633,10.523929622625442
21634,10.327054496008275
21637,10.992015834750218
21638,10.529131822494486
21639,10.18667202593546
21640,9.685642439673126
21641,9.37704054786718
21642,12.245533714411087
21643,12.176133921127343
21646,15.148837856306432
21647,14.608389944923195
21648,13.67883709133411
21649,13.22522677786354
21650,13.02278610650223
21651,12.573541623710193
21652,17.583097559591206
21664,15.524964469537165
21665,15.314281455701298
21666,14.941972746165408
21667,14.356192221345802
21668,13.438584800594674
21669,12.668730611329535
21670,12.078534684927645
21673,17.65687501972919
21674,17.21840766094803
21675,16.76432390299487
21676,16.44379254149487
21677,15.9566320467618
21678,15.528674951749009
21679,15.481382677619559
21682,16.197047764149826
21683,15.521177500657569
21684,14.47763909623452
21685,13.597547315649908
21686,13.060362433891557
21687,12.433909167610537
21688,12.567512718188352
21691,13.04213982004514
21692,13.039887879561729
21693,11.936525143273876
21694,13.239655625977766
21695,12.654964353227966
21696,12.028260904214047
21697,11.470372807048975
21700,10.677892087403007
21701,10.27201201283201
21702,9.86141477611422
21703,12.383377472887126
21704,12.082123765060995
21705,11.643076149435274
21706,11.984003516817229
21709,13.040975431970745
21710,13.190083706218863
21711,13.16647595202265
21712,13.351398340222959
21713,13.486325703753629
21714,13.243015183091114
21715,13.125486495390305
21718,15.037059984462543
21719,14.900238571289856
21720,14.654360693734196
21721,14.593869371946543
21722,14.237567261165358
21723,16.259205553991382
21724,16.128490437481876
21727,8.570923513837204
21728,12.316181868210204
21729,11.707183827114658
21730,11.474018302654745
21731,10.829510769754663
21732,13.524807928218989
21733,12.848397473423685
21736,13.77211337549196
21737,13.308326628506247
21738,13.229893138546968
21739,12.686623580869242
21740,12.429612118457078
21741,11.808374794032371
21742,11.83073899120134
21745,13.36099280124065
21746,13.584538947184997
21747,14.079826762310857
21748,13.857508181162249
21749,13.082588750869352
21750,12.711931957559772
21751,12.313742492628348
21754,14.895235939936088
21755,14.263512669124488
21756,13.822117682764357
21757,12.901779048485041
21758,12.426881473497664
21759,11.720687322245961
21760,12.112832821060426
21763,10.3339379133382
21764,13.999872531691064
21765,13.57370520336664
21766,12.644514655735104
21767,12.087441125012296
21768,12.630817368370295
21769,12.422715110502024
21772,15.812902483643246
21773,15.340051801291583
21774,13.772111286784556
21775,12.517567675496537
21776,11.032030742493134
21777,12.015493085089227
21778,11.557267656320963
21790,14.38233515701436
21791,12.911103929563572
21792,12.305976802299266
21793,11.219775135482212
21794,9.433003808053515
21795,8.705165419719007
21796,8.348774539791274
21799,16.75721912874549
21800,16.581175302196982
21801,16.482347854817643
21802,16.300193015956506
21803,16.151629068214174
21804,16.094608269285295
21805,15.934924453321788
21808,16.667918097431382
21809,16.175928048731173
21810,15.583443755886618
21811,15.215806438719978
21812,14.300629375018856
21813,13.590807040535372
21814,12.862999208147397
21817,16.04493521436634
21818,15.241081399913169
21819,14.597013794361212
21820,14.046389712203577
21821,13.117266409906485
21822,12.123055100746507
21823,11.316764584985906
21826,12.694609714641414
21827,12.939002881099576
21828,14.032496791846295
21829,13.05451699130891
21830,11.58080838735819
21831,10.812411214064715
21832,9.519661619531444
21844,17.3765134862281
21845,17.359178124443627
21846,17.140744472747603
21847,16.855957798578192
21848,16.492322622866002
21849,16.205703516679836
21850,16.019770881842167
21853,15.643605170835068
21854,15.33623309697655
21855,14.46489130924069
21856,13.578407524880648
21857,12.552654323400986
21858,12.308764603753719
21859,11.73458792000264
21862,14.350314197593788
21863,13.820451332212588
21864,13.34327403767175
21865,12.840713739841636
21866,12.040260062611964
21867,11.8457840373073
21868,11.099045047260717
21871,12.540768304972282
21872,13.053662606109105
21873,12.963534103336908
21874,12.923102354553366
21875,12.45800188477608
21876,12.538572717827556
21877,11.68330938419114
21889,11.681325566423139
21890,13.451931837708747
21891,12.877293695756423
21892,12.429100190115863
21893,15.815314695240772
21894,15.465438761911269
21895,15.00745501084702
21898,11.697436290232856
21899,11.405540679638088
21900,11.019563133080542
21901,10.141598530972125
21902,9.832421104102268
21903,9.395574350217172
21904,7.680637427560936
21907,16.4967703459638
21908,15.781309184972232
21909,15.128304493106114
21910,14.352781988284892
21911,13.432004573770511
21912,12.80779508817077
21913,13.43391333220607
21916,13.342704605877096
21917,13.871040813740604
21918,14.375832953336708
21919,13.752843351491403
21920,7.496652438168283
21921,6.26530121273771
21922,7.402451520818244
21925,15.081690542964235
21926,14.537216040432181
21927,13.819880993681808
21928,12.612876856639568
21929,12.948043323037341
21930,12.59276939130571
21931,14.680878453138744
21934,12.261488430763386
21935,12.408478652649565
21936,13.101006943575767
21937,12.530136067416056
21938,13.011293259612424
21939,12.759351253030111
21940,17.960747216604783
21943,13.627427636335225
21944,12.068108585994652
21945,11.983597620702326
21946,11.41510313235069
21947,11.081480791503116
21948,10.482877956170928
21949,9.880986287189614
21952,12.651789985874887
21953,12.777772271779362
21954,12.939197464241843
21955,13.008627889364313
21956,13.060322002466972
21957,13.290516703833674
21958,13.182686777387433
21961,13.130464474726168
21962,12.512284476701003
21963,12.515914858276933
21964,12.331466644187893
21965,12.285216487806762
21966,11.763637489620274
21967,11.81877647803733
21970,14.836325976288322
21971,13.781633143928312
21972,12.45207688858949
21973,11.656679428614925
21974,11.430206679793226
21975,10.593705446923497
21976,10.169997059755108
21997,10.874739842484258
21998,10.346890499984685
21999,9.898977397058243
22000,13.299538380045405
22001,11.15080716136543
22002,17.880578460638837
22003,19.126521197977297
22006,15.347978653223738
22007,14.795859445619033
22008,14.03401777808588
22009,12.923507478646462
22010,11.88504059339684
22011,10.893288935346058
22012,10.339611181598086
22015,14.475705735884127
22016,14.926537465365158
22017,14.482234704618094
22018,14.28165173754571
22019,14.045685332193615
22020,14.148325400179278
22021,13.848399730690609
22033,15.910872814804598
22034,15.011745502117769
22035,13.961358292111113
22036,12.780591120455655
22037,12.550335881911895
22038,12.532909323180922
22039,12.588593195643224
22042,16.28194081561733
22043,15.879363983804929
22044,15.407346867070816
22045,15.120849440795581
22046,14.950291792492628
22047,14.610182657677516
22048,13.92991009827277
22051,12.449540256798374
22052,12.634078459040415
22053,13.184082928978102
22054,13.761229647197357
22055,13.131333029529465
22056,12.963876309019925
22057,12.73931805707347
22060,16.44225727917578
22061,15.864582578859078
22062,15.382692114339939
22063,14.738731619530679
22064,13.686628909931766
22065,13.059659971412483
22066,12.37667580936993
22069,15.376656352183463
22070,15.465875611390546
22071,15.394882999822105
22072,15.135066379680142
22073,14.510119170112668
22074,14.151729905468873
22075,13.490140463853955
22078,16.395216423703467
22079,15.704102532519425
22080,14.99275163211196
22081,14.014204847076005
22082,12.747440083368854
22083,11.893428257454762
22084,11.5772420864899
22087,14.985787789399442
22088,15.675920551196178
22089,15.117811438207044
22090,15.099049340961916
22091,14.887478347015996
22092,14.736718779144626
22093,14.256991891360073
22096,12.697593118238158
22097,12.303031465580023
22098,12.02374708872822
22099,13.232076606246654
22100,13.244334962162144
22101,14.437827465763215
22102,16.414178240060032
22105,14.438676164145892
22106,13.345246094704304
22107,12.342411343981723
22108,11.407131522063048
22109,10.84263506655321
22110,12.329767063376485
22111,11.94892624430634
22114,16.11446848072255
22115,15.866727635527363
22116,15.556711024550106
22117,15.121901222581462
22118,14.793634780678184
22119,14.116953513666092
22120,13.332014716803526
22123,10.093281124168783
22124,12.136781515282786
22125,11.839282428564632
22126,11.249285386998686
22127,10.564266488063344
22128,10.764032989294652
22129,9.95906416042487
22132,13.283149706817051
22133,13.114486435593767
22134,12.873227431649182
22135,12.824512443556653
22136,12.626465774222575
22137,12.17496890047884
22138,11.738474121698282
22141,12.339838385693167
22142,12.30888190951131
22143,12.008328773848678
22144,11.901841048700488
22145,11.38414846656631
22146,10.837814646896382
22147,10.37355367982882
22150,11.514534170309645
22151,12.216117031365973
22152,12.77031485789827
22153,16.432511495319147
22154,15.834387804133007
22155,15.023621289249656
22156,14.118055134194591
22159,16.001095883467322
22160,15.66941913345046
22161,14.936179467722623
22162,14.142638558591145
22163,13.504453404595958
22164,12.88668661246525
22165,12.386747013119217
22177,16.390341622446886
22178,16.02346667907918
22179,15.50170597230328
22180,15.128987690485541
22181,14.891280604383752
22182,14.28819932898802
22183,13.278720763520473
22186,15.096996750854409
22187,14.348318784094385
22188,12.325711735429499
22189,11.363740767549308
22190,10.896016842396081
22191,10.980399414224898
22192,10.82283361213929
22195,13.868718568113106
22196,12.106926116338816
22197,11.388846400857025
22198,10.185352739666344
22199,8.589699882202986
22200,10.49010686968624
22201,10.284455029043892
22204,11.93268130572818
22205,12.099249950297507
22206,11.683014171277227
22207,11.478509988154194
22208,10.97409466479416
22209,10.597908920973804
22210,9.879860621904971
22213,13.26307964687319
22214,12.99441863605669
22215,13.268240496955439
22216,12.91610398310561
22217,12.611947669611304
22218,11.84974764035573
22219,11.322986972837104
22222,9.068315871946766
22223,9.355652103136237
22224,7.716460800176355
22225,9.777527425407923
22226,10.020826044953361
22227,10.390010237778945
22228,10.312047865551595
22231,16.016638064509376
22232,15.407335468122694
22233,14.956466562746819
22234,14.175974116032531
22235,12.476214280004966
22236,12.137258329529814
22237,12.436569097889567
22240,16.869149551418495
22241,16.171334381756704
22242,15.71340324423953
22243,15.356218778562335
22244,15.060771744035033
22245,14.470980273950042
22246,13.896218275239132
22249,16.922437992479946
22250,16.313276257972053
22251,15.80552849739529
22252,15.3575347799199
22253,15.220751788166847
22254,14.3883482641074
22255,13.653515020884553
22258,17.680631455722043
22259,16.872792907322964
22260,16.26166442510244
22261,15.706610559053953
22262,15.1375826146115
22263,14.551305265745238
22264,13.668361145301423
22267,16.78207963951267
22268,16.197843361278263
22269,15.860331927753796
22270,15.701654475609242
22271,15.325587256223274
22272,14.63129165627125
22273,14.123758936623485
22276,12.550523680995774
22277,13.583183719043994
22278,13.611051361854193
22279,13.48954077697501
22280,13.402189673890526
22281,13.630233437792684
22282,13.538855464294993
22285,15.815133835531233
22286,15.489267905038252
22287,14.282246353653239
22288,13.736956408504696
22289,13.242518708053609
22290,13.074426549040313
22291,12.392103979251207
22294,14.003547417920501
22295,13.626915765508652
22296,13.194028940733014
22297,12.470189219959247
22298,12.002314968015801
22299,11.574829268285043
22300,15.264594489824223
22303,11.266026986301403
22304,10.693126033284834
22305,10.359392257402362
22306,10.795506083434564
22307,9.017604776833355
22308,12.528174260477224
22309,14.727759934551989
22312,15.315305687798254
22313,14.898095762992886
22314,15.211851779931628
22315,14.79805521383087
22316,14.557226925899126
22317,14.108365975560053
22318,13.733446558856883
22321,15.80998907788722
22322,15.724863563413347
22323,15.591653894286436
22324,15.404212763919178
22325,15.303445925937558
22326,15.121880371096164
22327,14.814943190049638
22330,16.178361996836887
22331,15.481633105356165
22332,14.730677859026281
22333,9.236397906295473
22334,14.024228965366575
22335,13.070792149660038
22336,12.543412362923975
22366,14.004842484593732
22367,13.093480246845253
22368,13.039516408128716
22369,12.715131709848444
22370,12.497166391599498
22371,12.044582598316152
22372,15.895126709398939
22375,9.223848722000975
22376,7.991592282068092
22377,13.250719652176471
22378,12.34073464877357
22379,13.126743769463307
22380,14.704138169655723
22381,14.527129578755181
22384,16.250667633496136
22385,16.386913278383275
22386,15.995844849684
22387,15.834170910884211
22388,15.493908328007041
22389,15.258936860351495
22390,15.010313850518466
22393,14.678889001376428
22394,14.34284161454415
22395,14.508704737419754
22396,14.251757021661874
22397,13.9675601749612
22398,13.446603968666404
22399,12.88068409594074
22402,11.720687322245961
22403,9.469777278987662
22404,9.875756578797818
22405,10.531509373135611
22406,10.491718563146513
22407,9.313528529772352
22408,8.769507120030227
22411,13.911931938338322
22412,13.56476967945796
22413,13.145231888307936
22414,12.872336691056331
22415,11.861883711637955
22416,10.434204034999912
22417,10.237277623937402
22420,15.035029295647073
22421,13.421713611323728
22422,12.609946488246845
22423,12.662237205069392
22424,12.219087582607669
22425,11.753641708141265
22426,11.221235371120908
22429,9.635085094816304
22430,13.81570053991656
22431,13.567907804317398
22432,12.821188011881066
22433,12.194465542988421
22434,11.280047184559121
22435,10.4955428715348
22438,14.831678117524914
22439,13.7686904020537
22440,13.376537269075813
22441,14.12752761809065
22442,14.040539530753833
22443,13.669969046006635
22444,13.371921375174994
22447,13.512297840293167
22448,13.194131328127913
22449,13.14215620073088
22450,13.049039712985486
22451,12.91274544115924
22452,12.53031323679225
22453,12.498454904777747
22465,15.394841571979558
22466,14.834340910510546
22467,14.485262184389724
22468,13.996846629326935
22469,13.328918905043242
22470,12.762451772553865
22471,12.090745965560497
22474,16.480418226958093
22475,15.874055912128854
22476,15.618099344560932
22477,15.286462194015257
22478,14.354907895018014
22479,13.539392035879198
22480,13.08775536935054
22501,9.871738854221547
22502,11.380262266784394
22503,10.414992945206876
22504,9.489334816030398
22505,16.001945244337566
22506,15.34752926832255
22507,14.448758572251267
22510,14.835117878099059
22511,14.128524794547294
22512,13.0355236220505
22513,11.973560344211863
22514,10.488464718935205
22515,10.083138880774204
22516,11.608644652028772
22519,13.63453529451061
22520,13.799840420159159
22521,14.341680650896706
22522,14.097298041411786
22523,13.892619736275698
22524,13.336298258766918
22525,12.668664500310221
22528,15.656814351356054
22529,15.004043072150326
22530,14.627546828943121
22531,13.387812110772165
22532,12.69963714963168
22533,12.091430297746328
22534,11.517684124568408
22537,10.242421043498677
22538,10.127230923922305
22539,10.174392167248598
22540,8.979668554241181
22541,9.435960853165286
22542,12.986642160291932
22543,14.512966940562315
22546,13.010524142315429
22547,12.995154810663285
22548,13.04722379640205
22549,12.80554081520613
22550,12.732427070913792
22551,12.708776375832088
22552,12.226757236723007
22555,7.717351272185329
22556,10.849492414393675
22557,10.613934230174134
22558,9.924416995717158
22559,16.267250644527085
22560,15.732734007243259
22561,15.067847149859771
22564,16.795694429161045
22565,16.394973087992682
22566,16.143164387926998
22567,15.829921057237849
22568,15.381427628931455
22569,15.048743479153018
22570,14.835281278413056
22582,16.025594651708932
22583,15.791891437295051
22584,15.40675822651314
22585,14.739035857133855
22586,14.250616665582944
22587,14.004609099037252
22588,11.074823522335766
22600,14.598937103153942
22601,13.329317382377187
22602,12.271804204714753
22603,11.283311022525707
22604,11.584678523633327
22605,10.890888911868236
22606,9.945876319027915
22609,15.141309413931815
22610,13.881154093348659
22611,12.681433772720249
22612,11.74042750426139
22613,10.795977274224331
22614,11.435255772800257
22615,10.571342565808699
22618,15.06886963446624
22619,14.304852858856194
22620,13.593919550829401
22621,12.945468668597266
22622,12.035373288564006
22623,11.617339532887657
22624,11.93717307237776
22627,11.980732934421463
22628,11.826567639091541
22629,11.135406208512462
22630,12.18777119091026
22631,12.923846582853507
22632,13.588097906997858
22633,13.322426615674441
22663,14.399107904357258
22664,12.732539308005906
22665,11.977891426448625
22666,11.595260926888256
22667,10.835494140850285
22668,10.362588209810202
22669,10.144038708505372
22672,14.179203220016188
22673,14.373261178985393
22674,14.205256091758859
22675,13.870004425050384
22676,13.66757883361754
22677,13.259546344906877
22678,13.058628799684296
22690,14.966460678633863
22691,14.534347414856903
22692,14.188429058114759
22693,13.60116568450641
22694,13.185310007154879
22695,12.779464534314618
22696,12.490593476519287
22708,13.501774680252918
22709,13.484337655037885
22710,13.269289163284574
22711,12.937942819247503
22712,12.32734292700403
22713,12.21034351238082
22714,11.27238139897585
22717,14.044207460838077
22718,13.364430738595237
22719,12.847339517338082
22720,12.160656781999691
22721,11.833689253124
22722,11.214910188378656
22723,10.92965458853013
22726,14.529052837333309
22727,14.404009746738735
22728,15.23820241995218
22729,15.230009163549715
22730,15.64509874633029
22731,15.355966384567543
22732,15.862343418747264
22735,12.637556316036891
22736,12.476340211853106
22737,11.530038203246738
22738,10.336373256220284
22739,9.771269582708419
22740,11.729471299136103
22741,12.858301472760836
22744,16.849261524457695
22745,16.698621967646556
22746,16.554694243175607
22747,16.442488510486427
22748,16.261527979651753
22749,16.25700810218324
22750,16.37565253230066
22753,14.784861562200513
22754,15.083146375282348
22755,14.682119748510393
22756,14.27800292316357
22757,13.575644206812678
22758,13.186456799500016
22759,12.469275020223611
22762,11.158034642824997
22763,17.44698227304167
22764,16.491751086850023
22765,15.776666468958002
22766,15.056219742041193
22767,14.231377380185368
22768,13.192406097607213
22771,13.83198805529496
22772,13.656663701675058
22773,13.393496772717201
22774,13.37516980321428
22775,13.006391201151908
22776,12.69319761455289
22777,12.25772062700882
22780,13.653289231237224
22781,13.116464010306663
22782,12.816397843139924
22783,12.337307027043453
22784,11.807444114680997
22785,11.94549977555701
22786,12.413281917831908
22789,16.22848340883164
22790,15.575443046243851
22791,14.81716764785931
22792,13.762199439664979
22793,13.1404783068295
22794,12.515118625845087
22795,11.863406264745633
22798,11.873358339036285
22799,12.390338144976019
22800,12.252603115655873
22801,12.224300504116966
22802,12.67924312999235
22803,13.399558655131928
22804,13.160733729102772
22807,15.514359831786775
22808,14.62303408912395
22809,13.461014666736217
22810,12.490931987825036
22811,12.512799705400335
22812,12.027824779977447
22813,11.575533999881957
22825,11.29760126270815
22826,10.644662702106656
22827,9.834030287520907
22828,8.9085593751449
22829,14.133638417810715
22830,13.272263321355455
22831,12.75028178681532
22834,12.746310458848846
22835,12.107604986129518
22836,11.369239834990735
22837,10.741081337461102
22838,13.598865843389895
22839,13.383777960297762
22840,13.762472584614367
22852,14.26947816982396
22853,13.453871886516662
22854,13.230699262257893
22855,12.65866940037061
22856,12.381134581594868
22857,12.73655971015542
22858,12.634273982212164
22870,14.420627843020661
22871,14.66227113118143
22872,14.4707523199916
22873,14.25997968908344
22874,13.892298435960383
22875,13.542860273306253
22876,13.157852135467932
22879,16.207309558928145
22880,16.006760209819635
22881,16.355910727165064
22882,16.888463098311778
22883,16.57583487895407
22884,16.172670196149628
22885,16.17265627680033
22888,16.07485281189036
22889,15.57147444158697
22890,15.152803207540165
22891,15.5885772338026
22892,15.941649480230728
22893,15.27427487184489
22894,14.703588217695815
22897,11.366268305126779
22898,10.730444212051008
22899,11.822789684355659
22900,11.693587311874056
22901,11.794737844429742
22902,10.897387263737267
22903,11.476655593797195
22906,16.328235661514096
22907,15.933068236631536
22908,15.39714634829039
22909,15.135096044432366
22910,14.78596214882982
22911,14.538513584022688
22912,14.1158854842415
22915,16.31598908430491
22916,14.030646130836947
22917,13.661111513963855
22918,15.887901049312417
22919,15.39802013544224
22920,14.711918939364441
22921,12.49663182513698
22924,15.091188113305627
22925,13.912044534078872
22926,12.401038919857207
22927,11.352052239382143
22928,10.763715740473742
22929,9.986218950133592
22930,11.972000847859258
22933,14.385759894508714
22934,14.392606390131592
22935,15.802204895110902
22936,15.34656673255042
22937,14.731618873201526
22938,14.18676441127128
22939,13.746028638341347
22960,6.152732694704104
22961,7.25063551189868
22962,12.992373136067597
22963,12.919333679460243
22964,13.003832061856365
22965,13.028722803032835
22966,13.133924291759424
22969,6.501289670540389
22970,9.386392315756542
22971,8.734721003944811
22972,8.429017500512511
22973,8.057694194815587
22974,12.970754132061572
22975,12.168370778346162
22978,15.088006403424163
22979,14.450050393136813
22980,14.204077018143622
22981,14.104263556769668
22982,13.365748675274016
22983,13.200211062392638
22984,12.959307833366486
22987,15.81032855133927
22988,14.779630611594218
22989,13.387608104737174
22990,12.843056799041268
22991,11.841603116875529
22992,12.093418932378205
22993,11.940158587995837
22996,14.250219855721834
22997,13.380503347475122
22998,12.654986694711154
22999,12.340118280909223
23000,12.957545336385747
23001,12.730534866819074
23002,12.362182832839483
23005,15.906851272844076
23006,16.06029544297727
23007,15.434700959900054
23008,15.236091846493078
23009,14.511228431459926
23010,13.943595897727493
23011,12.744059052957006
23014,16.584208094350455
23015,16.53605642865292
23016,16.379261659342113
23017,16.259692777916875
23018,16.07509054601901
23019,15.88241356979167
23020,15.739400605801537
23023,16.196154700173995
23024,16.35278944070955
23025,16.151818103263334
23026,16.063172513496266
23027,15.95749910778545
23028,15.867161621745085
23029,15.84388969965103
23032,18.182723116553998
23033,18.05041788674377
23034,17.671017030561597
23035,17.586678181430024
23036,16.99591391767183
23037,16.79120944659959
23038,16.60899279510906
23041,11.976477074630195
23042,11.66814129161287
23043,11.591588760153195
23044,11.164317892109255
23045,13.734130206043444
23046,13.793057361009888
23047,13.503325388296282
23050,9.915564333761576
23051,9.577272530367564
23052,11.878477887233888
23053,11.355710093770124
23054,10.641369064436244
23055,16.36388585990907
23056,15.511642547053578
23068,11.03944379434466
23069,10.29109414234298
23070,13.101378731799674
23071,12.805851010618001
23072,13.146015448819453
23073,13.042562307200773
23074,12.808151138426918
23077,16.26568686444781
23078,15.969672785835957
23079,15.448411058526041
23080,14.954684007138406
23081,14.018614653940757
23082,12.815824630102243
23083,12.932799659353314
23086,15.947503040362879
23087,15.802887522169756
23088,15.118362438727269
23089,14.879662518180378
23090,16.9550454255412
23091,18.004073689248916
23092,17.314420352968064
23095,17.899783403632927
23096,17.304175415364988
23097,16.787561478682345
23098,16.46448603969715
23099,15.970716823626292
23100,15.489582174505903
23101,15.117994685690078
23104,17.794201627941998
23105,17.377373778211318
23106,17.027287525461865
23107,16.657172640118393
23108,16.323289058069527
23109,15.773340666893523
23110,14.991376746115888
23122,13.015470577286937
23123,12.190385239085465
23124,11.417680283053494
23125,13.10925990060731
23126,15.617646504855808
23127,15.96380244430793
23128,15.717626293282725
23140,16.50962612139402
23141,16.04736519932438
23142,15.575977138959043
23143,15.061796883930661
23144,14.634732965403193
23145,14.56752552388919
23146,13.991264763504667
23149,15.540231672962921
23150,14.85345841152341
23151,14.04785723034687
23152,12.792380439664004
23153,11.831182813170537
23154,11.056540676882484
23155,10.792530409917147
23158,9.976273222261776
23159,9.062768007509048
23160,9.194820560318146
23161,12.070298740352872
23162,14.03705763559226
23163,13.27796956888896
23164,12.036114347719618
23167,14.324051373542819
23168,13.121995309675713
23169,12.84271560998087
23170,11.907639655174249
23171,11.222359237338585
23172,10.600203357973099
23173,10.129506964595802
23176,15.807427136246101
23177,15.514571234746107
23178,14.754113706154087
23179,13.789587438610889
23180,13.200238815167223
23181,12.338591025230318
23182,11.346351265143912
23185,12.620408293806525
23186,13.14483498881117
23187,13.213475667476931
23188,12.628149019443535
23189,12.76075054786454
23190,11.823449658420634
23191,11.548736525705847
23194,16.03871981254471
23195,15.368553130049664
23196,14.53313666974977
23197,13.691335260263777
23198,13.756597782602269
23199,13.670941329081167
23200,12.378512202469677
23203,17.97397037988646
23204,17.373959834283543
23205,16.858751651306978
23206,16.334113555041643
23207,15.789525331791655
23208,15.30921613062713
23209,14.655687122003856
23212,12.440073047377467
23213,18.205284392934928
23214,17.24060439797173
23215,16.692591888088867
23216,16.35025808956581
23217,15.84645423650057
23218,15.459932722409127
23230,15.462855243787676
23231,14.888746233500301
23232,14.201651484302943
23233,12.968144028552741
23234,12.302264254943081
23235,10.598657685547298
23236,9.77684665156873
23239,15.43088720117648
23240,14.659848040754564
23241,13.934104820043064
23242,14.166765138237972
23243,13.54409808161191
23244,12.543294601041932
23245,10.647280317764965
23248,15.717710020433453
23249,15.150220529700999
23250,14.807870822587912
23251,15.02893970976754
23252,14.116096516021079
23253,13.37129318696287
23254,13.29267982707085
23266,8.416930769477844
23267,15.97149071360748
23268,15.209850714688622
23269,14.194385938430068
23270,12.84665994044072
23271,11.378845350396778
23272,10.707146955893503
23275,17.075294479245855
23276,16.30150020443294
23277,15.539804381758897
23278,14.608603068494268
23279,14.15231845253177
23280,13.981786570777262
23281,13.227018844573871
23284,16.08233582203033
23285,15.867210844662385
23286,15.68513575157173
23287,15.304063629112903
23288,15.10498973232481
23289,14.231087700022574
23290,13.60351711253475
23293,16.940783321072626
23294,16.647375640583206
23295,16.06466797513525
23296,15.512742657578809
23297,15.019753525792764
23298,14.261384135102812
23299,12.984084734396541
23302,16.742098519993423
23303,15.998725794467427
23304,15.437976634118236
23305,14.807440717287056
23306,14.123638433183482
23307,13.406346115749505
23308,12.781311470081468
23311,14.740287579208653
23312,14.079150930935773
23313,13.246919865792425
23314,12.443115157232418
23315,11.545344251225728
23316,12.154168638379751
23317,15.775623651703075
23320,16.821586401874328
23321,16.426216545350368
23322,16.165930978463898
23323,15.835460554403891
23324,15.38454680419446
23325,15.404125366593112
23326,14.870387236653965
23329,13.408890282907608
23330,12.672394505373283
23331,12.413481046138248
23332,12.02249229678997
23333,11.842272376648852
23334,11.962509526651267
23335,11.670877481980172
23338,14.095698116574253
23339,13.232977667786704
23340,12.262292285526481
23341,9.410256237171089
23342,7.912789220690681
23343,8.07558263667172
23344,8.192570471152173
23356,13.64831600889099
23357,12.776529456643472
23358,11.962439355913073
23359,10.778643741051727
23360,10.236381967809457
23361,9.724360886638692
23362,9.628721705350893
23365,10.487405632994516
23366,10.90294226967102
23367,10.83168709223442
23368,10.403777874386735
23369,9.504426892100957
23370,8.44741429680832
23371,6.71901315438526
23374,16.8425304782524
23375,16.08674026883317
23376,15.152962828566583
23377,14.261940370409164
23378,13.716220468817061
23379,13.94411307360696
23380,13.153484066062118
23383,16.102148772698833
23384,15.687193035394477
23385,15.310934398267474
23386,15.293344818487174
23387,14.796535291868366
23388,14.518670443669695
23389,14.40075621947217
23392,12.05781042796279
23393,12.251853524434438
23394,15.067772829703367
23395,14.409518386789683
23396,13.965621374234713
23397,13.367030427406991
23398,12.780208223554414
23401,16.64654889133988
23402,16.46312191165958
23403,16.02026725310276
23404,15.998510555066291
23405,15.633187093085727
23406,15.561548026392215
23407,15.219519583789046
23410,16.245380600112153
23411,15.717015813480254
23412,15.25378499008666
23413,14.407477362784023
23414,13.524527041739418
23415,11.636239841184151
23416,10.250829075293785
23419,17.351702885733875
23420,16.877392631972832
23421,16.44243457575626
23422,15.943916058234226
23423,16.25613567690332
23424,14.858666512843756
23425,14.221218969805019
23428,9.728181330636078
23429,8.88599431515281
23430,8.389359819906353
23431,10.984003756934829
23432,10.840012191241092
23433,10.28496729789378
23434,9.713839220355712
23437,13.54441286791396
23438,14.287390550738417
23439,13.919550702315432
23440,11.864954633989067
23441,11.586686948532282
23442,13.237458359034017
23443,12.499805127284672
23446,14.637420278223612
23447,14.292675980237629
23448,13.813112685364272
23449,13.45357896487972
23450,12.804304568293832
23451,12.77042007869853
23452,12.601504252659964
23455,11.681148097384682
23456,11.57949941321987
23457,10.86266534521266
23458,10.629029316531945
23459,10.59805871874709
23460,10.21877263241388
23461,10.04897221927811
23464,13.047876872077502
23465,12.610443822180109
23466,12.50662528574027
23467,12.393858412963288
23468,12.180918926646633
23469,12.109699400872584
23470,12.053725338648011
23473,14.52236141280269
23474,14.345675172151713
23475,12.340857002866466
23476,10.938662935287967
23477,10.219210285143431
23478,10.171642709679686
23479,12.147107895364268
23482,16.703648990511553
23483,16.068866855604295
23484,15.517825146177618
23485,14.938975771575295
23486,14.830426695476493
23487,14.34460115685681
23488,13.320525474417416
23491,16.983203187646943
23492,16.223208535958204
23493,15.611018824994334
23494,14.819541068146062
23495,13.910520692759597
23496,13.374405318761188
23497,12.72566968768325
23500,13.491087043092696
23501,12.491398193558036
23502,11.204115086898927
23503,9.997842731017274
23504,8.902591637374087
23505,8.801017833540714
23506,7.851271997109883
23509,12.854627712761488
23510,11.682887624773327
23511,10.695302904892774
23512,10.311649022192036
23513,10.554222933839034
23514,11.683233480622372
23515,13.49028444595612
23518,16.013257221212147
23519,15.564836839563938
23520,15.419712788102958
23521,15.169694865165932
23522,14.994508572391567
23523,14.997837266850283
23524,14.513197418566252
23527,15.43201027704372
23528,14.686467884189073
23529,13.586279766942553
23530,12.544079418433814
23531,11.688490917267176
23532,11.890402536538224
23533,11.480949644091078
23536,15.109631788591287
23537,14.883885264071594
23538,14.622547427153714
23539,14.396986239325491
23540,14.217621380073195
23541,13.736377519749322
23542,15.3646987657917
23545,16.735386585870792
23546,16.211630892855542
23547,15.417304731315909
23548,14.533231319640382
23549,13.786079687539106
23550,13.36320538301029
23551,13.828762363640022
23554,13.316904964561395
23555,13.326286595856045
23556,13.447726998333698
23557,13.519839323642982
23558,13.459364045809442
23559,13.372384080294426
23560,13.20069015216824
23563,12.16001300009913
23564,12.966577027264103
23565,13.368523210221461
23566,12.925343122081825
23567,12.507716792998009
23568,12.244403539835137
23569,11.748345352759198
23581,15.658380038117825
23582,15.000541798172705
23583,14.746776992135812
23584,13.887461849009421
23585,13.442141322273786
23586,13.077813610031182
23587,12.626432934255018
23590,13.182997410941178
23591,12.080594452953246
23592,11.062426379382472
23593,11.1584053405965
23594,10.994168470877957
23595,10.347981047611771
23596,16.036962273720913
23599,15.724441913171825
23600,14.951999708503932
23601,13.97983954831307
23602,12.575506349228835
23603,13.123067129712572
23604,11.921837957348302
23605,11.657735513753895
23608,16.448851796097546
23609,16.04438850615489
23610,15.299250544473443
23611,14.788176330254858
23612,13.99574577319379
23613,13.201970913481363
23614,12.863667775158564
23617,16.221343155780286
23618,15.871196788274675
23619,15.830750588378999
23620,15.108206897699725
23621,14.794351210019132
23622,14.223008930921111
23623,13.613156891545085
23626,14.551409230366698
23627,14.389668100215548
23628,14.110496144706978
23629,13.964560537021082
23630,13.732036553452536
23631,13.23524374794757
23632,12.742627417668396
23635,11.511975013434233
23636,11.021739056456585
23637,14.075298429456737
23638,13.452242498555899
23639,14.492596951802605
23640,16.51313627915575
23641,15.789942911152556
23644,12.450539236355363
23645,11.781699909494382
23646,15.959714267645857
23647,15.378076126036337
23648,14.390815763630954
23649,13.712469572337751
23650,12.695354867731252
23653,14.947845137797415
23654,14.020401336337331
23655,12.630339880600934
23656,11.539820528432873
23657,10.954221760959774
23658,11.423153918578997
23659,10.576304466622823
23671,16.438943024119542
23672,15.860525237603303
23673,15.429073152190824
23674,14.786045505970506
23675,13.54317807548364
23676,13.510204762678942
23677,13.057043751283674
23680,16.197249656160462
23681,15.802323109735589
23682,15.536786044551494
23683,14.871820938134999
23684,14.4514633828619
23685,13.86124080727037
23686,13.453238551079762
23689,12.502433200775199
23690,12.543180394456371
23691,12.252598342967106
23692,11.90413612612583
23693,11.36914746903676
23694,10.950613545737037
23695,11.2242028513432
23707,7.1284959456800365
23708,11.470602344323707
23709,10.588703362769794
23710,13.772580092179915
23711,14.007355786948768
23712,13.7103811267155
23713,12.917140782192153
23716,12.849031184506831
23717,12.263610154171275
23718,11.87154351984555
23719,11.645268651957942
23720,18.365320665079526
23721,17.598985277301086
23722,16.704182538724112
23725,10.42602433223013
23726,12.404628378762876
23727,11.884875153740575
23728,11.711054751969696
23729,15.958882310798675
23730,15.40906113234424
23731,14.959546397733316
23734,16.24000845846702
23735,15.482051982731264
23736,14.524053119141035
23737,12.678043089327488
23738,11.698666169809838
23739,11.610442299229893
23740,12.261389086200882
23752,14.768175262560707
23753,12.739159636119329
23754,10.901966381397214
23755,9.669283053862493
23756,8.48528964240323
23757,9.863550582932428
23758,9.098402718735318
23761,15.078012802510488
23762,14.557819738316121
23763,13.922311735370434
23764,12.995043510392076
23765,12.318110319268822
23766,11.714534810671466
23767,10.8104549569494
23770,14.91568096546787
23771,14.17332415339328
23772,13.383044688037591
23773,12.363255865413429
23774,17.147875769512034
23775,16.59905461329899
23776,16.079316568271945
23788,13.950372689762531
23789,13.022238023232894
23790,12.144229156196435
23791,11.455497603067705
23792,10.744235437161638
23793,9.933822752332201
23794,9.899931236333352
23797,16.970901983246844
23798,16.477937953516633
23799,16.17355448243716
23800,15.720217687537588
23801,14.855794336732258
23802,13.774260346772346
23803,13.162572063889654
23806,10.852516492998056
23807,10.801349512941849
23808,13.314227591204684
23809,12.407350883673617
23810,18.51294643946853
23811,17.55108402848318
23812,16.867243177834574
23824,16.21261633737656
23825,16.17168134578703
23826,15.685225326975894
23827,15.08432374411326
23828,14.296064585511441
23829,13.560971794239077
23830,13.416327675290168
23833,15.974785747004523
23834,15.368488165764656
23835,14.90183398020179
23836,14.759341745909403
23837,14.318418721195359
23838,13.764410929032884
23839,13.7771989514483
23842,15.233090627422925
23843,14.860981881439654
23844,14.338820922015321
23845,14.079717738602698
23846,13.719245222143641
23847,13.197838129374542
23848,12.844475848093882
23851,13.986388552923724
23852,12.353940774254749
23853,12.190552833872136
23854,14.831045901423552
23855,15.014384083036742
23856,14.79342494186972
23857,14.58592012314073
23860,10.136779434902152
23861,12.302949778839551
23862,14.282415014732337
23863,15.673611609337993
23864,15.315934622775979
23865,15.03625345492115
23866,14.753359238401535
23869,15.956326440351091
23870,15.750191465852001
23871,15.006531852401169
23872,13.730246744005571
23873,11.47947208871101
23874,7.942717540573791
23875,10.024819837703653
23878,6.455198563340122
23879,12.247982048607383
23880,11.639135118964015
23881,11.382714268674379
23882,10.93743686787837
23883,10.21782372723319
23884,9.321971188147367
23887,14.361231399556177
23888,16.07148275481969
23889,15.818701391161996
23890,15.580735239672512
23891,15.55122599220156
23892,15.202201840300516
23893,14.92651540733443
23896,13.820895035611114
23897,13.954774985294996
23898,13.953573666834247
23899,13.748319989923719
23900,13.405775345925173
23901,12.750679213699081
23902,12.048108035240935
23905,14.204716871975124
23906,15.407123749754561
23907,14.893033692114845
23908,14.710353726376265
23909,14.512893256042553
23910,14.201128677792324
23911,13.551724683487944
23914,12.31387717215861
23915,11.88444764123622
23916,11.127336510866854
23917,11.744092739946018
23918,11.219708101019771
23919,11.017612232834747
23920,10.848249116385977
23923,14.520072343339473
23924,14.362999974901838
23925,14.255380957516602
23926,13.851186534416744
23927,13.538321243482896
23928,13.16267388113547
23929,12.810159077845745
23932,16.340175116333842
23933,15.852346092844856
23934,15.561973802102761
23935,15.303060797231483
23936,15.244901524714036
23937,14.88783978661742
23938,14.856708046987228
23941,13.447588313899791
23942,11.885440292938371
23943,16.836518103597918
23944,16.259708227678978
23945,15.579778747818295
23946,15.030895594341942
23947,14.490256978153276
23950,15.36422856904299
23951,14.326907418543446
23952,13.067184649750748
23953,12.602961078887478
23954,12.542448448930424
23955,12.28231120351597
23956,12.440270868184115
23959,15.685796509053164
23960,14.986569081722676
23961,14.333548113122406
23962,13.927432003573795
23963,12.98953573708805
23964,12.302518543798426
23965,11.87358147394318
23968,16.436798369258792
23969,12.982087002731562
23970,12.747512824713757
23971,11.616104603153248
23972,10.84838517741928
23973,12.328476101696141
23974,12.437945981153376
23977,14.396756434024365
23978,13.894501943962025
23979,13.241647508075868
23980,12.640918546509647
23981,12.340625391395857
23982,11.983710039199035
23983,11.655552863219985
23986,15.798132506248031
23987,14.871725653805095
23988,14.187076183360134
23989,13.202641134374693
23990,12.067597624716122
23991,11.961009352413578
23992,11.032839176116262
23995,16.295969916529764
23996,16.008583752444682
23997,15.31529274351358
23998,14.816185084421644
23999,14.16113153126343
24000,13.399376741031263
24001,13.0338949394167
24004,16.217971302210575
24005,15.999989700670618
24006,15.610586521540144
24007,15.195665360506206
24008,14.828013608048053
24009,14.092079608899986
24010,13.496458898121983
24013,16.5860738554154
24014,16.050698434308227
24015,15.4867413507115
24016,14.889383332942172
24017,14.138222844912157
24018,14.300367084780277
24019,13.35949661513179
24022,17.569077170606196
24023,16.920718792103518
24024,16.41016710098213
24025,15.917045972580103
24026,15.491719996523528
24027,14.961478967179582
24028,14.214726849488299
24031,15.950137248432075
24032,15.721897125149063
24033,15.655385519377347
24034,15.47707079104867
24035,15.413667883146365
24036,15.297281675922855
24037,15.054557895753694
24040,13.623393178380166
24041,13.396154414616671
24042,12.667666007415939
24043,11.825763457303127
24044,11.250521199702716
24045,10.734111457653192
24046,8.0925452638913
24049,11.463462074234638
24050,10.165659490817816
24051,15.132246619915964
24052,14.176919976569462
24053,13.57422849394681
24054,12.565560130564542
24055,12.10658927004522
24058,14.167179593223292
24059,13.755149963789474
24060,16.892904842796373
24061,16.509311857247553
24062,16.327307322763787
24063,16.212556470158027
24064,16.258970365277413
24067,16.39962870689804
24068,15.613976322971126
24069,15.002082135322839
24070,14.421151329935755
24071,13.771775992691417
24072,13.016042400651378
24073,12.441302857979531
24076,15.804405481045228
24077,15.498571167682433
24078,12.414297463897016
24079,11.23617014420737
24080,8.990566138131577
24081,9.149421957006766
24082,8.915163617762142
24085,12.480829040170732
24086,12.72341002174164
24087,11.70905130274058
24088,11.025148827357654
24089,9.732817848482622
24090,9.60008251961911
24091,8.961879012677683
24103,13.21166645976342
24104,12.256913087395498
24105,11.629721346883976
24106,10.24899031947161
24107,10.00915302169091
24108,9.201198714058899
24109,7.140453043101158
24112,17.28125261699505
24113,17.011197138617355
24114,16.684197444921253
24115,16.28596054528801
24116,15.95661559341087
24117,13.885612947042212
24118,15.2795358027044
24121,14.083130984577469
24122,12.91971584038894
24123,12.004812887715968
24124,11.097758445150307
24125,10.505560568696678
24126,9.869827351043494
24127,10.055478759522249
24130,15.0013507557328
24131,14.545837427897125
24132,14.243187806459693
24133,13.880843138753017
24134,13.687580590880096
24135,13.40644698313382
24136,12.915469580774912
24139,13.686982627122072
24140,14.26848628181009
24141,14.410404682704957
24142,14.326860044490205
24143,14.563766943057123
24144,14.347749276233582
24145,14.354567890180022
24148,12.032605770079664
24149,11.52915308207488
24150,10.96306444421219
24151,10.360279287809632
24152,9.476313501265748
24153,8.929435283803425
24154,8.17526610411206
24157,12.190390318128067
24158,11.700126763103468
24159,11.415797634238878
24160,10.857459351377972
24161,10.958513613041315
24162,10.253193267718052
24163,10.071372061532314
24166,13.044652615297654
24167,12.627673535547741
24168,11.544850397754603
24169,15.772775708569412
24170,15.165181390325769
24171,17.04355732092909
24172,16.498635216016584
24175,17.31168463959011
24176,16.78986903057495
24177,16.41596248222843
24178,15.968821212916177
24179,15.525629112510519
24180,15.19655239871933
24181,14.8315173856879
24184,11.643944955408335
24185,11.579387135669649
24186,11.442857015256344
24187,11.526068712836368
24188,11.46956901142031
24189,11.631668040121312
24190,11.395829693093981
24193,15.723869102985498
24194,15.297258043216917
24195,14.507482047670498
24196,13.248178072757845
24197,12.262462430717454
24198,12.740695847316227
24199,12.567526651538174
24202,14.201399973024735
24203,13.813112685364272
24204,13.482591202379938
24205,13.063873724918109
24206,12.632780519906989
24207,11.927733458748014
24208,11.367055405974192
24211,16.307626657106304
24212,16.242958101650114
24213,16.056255991282256
24214,15.828266341508977
24215,15.618365246964448
24216,15.570825589949486
24217,15.24661240098807
24220,15.426814927483159
24221,14.626944202994606
24222,14.067706375485319
24223,13.519901147029714
24224,12.557331448622293
24225,11.563456969269376
24226,12.312007995938842
24229,14.978838539574104
24230,14.255031783579984
24231,13.303787865285589
24232,12.02234810501466
24233,9.73890767721833
24234,9.536040511615484
24235,10.973168675291133
24238,15.29367509795496
24239,14.940669674062775
24240,14.183064015722445
24241,13.437632406374439
24242,12.59610257513793
24243,11.735660933029791
24244,12.021374266330406
24247,16.378319395377247
24248,16.032105752082238
24249,15.675842432517994
24250,15.422553604996102
24251,15.047210390770738
24252,15.03885236617358
24253,14.395601016231923
24265,13.306551524367764
24266,12.896440968639682
24267,12.32167107444776
24268,12.141795423584329
24269,11.47233261086197
24270,10.498056719734977
24271,13.419022039450367
24274,14.149256223724304
24275,14.09187710060271
24276,13.663547483582429
24277,15.740012024993392
24278,15.27902217739387
24279,15.078181423597803
24280,15.645233219228027
24283,14.49580651414507
24284,13.28248022421009
24285,12.575903667508456
24286,11.931102763052708
24287,11.482167243713192
24288,10.981233648522853
24289,9.485393028027822
24301,14.087215675892914
24302,16.755690638778972
24303,16.374959353496145
24304,16.130096057188037
24305,15.935993150169846
24306,15.522360258458026
24307,15.109340610942898
24310,15.608533561929331
24311,15.28387257516512
24312,15.556425228706683
24313,15.956777882131085
24314,15.408727011058765
24315,15.0945860110177
24316,14.94160635778769
24319,13.292349160437162
24320,11.54262988767656
24321,10.998760939938723
24322,9.835797403566177
24323,9.079662048334066
24324,8.097730573664219
24325,7.418780882750794
24337,12.470266005413048
24338,11.191976122402302
24339,10.58025125384555
24340,10.01207286294957
24341,9.378816521948083
24342,10.925272791090912
24343,10.24320451932223
24355,16.09518458547008
24356,15.431409751292508
24357,14.229313476390795
24358,13.113310523698038
24359,12.452061250089065
24360,11.990022625528141
24361,11.563723136557087
24364,17.744964163970003
24365,17.33825971649958
24366,17.352539268701616
24367,17.39265952896544
24368,16.406885734339212
24369,15.77054962564144
24370,15.51460908505691
24373,8.624072553043334
24374,8.776012719182917
24375,9.500020447090638
24376,7.297091005160418
24377,6.895682697747868
24378,11.468639143258756
24379,14.46014111193997
24382,15.671114713932475
24383,15.332800286212683
24384,14.43088698966325
24385,12.48113289687425
24386,12.471639468635612
24387,12.055104396394215
24388,11.596282673611595
24400,12.581349986973468
24401,12.544168563267485
24402,12.565668319979883
24403,12.55142321004322
24404,12.523420310637704
24405,12.42747468128608
24406,12.303993052090306
24409,9.826174449433458
24410,9.483796737163981
24411,8.85879510585745
24412,11.413259813856401
24413,11.359599445017526
24414,11.361043875475891
24415,11.330275854372509
24418,17.0050781415979
24419,16.50795271817951
24420,15.842917082880094
24421,15.10244856454403
24422,13.882629808652808
24423,12.86602233684913
24424,12.294147623362509
24427,14.68762868829853
24428,14.436137044439425
24429,16.218447192625433
24430,16.0420476288934
24431,15.772998284616913
24432,15.429114580099299
24433,15.338922062712632
24445,15.455940613847481
24446,14.781037449775058
24447,14.433493362418433
24448,13.742052374652049
24449,12.157711889152019
24450,11.919736333802748
24451,11.658608970666279
24454,7.227662498728654
24455,6.486160788944089
24456,7.066466970136958
24457,5.8289456176102075
24458,6.1903154058531475
24459,5.6937321388027
24460,5.8971538676367405
24472,16.074029232314796
24473,15.755937990072283
24474,15.477416814144942
24475,14.889374107466946
24476,14.751215998766751
24477,13.813533605080053
24478,12.8779885287307
24481,12.938661668638646
24482,12.48982199495424
24483,12.534361489343366
24484,13.223568872909022
24485,13.081122545183808
24486,12.701079814633143
24487,12.08215772322454
24490,12.47981805224308
24491,16.134561245962253
24492,15.553888589237431
24493,15.305148201494411
24494,14.91533710911721
24495,14.260339317727475
24496,13.516561247918156
24499,15.710546422579467
24500,15.653394737431611
24501,15.63193174499652
24502,15.600958987744152
24503,15.383404757168481
24504,15.025443266724054
24505,15.034237680052541
24517,13.354325530298743
24518,12.618526607935898
24519,11.963931018181603
24520,11.295192251348293
24521,9.93066488054092
24522,9.369052063131004
24523,8.524962928680598
24526,12.28588609615709
24527,12.047604324758378
24528,11.594588397831304
24529,11.055861752714337
24530,10.392190259214349
24531,10.024022354164865
24532,8.86488793377419
24535,12.284708209795477
24536,12.705459090658977
24537,13.366411693536008
24538,14.213842955330259
24539,13.679882110914471
24540,13.115884434306619
24541,12.84504871053413
24544,14.894363578396186
24545,15.340402052898371
24546,15.237789632803675
24547,14.96758146168683
24548,14.622392591334034
24549,13.991705049236248
24550,13.583931527828963
24553,15.598602741218276
24554,14.957018848910883
24555,14.491576175771748
24556,13.564146271297602
24557,13.282907858962016
24558,12.703311384187574
24559,12.932519196491045
24562,11.22535005349663
24563,10.823032982130778
24564,10.445462945294334
24565,10.240887929730164
24566,10.537229679803534
24567,10.362493427572323
24568,10.234013573979798
24571,17.899441553389337
24572,17.43515560249471
24573,17.152052647226917
24574,16.533503631145962
24575,16.176572179037215
24576,15.830470510219232
24577,15.472284816381327
24580,15.09817790005249
24581,14.857734489164084
24582,14.453300407642518
24583,14.21904179735314
24584,13.923832085496413
24585,14.138757148596143
24586,13.800784662231433
24589,17.493617344699025
24590,16.682815704224844
24591,16.373813492192554
24592,15.959717196673925
24593,15.774670679998946
24594,15.568295457076697
24595,15.27279306535249
24607,12.708770326884
24608,12.308024357813839
24609,11.733088579191058
24610,11.41467296077178
24611,10.62677589000806
24612,9.422625179955517
24613,8.186185994226083
24616,15.719022470882964
24617,15.598826984808941
24618,15.225232829837179
24619,15.190248651905272
24620,14.98142317546567
24621,14.859804630902671
24622,14.983262640659024
24625,16.521204652292187
24626,15.98071996420921
24627,15.717772102350562
24628,15.05730906440636
24629,14.100049445782744
24630,13.049353878630829
24631,12.260953746037188
24634,17.114167333173626
24635,16.460560396578355
24636,15.90965337932123
24637,15.254021587031106
24638,14.819691280733794
24639,13.876136120956737
24640,13.420819203979505
24643,9.01042494678118
24644,12.620632933475532
24645,11.26478456713898
24646,15.038102053716706
24647,14.482049354515093
24648,13.827092230722693
24649,13.434040746207282
24661,14.539998931944957
24662,13.559106197930626
24663,12.680102533507148
24664,11.91402104056045
24665,12.806748114022001
24666,12.2765404287998
24667,11.945545193090133
24670,16.771465031220753
24671,16.148232829597305
24672,15.658502444726922
24673,15.14134048756158
24674,14.510574899595946
24675,14.279860736530667
24676,13.522900362236156
24679,14.215642804945443
24680,13.335233537687051
24681,12.997754347567955
24682,12.58785621307567
24683,18.360646537806293
24684,17.287506916899734
24685,16.4878396910054
24688,15.48802974276453
24689,14.654245720005134
24690,13.437245647532725
24691,12.58852156839141
24692,12.602944268520188
24693,12.109099083071655
24694,11.851816203228662
24697,12.803611601874971
24698,12.259362196071885
24699,13.44706084847448
24700,12.239608963849605
24701,11.482960980450756
24702,10.938627418248664
24703,10.545446696326641
24706,13.094889400403574
24707,13.267249559712392
24708,12.635895350767703
24709,12.216077430346242
24710,11.981947362475019
24711,11.904507987702953
24712,10.91401516115817
24715,14.813415561957395
24716,14.561272484410019
24717,14.265295535887834
24718,14.346127632493399
24719,12.777063491487102
24720,12.563313429351322
24721,12.181759460947891
24724,13.674870530184942
24725,13.549143693771294
24726,13.099164348861782
24727,12.936465031520022
24728,12.650418665475947
24729,12.480806247195527
24730,12.559721515522003
24733,15.25329405679316
24734,14.139225334572213
24735,13.131231935233178
24736,13.128168495056656
24737,12.873740466595548
24738,12.366966254910508
24739,11.782280620729125
24742,15.117130899254878
24743,14.945678036642107
24744,14.719866755755376
24745,14.71809660822185
24746,14.474401641246052
24747,14.124072618327284
24748,15.013398788759527
24751,16.686743441564822
24752,15.8566278945074
24753,15.103522902744848
24754,13.873469040552738
24755,12.592443275545314
24756,13.117218163463646
24757,12.93312354443012
24760,16.551512121200822
24761,15.889254775672086
24762,15.904918643237139
24763,15.32217083844494
24764,15.144203877887415
24765,14.819919853670434
24766,13.78539355996046
24769,15.070784656645762
24770,14.306644364294446
24771,13.679111056244244
24772,13.3314647978581
24773,12.55844635239709
24774,11.639690265761725
24775,11.364309440641446
24778,12.900686250364284
24779,12.588473814039787
24780,12.726451491609202
24781,12.142093967651117
24782,12.0536962241085
24783,11.603835067330033
24784,17.77423280023896
24796,15.332765196723516
24797,15.067520671707037
24798,14.40846330012499
24799,13.402126175011562
24800,12.200909338573293
24801,11.266615635624179
24802,10.302028745571468
24805,9.926080401188763
24806,9.546598299920646
24807,8.583542571957771
24808,8.826441041782578
24809,8.59062950948942
24810,8.97259066827261
24811,9.792555991828847
24823,14.407990083041648
24824,13.611396050493981
24825,12.202375820685884
24826,11.235206924604611
24827,10.694781794235597
24828,10.8865954574476
24829,9.293393927111468
24832,15.281373668303289
24833,14.633054852859088
24834,13.455684941579944
24835,12.718779498674037
24836,12.040962125466573
24837,11.012677038242007
24838,10.932303075252127
24841,12.201145527193617
24842,10.718077729583944
24843,15.495980488079503
24844,15.29263302392589
24845,14.902418281342655
24846,14.334588239650781
24847,12.341529682910178
24850,13.036740127429534
24851,12.400170422981272
24852,11.553769859239607
24853,10.74980636238115
24854,9.592877975440642
24855,9.734477009801846
24856,8.704833909687792
24859,16.11651380049231
24860,15.529908125722432
24861,15.110106484070174
24862,14.434247720759315
24863,13.338195464990818
24864,12.356124938431268
24865,12.726047289086349
24868,16.155711326727957
24869,15.614372081130817
24870,14.77790747440251
24871,13.665566351841592
24872,13.06581630606823
24873,12.512766591538318
24874,11.739813995089307
24877,15.749047907213532
24878,15.025267899548583
24879,14.265865535558971
24880,13.265011585287558
24881,12.716474179382748
24882,13.868698656076896
24883,13.17945801143261
24886,11.008363516700205
24887,12.382476728560091
24888,11.950476922715682
24889,11.649770112698072
24890,11.223014243143432
24891,16.750460022190847
24892,16.292569242878216
24895,12.622899629047708
24896,12.28902956430112
24897,11.729906064249025
24898,11.009009249505173
24899,9.310547632393208
24900,15.21828069501272
24901,15.120076562335495
